unnamed:_0,manufacturing_year,kilometers_driven,owner_type,fuel_type,city,transmission,category,selling_price,brand,model,seller_type
0,2022.0,3878,1,Petrol,Hr-98,Manual,Hatchback,514000,Maruti,S Presso,Unknown
1,2018.0,32041,1,Petrol,Tn-22,Manual,Sedan,674000,Hyundai,Xcent,Unknown
2,2021.0,96339,1,Diesel,Ts-08,Automatic,Suv,1952000,Tata,Safari,Unknown
3,2019.0,51718,1,Diesel,Wb-24,Manual,Suv,690000,Maruti,Vitara Brezza,Unknown
4,2021.0,19811,1,Petrol,Hr-51,Manual,Hatchback,526000,Tata,Tiago,Unknown
5,2017.0,70129,1,Petrol,Mh-14,Manual,Hatchback,552000,Maruti,Swift,Unknown
6,2012.0,103781,1,Petrol,Unknown,Manual,Hatchback,278000,Hyundai,I20,Unknown
7,2021.0,31945,2,Petrol,Up-32,Automatic,Hatchback,518000,Renault,Kwid,Unknown
8,2015.0,39950,1,Petrol,Hr-26,Manual,Hatchback,443000,Hyundai,Grand I10,Unknown
9,2018.0,56697,1,Diesel,Ka-04,Automatic,Hatchback,710350,Maruti,Swift,Unknown
10,2018.0,38184,2,Cng,Pb-10,Automatic,Hatchback,548000,Maruti,Ignis,Unknown
11,2019.0,30347,1,Petrol,Mh-48,Automatic,Hatchback,481000,Maruti,S Presso,Unknown
12,2012.0,42375,2,Petrol,Gj-05,Manual,Hatchback,312000,Honda,Brio,Unknown
13,2019.0,47231,1,Petrol,Gj-27,Manual,Hatchback,613000,Hyundai,Elite I20,Unknown
14,2014.0,111577,1,Petrol,Unknown,Manual,Sedan,503000,Honda,City,Unknown
15,2018.0,60042,1,Petrol,Mh-47,Manual,Hatchback,614000,Maruti,Baleno,Unknown
16,2017.0,93518,1,Diesel,Ka-01,Manual,Suv,693000,Honda,Wr-V,Unknown
17,2019.0,33245,1,Petrol,Mh-01,Manual,Sedan,439000,Honda,Amaze,Unknown
18,2016.0,43717,1,Petrol,Gj-01,Manual,Hatchback,294000,Maruti,Alto 800,Unknown
19,2021.0,1863,1,Petrol,Pb-91,Automatic,Hatchback,716000,Maruti,Celerio,Unknown
20,2019.0,50078,1,Petrol,Tn-19,Manual,Suv,836000,Ford,Ecosport,Unknown
21,2018.0,63856,1,Petrol,Up-16,Manual,Sedan,794000,Maruti,Ciaz,Unknown
22,2018.0,72337,1,Petrol,Ka-19,Manual,Hatchback,324000,Renault,Kwid,Unknown
23,2021.0,14567,1,Petrol,Wb-02,Manual,Hatchback,678000,Maruti,Swift,Unknown
24,2018.0,36778,1,Cng,Dl-8C,Manual,Hatchback,587000,Hyundai,Elite I20,Unknown
25,2015.0,50419,1,Petrol,Dl-12,Manual,Hatchback,474000,Hyundai,Elite I20,Unknown
26,2010.0,45257,1,Diesel,Hr-51,Manual,Sedan,608000,Honda,City,Unknown
27,2016.0,40368,1,Petrol,Hr-26,Manual,Hatchback,477000,Maruti,Swift,Unknown
28,2016.0,37488,1,Petrol,Ch-01,Manual,Hatchback,205000,Datsun,Redi Go,Unknown
29,2019.0,43253,1,Petrol,Ka-53,Manual,Hatchback,574000,Tata,Tiago Nrg,Unknown
30,2022.0,6587,1,Petrol,Ka-02,Manual,Hatchback,572000,Renault,Kwid,Unknown
31,2019.0,37566,2,Petrol,Ts-13,Manual,Sedan,635000,Honda,Amaze,Unknown
32,2011.0,33952,2,Petrol,Kl-22,Manual,Hatchback,169000,Hyundai,Santro Xing,Unknown
33,2018.0,31679,1,Petrol,Kl-09,Manual,Suv,611000,Ford,Freestyle,Unknown
34,2018.0,98221,2,Cng,Hr-10,Manual,Hatchback,558000,Maruti,Swift,Unknown
35,2016.0,45836,1,Petrol,Up-16,Manual,Hatchback,520000,Maruti,Baleno,Unknown
36,2018.0,75883,1,Cng,Mh-05,Manual,Sedan,483000,Honda,Amaze,Unknown
37,2021.0,27480,1,Petrol,Gj-01,Manual,Sedan,707000,Maruti,Dzire,Unknown
38,2017.0,61250,1,Diesel,Ts-07,Manual,Sedan,796000,Maruti,Ciaz,Unknown
39,2021.0,16516,1,Cng,Dl-11,Manual,Hatchback,483000,Maruti,Alto,Unknown
40,2019.0,57656,1,Cng,Mh-46,Manual,Hatchback,482000,Hyundai,New Santro,Unknown
41,2017.0,33669,2,Petrol,Mh-12,Automatic,Hatchback,675000,Maruti,Baleno,Unknown
42,2018.0,124206,2,Petrol,Unknown,Manual,Hatchback,373000,Maruti,Celerio,Unknown
43,2018.0,36722,1,Petrol,Mh-04,Manual,Hatchback,324000,Maruti,Alto 800,Unknown
44,2010.0,87722,1,Diesel,Ka-05,Manual,Sedan,448000,Honda,City,Unknown
45,2015.0,62663,2,Petrol,Up-16,Automatic,Hatchback,377000,Maruti,Celerio,Unknown
46,2017.0,38022,1,Petrol,Mh-04,Manual,Suv,581000,Honda,Wr-V,Unknown
47,2019.0,28956,1,Petrol,Up-14,Manual,Hatchback,572000,Maruti,Swift,Unknown
48,2015.0,119106,2,Petrol,Unknown,Manual,Hatchback,490000,Maruti,Swift,Unknown
49,2017.0,71686,1,Petrol,Hr-16,Manual,Hatchback,417000,Hyundai,Grand I10,Unknown
50,2017.0,45785,1,Petrol,Dl-9C,Manual,Hatchback,347000,Maruti,Alto K10,Unknown
51,2019.0,94389,1,Diesel,Gj-02,Manual,Lux_Suv,2192000,Ford,Endeavour,Unknown
52,2017.0,30052,1,Petrol,Dl-9C,Manual,Sedan,570000,Maruti,Ciaz,Unknown
53,2019.0,99520,1,Petrol,Hr-26,Automatic,Sedan,326000,Honda,Amaze,Unknown
54,2013.0,69372,1,Petrol,Mh-48,Automatic,Sedan,708000,Maruti,Swift Dzire,Unknown
55,2014.0,21799,1,Petrol,Mh-04,Manual,Hatchback,351000,Maruti,Wagon R 1.0,Unknown
56,2014.0,69045,1,Petrol,Up-14,Manual,Hatchback,401000,Maruti,Swift,Unknown
57,2020.0,26533,1,Cng,Rj-02,Manual,Hatchback,406000,Maruti,Alto,Unknown
58,2020.0,44937,1,Cng,Hr-51,Manual,Hatchback,628000,Hyundai,Grand I10 Nios,Unknown
59,2017.0,75370,1,Petrol,Tn-22,Manual,Hatchback,468000,Hyundai,Grand I10,Unknown
60,2017.0,4756,1,Petrol,Mh-47,Manual,Sedan,940000,Honda,City,Unknown
61,2012.0,39085,1,Petrol,Dl-12,Manual,Hatchback,208000,Maruti,Alto K10,Unknown
62,2018.0,32891,1,Petrol,Mh-12,Automatic,Hatchback,595000,Maruti,Celerio X,Unknown
63,2017.0,35775,1,Petrol,Gj-01,Manual,Hatchback,515000,Hyundai,Grand I10,Unknown
64,2021.0,37618,1,Petrol,Br-01,Automatic,Suv,1010000,Toyota,Urban Cruiser,Unknown
65,2015.0,67486,3,Petrol,Mh-02,Automatic,Suv,505000,Ford,Ecosport,Unknown
66,2018.0,15290,2,Petrol,Hr-51,Manual,Hatchback,469000,Hyundai,Grand I10,Unknown
67,2017.0,97313,2,Petrol,Dl-14,Manual,Sedan,401000,Honda,Amaze,Unknown
68,2018.0,105290,1,Diesel,Ts-07,Manual,Lux_Suv,1222000,Mahindra,Xuv500,Unknown
69,2014.0,65354,1,Petrol,Tn-02,Manual,Hatchback,523000,Hyundai,Elite I20,Unknown
70,2017.0,28991,1,Petrol,Mh-12,Manual,Sedan,714000,Hyundai,Verna,Unknown
71,2019.0,72139,1,Cng,Dl-8C,Manual,Suv,772000,Honda,Wr-V,Unknown
72,2022.0,8502,1,Cng,Mh-12,Manual,Hatchback,528000,Maruti,Alto,Unknown
73,2018.0,48617,1,Petrol,Kl-27,Manual,Hatchback,365000,Maruti,Alto K10,Unknown
74,2015.0,106877,1,Petrol,Unknown,Manual,Sedan,224000,Maruti,Swift Dzire,Unknown
75,2019.0,50050,1,Petrol,Up-78,Automatic,Suv,897000,Hyundai,Venue,Unknown
76,2017.0,69430,1,Petrol,Tn-14,Manual,Suv,707000,Tata,Nexon,Unknown
77,2016.0,68815,1,Petrol,Mh-01,Automatic,Hatchback,584000,Maruti,Baleno,Unknown
78,2016.0,64759,1,Petrol,Mh-12,Manual,Hatchback,545000,Maruti,Baleno,Unknown
79,2016.0,40417,1,Petrol,Dl-9C,Automatic,Hatchback,401000,Maruti,Wagon R 1.0,Unknown
80,2018.0,68101,1,Petrol,Ts-07,Manual,Hatchback,691000,Maruti,Baleno,Unknown
81,2019.0,64853,2,Petrol,Kl-45,Manual,Sedan,338000,Honda,City,Unknown
82,2017.0,51642,1,Diesel,Up-14,Manual,Suv,507000,Mahindra,Kuv 100 Nxt,Unknown
83,2018.0,24502,2,Petrol,Wb-90,Manual,Hatchback,293000,Maruti,Alto K10,Unknown
84,2016.0,60350,1,Petrol,Ts-07,Manual,Hatchback,629000,Hyundai,Elite I20,Unknown
85,2014.0,71000,2,Petrol,Pb-10,Manual,Hatchback,234000,Maruti,Alto 800,Unknown
86,2021.0,66161,2,Petrol,Ka-01,Manual,Sedan,662000,Toyota,Yaris,Unknown
87,2015.0,64154,1,Petrol,Up-32,Manual,Hatchback,325000,Maruti,Wagon R 1.0,Unknown
88,2020.0,21270,1,Diesel,Gj-01,Automatic,Suv,1064000,Mahindra,Xuv 3Oo,Unknown
89,2010.0,90382,2,Petrol,Ap-23,Manual,Hatchback,205000,Hyundai,Santro Xing,Unknown
90,2018.0,49423,1,Petrol,Ka-02,Manual,Sedan,810000,Honda,City,Unknown
91,2016.0,47227,1,Petrol,Kl-41,Manual,Hatchback,588000,Hyundai,Elite I20,Unknown
92,2021.0,24236,1,Petrol,Pb-70,Manual,Suv,677000,Renault,Triber,Unknown
93,2018.0,86933,2,Petrol,Up-14,Manual,Lux_Suv,1221000,Hyundai,Tucson New,Unknown
94,2017.0,58157,1,Diesel,Tn-09,Manual,Suv,817000,Mahindra,Tuv300,Unknown
95,2020.0,35636,1,Petrol,Mh-01,Automatic,Hatchback,809000,Toyota,Glanza,Unknown
96,2017.0,45639,2,Petrol,Mh-03,Manual,Sedan,428000,Maruti,Ciaz,Unknown
97,2016.0,53355,1,Petrol,Dl-1C,Manual,Sedan,678000,Honda,City,Unknown
98,2017.0,88993,1,Petrol,Mp-09,Automatic,Hatchback,619000,Maruti,Baleno,Unknown
99,2022.0,2075,1,Cng,Kl-01,Manual,Suv,552000,Maruti,Eeco,Unknown
100,2014.0,59943,1,Petrol,Dl-1C,Manual,Suv,446000,Renault,Duster,Unknown
101,2020.0,20743,1,Petrol,Ka-05,Manual,Suv,942000,Renault,Duster,Unknown
102,2014.0,33869,1,Diesel,Ka-03,Manual,Hatchback,507000,Maruti,Swift,Unknown
103,2016.0,71731,2,Petrol,Hr-51,Manual,Sedan,627000,Honda,City,Unknown
104,2019.0,25955,2,Petrol,Wb-20,Automatic,Hatchback,565000,Hyundai,Grand I10 Nios,Unknown
105,2018.0,47942,1,Petrol,Dl-10,Manual,Suv,844000,Ford,Ecosport,Unknown
106,2014.0,63838,2,Petrol,Up-32,Manual,Hatchback,281000,Maruti,Wagon R 1.0,Unknown
107,2012.0,50854,2,Petrol,Dl-3C,Manual,Sedan,294000,Maruti,Swift Dzire,Unknown
108,2020.0,18534,1,Petrol,Kl-36,Manual,Hatchback,368000,Maruti,Alto,Unknown
109,2016.0,118327,2,Diesel,Mh-14,Manual,Hatchback,613000,Hyundai,Elite I20,Unknown
110,2020.0,22389,1,Petrol,Up-78,Manual,Suv,751000,Toyota,Urban Cruiser,Unknown
111,2018.0,105759,2,Diesel,Ka-09,Manual,Lux_Suv,1196000,Mahindra,Xuv500,Unknown
112,2015.0,30790,1,Petrol,Mh-12,Manual,Hatchback,253000,Maruti,Alto 800,Unknown
113,2010.0,68137,1,Petrol,Tn-07,Manual,Sedan,737000,Honda,City,Unknown
114,2012.0,35125,2,Petrol,Tn-07,Manual,Hatchback,308000,Hyundai,I10,Unknown
115,2018.0,67281,2,Petrol,Gj-01,Manual,Hatchback,690000,Hyundai,Elite I20,Unknown
116,2018.0,80229,1,Cng,Mh-14,Manual,Hatchback,436000,Hyundai,New Santro,Unknown
117,2018.0,22533,1,Petrol,Ts-10,Manual,Hatchback,505000,Hyundai,New Santro,Unknown
118,2019.0,27153,2,Petrol,Rj-36,Manual,Hatchback,486000,Hyundai,New Santro,Unknown
119,2021.0,66065,1,Petrol,Dl-8C,Manual,Suv,750000,Nissan,Magnite,Unknown
120,2018.0,53612,2,Petrol,Tn-02,Automatic,Sedan,591000,Honda,City,Unknown
121,2017.0,23376,1,Petrol,Mh-05,Manual,Hatchback,535000,Hyundai,Grand I10,Unknown
122,2021.0,22542,1,Petrol,Pb-91,Manual,Suv,1141000,Kia,Sonet,Unknown
123,2021.0,25239,1,Diesel,Tn-14,Automatic,Suv,1810000,Tata,Safari,Unknown
124,2020.0,37077,1,Petrol,Ka-04,Manual,Suv,633000,Ford,Freestyle,Unknown
125,2017.0,54791,1,Petrol,Ts-07,Manual,Hatchback,331000,Maruti,Alto 800,Unknown
126,2012.0,100274,1,Diesel,Br-01,Manual,Suv,416000,Maruti,Ertiga,Unknown
127,2016.0,74317,1,Petrol,Hr-35,Manual,Hatchback,483000,Hyundai,Elite I20,Unknown
128,2017.0,70660,1,Petrol,Gj-01,Automatic,Sedan,776000,Maruti,Ciaz,Unknown
129,2019.0,57675,1,Cng,Dl-8C,Manual,Suv,796000,Ford,Ecosport,Unknown
130,2019.0,32033,1,Petrol,Dl-9C,Automatic,Hatchback,593000,Hyundai,Grand I10,Unknown
131,2010.0,99873,1,Petrol,Hr-26,Manual,Hatchback,162000,Hyundai,I10,Unknown
132,2018.0,10409,1,Petrol,Mh-02,Automatic,Hatchback,486000,Maruti,Wagon R 1.0,Unknown
133,2016.0,31130,1,Petrol,Pb-08,Manual,Hatchback,461000,Honda,Jazz,Unknown
134,2020.0,96537,2,Petrol,Gj-18,Manual,Suv,906000,Kia,Seltos,Unknown
135,2013.0,92379,1,Diesel,Rj-14,Manual,Suv,362000,Renault,Duster,Unknown
136,2014.0,26337,2,Petrol,Up-37,Manual,Sedan,621000,Maruti,Swift Dzire,Unknown
137,2021.0,25725,1,Petrol,Gj-38,Automatic,Suv,858000,Nissan,Magnite,Unknown
138,2019.0,15100,1,Petrol,Hr-03,Manual,Hatchback,606000,Hyundai,Grand I10,Unknown
139,2021.0,27546,1,Petrol,Mp-09,Automatic,Hatchback,692000,Hyundai,Grand I10 Nios,Unknown
140,2018.0,32330,1,Petrol,Hr-52,Automatic,Hatchback,449000,Maruti,Wagon R 1.0,Unknown
141,2019.0,18152,1,Petrol,Gj-06,Manual,Sedan,689000,Honda,Amaze,Unknown
142,2017.0,71321,2,Petrol,Hr-26,Manual,Sedan,701000,Maruti,Dzire,Unknown
143,2012.0,80172,2,Petrol,Ap-29,Manual,Hatchback,197300,Maruti,Alto K10,Unknown
144,2018.0,44602,1,Petrol,Ts-07,Manual,Hatchback,654000,Maruti,Swift,Unknown
145,2018.0,39299,1,Petrol,Mh-12,Automatic,Sedan,901000,Toyota,Yaris,Unknown
146,2012.0,52092,2,Petrol,Ka-04,Manual,Hatchback,332000,Honda,Brio,Unknown
147,2018.0,19158,1,Petrol,Tn-59,Manual,Sedan,654000,Volkswagen,Ameo,Unknown
148,2021.0,20044,1,Petrol,Ka-04,Manual,Hatchback,675000,Renault,Kiger,Unknown
149,2014.0,44752,1,Petrol,Mh-03,Manual,Hatchback,353000,Maruti,Wagon R 1.0,Unknown
150,2013.0,114653,1,Petrol,Unknown,Manual,Sedan,190000,Honda,Accord,Unknown
151,2018.0,30732,1,Petrol,Ka-04,Manual,Hatchback,262000,Datsun,Redi Go,Unknown
152,2012.0,14799,1,Petrol,Mh-01,Manual,Sedan,468000,Maruti,Swift Dzire,Unknown
153,2018.0,43525,1,Petrol,Ka-05,Manual,Sedan,674000,Maruti,Dzire,Unknown
154,2017.0,92995,2,Petrol,Hr-36,Manual,Hatchback,442000,Hyundai,Grand I10,Unknown
155,2021.0,14261,1,Petrol,Tn-14,Manual,Hatchback,763000,Hyundai,New I20,Unknown
156,2013.0,9415,1,Petrol,Gj-32,Manual,Sedan,723000,Honda,Amaze,Unknown
157,2018.0,17547,1,Petrol,Mh-01,Automatic,Hatchback,488000,Maruti,Celerio,Unknown
158,2017.0,49344,1,Petrol,Gj-08,Automatic,Hatchback,471000,Maruti,Celerio,Unknown
159,2019.0,18690,1,Petrol,Ts-12,Manual,Hatchback,751000,Hyundai,Elite I20,Unknown
160,2018.0,83234,1,Diesel,Wb-26,Manual,Suv,526000,Tata,Nexon,Unknown
161,2021.0,17752,1,Petrol,Tn-06,Manual,Sedan,761000,Maruti,Ciaz,Unknown
162,2021.0,97084,1,Petrol,Ka-41,Manual,Sedan,422000,Honda,Amaze,Unknown
163,2015.0,40791,2,Petrol,Mh-01,Manual,Sedan,444000,Hyundai,Xcent,Unknown
164,2020.0,35197,1,Diesel,Mh-03,Manual,Hatchback,787000,Tata,Altroz,Unknown
165,2018.0,73081,1,Diesel,Up-65,Manual,Suv,635000,Maruti,Vitara Brezza,Unknown
166,2018.0,58165,2,Petrol,Mp-04,Manual,Hatchback,383000,Maruti,Wagon R 1.0,Unknown
167,2011.0,22866,1,Petrol,Dl-8C,Manual,Hatchback,220000,Maruti,Wagon R 1.0,Unknown
168,2017.0,54410,1,Petrol,Dl-9C,Manual,Hatchback,496000,Maruti,Baleno,Unknown
169,2017.0,14524,1,Petrol,Ka-53,Manual,Hatchback,463000,Maruti,Wagon R 1.0,Unknown
170,2015.0,66995,2,Petrol,Mh-14,Manual,Hatchback,283000,Renault,Kwid,Unknown
171,2017.0,75537,1,Cng,Dl-8C,Manual,Hatchback,374250,Maruti,Wagon R 1.0,Unknown
172,2017.0,39198,1,Petrol,Ts-08,Automatic,Sedan,973000,Maruti,Dzire,Unknown
173,2016.0,74270,2,Diesel,Mh-12,Manual,Hatchback,545000,Maruti,Baleno,Unknown
174,2017.0,36573,3,Petrol,Tn-14,Manual,Hatchback,610000,Maruti,Baleno,Unknown
175,2010.0,64103,2,Petrol,Ka-02,Manual,Hatchback,221000,Maruti,A Star,Unknown
176,2018.0,26158,1,Petrol,Pb-91,Manual,Hatchback,343000,Maruti,Alto 800,Unknown
177,2019.0,60299,1,Petrol,Gj-03,Manual,Hatchback,380000,Maruti,Alto,Unknown
178,2017.0,32343,1,Petrol,Mh-14,Automatic,Hatchback,603000,Maruti,Baleno,Unknown
179,2015.0,123077,2,Diesel,Gj-01,Manual,Sedan,569350,Maruti,Ciaz,Unknown
180,2017.0,29201,2,Petrol,Mh-02,Manual,Hatchback,561000,Hyundai,Elite I20,Unknown
181,2017.0,71105,1,Petrol,Mh-48,Automatic,Sedan,627000,Honda,City,Unknown
182,2012.0,73399,1,Petrol,Ap-23,Manual,Sedan,419000,Maruti,Swift Dzire,Unknown
183,2013.0,41312,1,Petrol,Ap-10,Manual,Sedan,451000,Maruti,Swift Dzire,Unknown
184,2017.0,34102,1,Petrol,Mh-03,Manual,Hatchback,624000,Maruti,Baleno,Unknown
185,2011.0,69532,1,Petrol,Ka-05,Automatic,Hatchback,343000,Hyundai,I10,Unknown
186,2020.0,41465,2,Diesel,Hr-13,Manual,Suv,726000,Maruti,Vitara Brezza,Unknown
187,2014.0,75638,2,Petrol,Ts-13,Manual,Hatchback,378000,Maruti,Ritz,Unknown
188,2019.0,51377,1,Petrol,Ts-08,Automatic,Sedan,672000,Maruti,Dzire,Unknown
189,2014.0,35872,1,Petrol,Wb-02,Manual,Sedan,336000,Maruti,Swift Dzire,Unknown
190,2015.0,74079,2,Petrol,Gj-06,Manual,Hatchback,428000,Honda,Jazz,Unknown
191,2011.0,79275,1,Petrol,Dl-8C,Manual,Hatchback,202000,Maruti,Wagon R 1.0,Unknown
192,2018.0,27721,1,Petrol,Dl-8C,Manual,Hatchback,497000,Hyundai,Grand I10,Unknown
193,2018.0,21347,1,Petrol,Dl-5C,Manual,Hatchback,559000,Maruti,Swift,Unknown
194,2017.0,59811,1,Petrol,Mh-05,Automatic,Hatchback,537000,Maruti,Ignis,Unknown
195,2018.0,89172,1,Petrol,Gj-05,Automatic,Hatchback,449000,Nissan,Micra,Unknown
196,2019.0,31867,1,Petrol,Dl-8C,Manual,Hatchback,680000,Maruti,Baleno,Unknown
197,2012.0,39845,1,Petrol,Mh-02,Manual,Hatchback,320000,Hyundai,I20,Unknown
198,2015.0,67182,2,Petrol,Mh-12,Automatic,Hatchback,348000,Maruti,Alto K10,Unknown
199,2018.0,69690,1,Diesel,Mh-47,Manual,Lux_Suv,1187000,Mahindra,Xuv500,Unknown
200,2019.0,66740,1,Petrol,Gj-05,Automatic,Hatchback,401000,Renault,Kwid,Unknown
201,2014.0,70683,2,Petrol,Up-32,Manual,Hatchback,286000,Honda,Brio,Unknown
202,2019.0,39280,2,Petrol,Gj-05,Manual,Hatchback,572000,Maruti,Swift,Unknown
203,2019.0,41265,2,Diesel,Gj-03,Manual,Suv,914000,Maruti,Vitara Brezza,Unknown
204,2017.0,58942,1,Petrol,Mh-12,Automatic,Sedan,802000,Hyundai,Verna,Unknown
205,2014.0,36766,2,Petrol,Ka-51,Manual,Hatchback,525000,Hyundai,I20,Unknown
206,2016.0,33476,1,Petrol,Mh-12,Manual,Hatchback,327000,Hyundai,Eon,Unknown
207,2015.0,99951,2,Petrol,Dl-1C,Manual,Suv,690000,Hyundai,Creta,Unknown
208,2021.0,12060,1,Petrol,Tn-09,Manual,Hatchback,667000,Tata,Tiago,Unknown
209,2019.0,30214,1,Petrol,Tn-58,Manual,Hatchback,477000,Tata,Tiago,Unknown
210,2016.0,46706,1,Petrol,Dl-2C,Manual,Suv,692000,Ford,Ecosport,Unknown
211,2014.0,53706,1,Petrol,Mh-15,Manual,Hatchback,327000,Maruti,Wagon R 1.0,Unknown
212,2014.0,59973,1,Petrol,Ts-07,Manual,Hatchback,440000,Hyundai,Grand I10,Unknown
213,2020.0,61703,1,Petrol,Pb-07,Manual,Hatchback,333000,Maruti,Alto,Unknown
214,2015.0,43724,1,Petrol,Ka-19,Manual,Hatchback,299000,Hyundai,Eon,Unknown
215,2017.0,26371,1,Petrol,Hr-30,Manual,Hatchback,529000,Maruti,Baleno,Unknown
216,2017.0,114451,1,Diesel,Ka-13,Manual,Sedan,800000,Hyundai,Verna,Unknown
217,2020.0,81389,1,Cng,Mh-12,Manual,Hatchback,497000,Maruti,Celerio,Unknown
218,2017.0,33921,1,Petrol,Tn-12,Manual,Suv,722000,Ford,Ecosport,Unknown
219,2020.0,47559,2,Diesel,Up-32,Manual,Suv,762000,Mahindra,Bolero,Unknown
220,2010.0,54671,1,Petrol,Ka-03,Manual,Hatchback,233000,Maruti,Alto K10,Unknown
221,2010.0,50831,3,Petrol,Ka-51,Manual,Hatchback,241000,Hyundai,I10,Unknown
222,2020.0,50393,1,Cng,Mh-43,Manual,Hatchback,507000,Maruti,Celerio,Unknown
223,2021.0,16860,2,Petrol,Tn-12,Manual,Suv,1007000,Hyundai,Venue,Unknown
224,2020.0,69384,2,Diesel,Wb-20,Automatic,Sedan,676000,Maruti,Dzire,Unknown
225,2016.0,52851,1,Diesel,Gj-16,Manual,Suv,573000,Renault,Duster,Unknown
226,2015.0,61979,1,Petrol,Ts-09,Manual,Hatchback,277000,Maruti,Alto 800,Unknown
227,2011.0,72666,1,Petrol,Mh-12,Manual,Hatchback,237000,Hyundai,I10,Unknown
228,2020.0,52819,1,Petrol,Br-01,Automatic,Hatchback,611000,Maruti,Ignis,Unknown
229,2019.0,19797,1,Petrol,Dl-8C,Manual,Hatchback,344000,Renault,Kwid,Unknown
230,2018.0,39198,2,Petrol,Mp-04,Automatic,Hatchback,538000,Hyundai,New Santro,Unknown
231,2016.0,16856,1,Petrol,Hr-26,Manual,Sedan,702000,Honda,City,Unknown
232,2014.0,73506,1,Petrol,Dl-8C,Manual,Hatchback,269800,Toyota,Etios Liva,Unknown
233,2015.0,51252,1,Petrol,Tn-12,Automatic,Sedan,716000,Maruti,Ciaz,Unknown
234,2019.0,20494,1,Petrol,Ch-01,Manual,Hatchback,324000,Maruti,Alto,Unknown
235,2018.0,14290,1,Petrol,Mh-14,Automatic,Sedan,1368000,Maruti,Ciaz,Unknown
236,2017.0,50359,1,Petrol,Ka-04,Automatic,Hatchback,696000,Honda,Jazz,Unknown
237,2018.0,9889,1,Petrol,Dl-12,Manual,Hatchback,350000,Renault,Kwid,Unknown
238,2014.0,40670,1,Cng,Mh-12,Manual,Hatchback,376000,Maruti,Wagon R 1.0,Unknown
239,2022.0,5303,1,Petrol,Mh-12,Manual,Suv,719000,Renault,Triber,Unknown
240,2016.0,63509,1,Petrol,Mh-34,Automatic,Hatchback,413000,Maruti,Celerio,Unknown
241,2021.0,17449,2,Diesel,Ka-11,Manual,Hatchback,856000,Hyundai,New I20,Unknown
242,2019.0,43476,2,Petrol,Rj-02,Manual,Hatchback,588000,Maruti,Baleno,Unknown
243,2021.0,11799,1,Petrol,Kl-22,Manual,Sedan,799000,Honda,Amaze,Unknown
244,2014.0,52914,1,Petrol,Tn-22,Manual,Hatchback,364000,Maruti,Wagon R 1.0,Unknown
245,2011.0,73284,2,Petrol,Mp-09,Manual,Hatchback,218000,Hyundai,Santro Xing,Unknown
246,2019.0,55115,2,Petrol,Mh-40,Manual,Hatchback,535000,Hyundai,Grand I10 Nios,Unknown
247,2016.0,40547,1,Petrol,Ka-05,Automatic,Hatchback,452000,Maruti,Celerio,Unknown
248,2013.0,50244,1,Petrol,Mh-01,Manual,Hatchback,298000,Maruti,Wagon R 1.0,Unknown
249,2018.0,46656,1,Petrol,Gj-05,Manual,Hatchback,352000,Renault,Kwid,Unknown
250,2014.0,36222,2,Petrol,Mh-03,Manual,Sedan,557000,Honda,City,Unknown
251,2012.0,66201,2,Petrol,Mh-12,Manual,Hatchback,279000,Honda,Brio,Unknown
252,2019.0,66427,1,Petrol,Ts-07,Manual,Sedan,974000,Hyundai,Verna,Unknown
253,2021.0,77064,1,Cng,Hr-36,Manual,Hatchback,594000,Maruti,New Wagon-R,Unknown
254,2018.0,111035,1,Petrol,Unknown,Automatic,Sedan,512000,Maruti,Dzire,Unknown
255,2019.0,21167,1,Petrol,Mh-49,Automatic,Hatchback,651000,Maruti,Ignis,Unknown
256,2018.0,81680,1,Petrol,Tn-14,Manual,Hatchback,399000,Nissan,Micra Active,Unknown
257,2018.0,34578,1,Petrol,Rj-45,Manual,Sedan,1111000,Honda,Amaze,Unknown
258,2018.0,31428,2,Petrol,Ch-01,Automatic,Sedan,807000,Toyota,Yaris,Unknown
259,2021.0,20357,2,Petrol,Mh-14,Manual,Suv,781000,Hyundai,Venue,Unknown
260,2019.0,18111,1,Petrol,Gj-06,Manual,Hatchback,654000,Hyundai,Grand I10 Nios,Unknown
261,2021.0,11041,1,Petrol,Mp-04,Manual,Hatchback,529000,Hyundai,New Santro,Unknown
262,2020.0,74490,1,Petrol,Up-32,Manual,Sedan,602000,Maruti,Dzire,Unknown
263,2020.0,29284,1,Petrol,Gj-01,Automatic,Hatchback,713000,Hyundai,Grand I10 Nios,Unknown
264,2019.0,81694,1,Cng,Hr-10,Manual,Hatchback,537000,Maruti,Swift,Unknown
265,2018.0,72038,3,Diesel,Mp-09,Manual,Sedan,576000,Maruti,Dzire,Unknown
266,2013.0,57512,1,Petrol,Mh-02,Manual,Sedan,467000,Maruti,Swift Dzire,Unknown
267,2019.0,37732,1,Petrol,Mp-09,Manual,Hatchback,601000,Maruti,Swift,Unknown
268,2018.0,51133,1,Diesel,Up-32,Manual,Sedan,630000,Maruti,Dzire,Unknown
269,2019.0,47944,1,Petrol,Dl-7C,Manual,Suv,762000,Renault,Duster,Unknown
270,2017.0,33493,1,Petrol,Ka-01,Automatic,Suv,777000,Ford,Ecosport,Unknown
271,2017.0,21083,1,Petrol,Gj-01,Manual,Hatchback,544000,Maruti,Swift,Unknown
272,2020.0,44616,1,Diesel,Br-01,Manual,Suv,1740000,Tata,Harrier,Unknown
273,2019.0,53219,1,Petrol,Gj-01,Manual,Hatchback,628000,Maruti,Baleno,Unknown
274,2010.0,60180,2,Petrol,Hr-20,Manual,Hatchback,177000,Maruti,Alto K10,Unknown
275,2022.0,5758,1,Diesel,Gj-01,Automatic,Suv,1431000,Kia,Sonet,Unknown
276,2017.0,89581,1,Petrol,Ts-05,Manual,Hatchback,646000,Maruti,Baleno,Unknown
277,2017.0,115401,1,Petrol,Unknown,Manual,Hatchback,213000,Datsun,Redi Go,Unknown
278,2018.0,52698,1,Petrol,Dl-8C,Manual,Sedan,361000,Maruti,Ciaz,Unknown
279,2019.0,47262,1,Petrol,Pb-70,Manual,Hatchback,605000,Maruti,Swift,Unknown
280,2017.0,16634,2,Petrol,Ka-51,Manual,Hatchback,533000,Hyundai,Grand I10,Unknown
281,2017.0,110311,1,Petrol,Unknown,Manual,Sedan,441000,Tata,Tigor,Unknown
282,2014.0,54759,1,Petrol,Ch-01,Manual,Sedan,508000,Honda,City,Unknown
283,2013.0,48444,1,Petrol,Ka-36,Manual,Hatchback,286000,Maruti,Alto 800,Unknown
284,2015.0,42976,1,Petrol,Mh-05,Automatic,Sedan,476000,Maruti,Swift Dzire,Unknown
285,2017.0,52382,1,Petrol,Ka-25,Manual,Hatchback,676000,Maruti,Swift,Unknown
286,2012.0,24918,2,Petrol,Mh-02,Manual,Hatchback,269000,Hyundai,I10,Unknown
287,2018.0,44315,1,Petrol,Ts-08,Manual,Hatchback,467000,Tata,Tiago,Unknown
288,2018.0,48451,1,Diesel,Mh-03,Manual,Suv,930000,Maruti,Vitara Brezza,Unknown
289,2022.0,12699,1,Petrol,Tn-07,Manual,Hatchback,732000,Maruti,Ignis,Unknown
290,2018.0,24385,1,Petrol,Gj-27,Manual,Sedan,748000,Maruti,Ciaz,Unknown
291,2016.0,71337,1,Petrol,Gj-06,Manual,Hatchback,451000,Hyundai,Grand I10,Unknown
292,2016.0,83219,1,Petrol,Mh-02,Manual,Hatchback,270000,Renault,Kwid,Unknown
293,2016.0,43655,1,Petrol,Ka-03,Manual,Hatchback,630000,Maruti,Baleno,Unknown
294,2014.0,45165,2,Petrol,Pb-02,Manual,Sedan,779000,Honda,City,Unknown
295,2022.0,7125,1,Petrol,Mh-04,Manual,Suv,725000,Tata,Punch,Unknown
296,2018.0,32209,1,Petrol,Mh-03,Automatic,Suv,1188000,Hyundai,Creta,Unknown
297,2019.0,85969,1,Cng,Dl-9C,Manual,Hatchback,496000,Maruti,New Wagon-R,Unknown
298,2019.0,31286,1,Petrol,Ts-09,Automatic,Hatchback,690000,Maruti,Swift,Unknown
299,2021.0,30088,1,Petrol,Ts-07,Manual,Hatchback,761000,Volkswagen,Polo,Unknown
300,2015.0,61108,1,Petrol,Ch-01,Manual,Hatchback,281000,Maruti,Alto K10,Unknown
301,2016.0,93415,1,Diesel,Gj-27,Manual,Suv,608000,Renault,Duster,Unknown
302,2017.0,57971,2,Petrol,Up-14,Manual,Hatchback,260000,Maruti,Alto 800,Unknown
303,2014.0,76697,3,Diesel,Tn-02,Manual,Hatchback,520000,Hyundai,Elite I20,Unknown
304,2020.0,11066,1,Petrol,Up-16,Manual,Suv,1090000,Hyundai,Venue,Unknown
305,2018.0,36242,1,Diesel,Up-14,Automatic,Suv,794000,Mahindra,Tuv300,Unknown
306,2011.0,46494,2,Petrol,Wb-20,Manual,Hatchback,207000,Hyundai,I20,Unknown
307,2020.0,71019,2,Diesel,Ts-08,Manual,Sedan,641000,Maruti,Dzire,Unknown
308,2020.0,14282,1,Petrol,Dl-12,Automatic,Suv,691000,Renault,Triber,Unknown
309,2019.0,42739,2,Petrol,Tn-09,Manual,Hatchback,515000,Tata,Tiago,Unknown
310,2011.0,16153,1,Petrol,Dl-9C,Manual,Sedan,873000,Maruti,Swift Dzire,Unknown
311,2022.0,5787,1,Petrol,Gj-17,Manual,Hatchback,444000,Maruti,S Presso,Unknown
312,2012.0,63585,1,Petrol,Hr-26,Manual,Hatchback,222000,Hyundai,I10,Unknown
313,2013.0,61132,1,Petrol,Ap-29,Manual,Hatchback,320000,Maruti,Wagon R 1.0,Unknown
314,2015.0,46836,1,Petrol,Mp-09,Manual,Sedan,624000,Honda,City,Unknown
315,2014.0,52802,2,Petrol,Ka-05,Manual,Hatchback,514000,Maruti,Swift,Unknown
316,2019.0,47613,1,Petrol,Ka-03,Manual,Hatchback,767000,Volkswagen,Polo,Unknown
317,2015.0,88880,1,Petrol,Mp-04,Manual,Hatchback,429000,Hyundai,Grand I10,Unknown
318,2015.0,66467,1,Petrol,Mh-02,Automatic,Lux_Sedan,1122000,Toyota,Camry,Unknown
319,2021.0,42075,1,Petrol,Dl-7C,Manual,Sedan,619000,Hyundai,Verna,Unknown
320,2015.0,44348,1,Petrol,Ts-08,Automatic,Sedan,746000,Maruti,Ciaz,Unknown
321,2018.0,32875,1,Petrol,Gj-06,Manual,Hatchback,579000,Maruti,Swift,Unknown
322,2018.0,49538,1,Diesel,Up-14,Manual,Suv,1056000,Hyundai,Creta,Unknown
323,2015.0,39584,1,Petrol,Mh-47,Manual,Suv,807400,Hyundai,Creta,Unknown
324,2016.0,73338,1,Petrol,Gj-05,Manual,Sedan,632000,Honda,City,Unknown
325,2015.0,66362,3,Petrol,Hr-26,Automatic,Lux_Sedan,860000,Toyota,Corolla Altis,Unknown
326,2017.0,36248,1,Petrol,Ka-51,Manual,Hatchback,596000,Maruti,Ignis,Unknown
327,2016.0,56156,1,Diesel,Up-16,Automatic,Suv,548000,Renault,Duster,Unknown
328,2016.0,100583,1,Diesel,Hr-26,Manual,Suv,492000,Renault,Duster,Unknown
329,2018.0,42059,2,Petrol,Ka-04,Automatic,Hatchback,705000,Maruti,Swift,Unknown
330,2018.0,38575,2,Petrol,Ka-01,Automatic,Hatchback,571000,Tata,Tiago,Unknown
331,2017.0,20607,2,Petrol,Ka-03,Manual,Hatchback,648000,Maruti,Baleno,Unknown
332,2012.0,56446,2,Petrol,Up-32,Automatic,Sedan,520000,Honda,Civic,Unknown
333,2022.0,17428,1,Cng,Dl-7C,Manual,Hatchback,719000,Hyundai,Grand I10 Nios,Unknown
334,2022.0,11365,1,Petrol,Ts-13,Automatic,Hatchback,947000,Honda,Jazz,Unknown
335,2016.0,52891,1,Petrol,Mh-47,Manual,Suv,733000,Hyundai,Creta,Unknown
336,2020.0,21275,1,Petrol,Mh-48,Manual,Sedan,641000,Volkswagen,Vento,Unknown
337,2019.0,44514,1,Petrol,Br-01,Manual,Sedan,479000,Honda,Amaze,Unknown
338,2015.0,30751,1,Petrol,Ka-03,Manual,Hatchback,341000,Maruti,Alto K10,Unknown
339,2018.0,39284,1,Petrol,Gj-27,Manual,Hatchback,614000,Honda,Jazz,Unknown
340,2019.0,37965,1,Petrol,Gj-01,Automatic,Hatchback,626000,Hyundai,Grand I10,Unknown
341,2014.0,83845,1,Petrol,Ka-02,Manual,Sedan,607000,Maruti,Swift Dzire,Unknown
342,2019.0,57179,1,Petrol,Ts-07,Manual,Suv,1197000,Kia,Seltos,Unknown
343,2015.0,94121,2,Petrol,Ts-08,Manual,Hatchback,549000,Hyundai,Elite I20,Unknown
344,2017.0,52645,3,Petrol,Tn-10,Manual,Sedan,617000,Maruti,Ciaz,Unknown
345,2017.0,43025,2,Petrol,Tn-18,Manual,Hatchback,592000,Honda,Jazz,Unknown
346,2012.0,105992,1,Diesel,Mh-04,Manual,Hatchback,423000,Maruti,Swift,Unknown
347,2021.0,30359,2,Petrol,Ts-08,Manual,Hatchback,577000,Tata,Tiago,Unknown
348,2017.0,26678,2,Petrol,Ts-13,Manual,Hatchback,548000,Hyundai,Grand I10,Unknown
349,2017.0,15993,1,Petrol,Ka-04,Manual,Hatchback,463000,Maruti,Wagon R 1.0,Unknown
350,2016.0,67889,1,Petrol,Ka-02,Automatic,Suv,755000,Ford,Ecosport,Unknown
351,2022.0,19944,1,Petrol,Gj-01,Manual,Hatchback,930000,Hyundai,New I20,Unknown
352,2018.0,37983,1,Petrol,Ka-04,Manual,Suv,810000,Ford,Ecosport,Unknown
353,2011.0,73946,1,Petrol,Mh-14,Manual,Hatchback,248000,Maruti,Ritz,Unknown
354,2017.0,79634,1,Petrol,Gj-01,Automatic,Suv,948000,Hyundai,Creta,Unknown
355,2013.0,91279,2,Petrol,Ka-03,Automatic,Hatchback,349000,Hyundai,I10,Unknown
356,2020.0,27959,1,Petrol,Hr-26,Manual,Suv,1141000,Hyundai,Creta,Unknown
357,2021.0,23851,2,Petrol,Gj-16,Automatic,Hatchback,814000,Maruti,Baleno,Unknown
358,2020.0,22192,2,Petrol,Ts-07,Manual,Sedan,809000,Volkswagen,Vento,Unknown
359,2017.0,100102,1,Petrol,Unknown,Manual,Hatchback,485000,Maruti,Baleno,Unknown
360,2019.0,42839,1,Petrol,Gj-03,Manual,Hatchback,380000,Maruti,Alto,Unknown
361,2012.0,99428,3,Cng,Mh-15,Manual,Hatchback,331200,Maruti,Swift,Unknown
362,2015.0,93177,1,Petrol,Wb-12,Manual,Suv,571000,Hyundai,Creta,Unknown
363,2022.0,21009,1,Petrol,Gj-01,Automatic,Suv,1222000,Tata,Nexon,Unknown
364,2020.0,10916,2,Petrol,Ka-51,Automatic,Hatchback,560000,Renault,Kwid,Unknown
365,2019.0,6327,1,Petrol,Ts-09,Automatic,Hatchback,764000,Hyundai,Grand I10 Nios,Unknown
366,2017.0,113633,1,Diesel,Mh-43,Manual,Suv,728000,Maruti,S Cross,Unknown
367,2019.0,68766,1,Petrol,Rj-45,Manual,Hatchback,531000,Tata,Tiago,Unknown
368,2021.0,48938,2,Petrol,Ka-03,Automatic,Hatchback,1013000,Renault,Kiger,Unknown
369,2016.0,63155,2,Diesel,Tn-07,Manual,Sedan,674000,Maruti,Ciaz,Unknown
370,2016.0,38959,1,Petrol,Mh-09,Automatic,Lux_Sedan,1281000,Skoda,Octavia,Unknown
371,2017.0,40586,1,Petrol,Gj-27,Manual,Sedan,833000,Honda,City,Unknown
372,2018.0,43528,2,Petrol,Ts-08,Manual,Hatchback,424350,Maruti,Wagon R 1.0,Unknown
373,2018.0,50781,2,Petrol,Ka-02,Automatic,Hatchback,834000,Volkswagen,Polo,Unknown
374,2015.0,34105,1,Petrol,Dl-3C,Manual,Hatchback,345000,Honda,Brio,Unknown
375,2019.0,26520,2,Petrol,Up-32,Automatic,Hatchback,387000,Maruti,Alto K10,Unknown
376,2018.0,44690,1,Petrol,Mh-06,Manual,Hatchback,491000,Hyundai,Grand I10,Unknown
377,2017.0,40570,1,Petrol,Ts-09,Automatic,Hatchback,638000,Hyundai,Grand I10,Unknown
378,2019.0,51622,1,Petrol,Hr-51,Manual,Hatchback,545000,Maruti,Swift,Unknown
379,2018.0,63517,1,Diesel,Up-16,Manual,Suv,555000,Ford,Freestyle,Unknown
380,2019.0,68272,1,Diesel,Pb-91,Manual,Suv,767000,Maruti,Vitara Brezza,Unknown
381,2014.0,98211,2,Petrol,Ka-19,Manual,Hatchback,398000,Hyundai,Grand I10,Unknown
382,2019.0,34446,2,Petrol,Mh-02,Automatic,Suv,710000,Ford,Ecosport,Unknown
383,2017.0,91412,2,Petrol,Tn-14,Automatic,Sedan,545000,Maruti,Dzire,Unknown
384,2021.0,60157,1,Petrol,Mh-14,Manual,Hatchback,796000,Hyundai,New I20,Unknown
385,2017.0,63801,1,Petrol,Dl-9C,Manual,Hatchback,535000,Maruti,Baleno,Unknown
386,2014.0,77796,2,Petrol,Mh-01,Manual,Hatchback,294000,Maruti,Celerio,Unknown
387,2017.0,49809,1,Petrol,Gj-06,Manual,Hatchback,492000,Hyundai,Grand I10,Unknown
388,2015.0,111283,2,Petrol,Unknown,Manual,Hatchback,274000,Maruti,Alto 800,Unknown
389,2016.0,35748,1,Petrol,Mp-09,Manual,Hatchback,513000,Maruti,Baleno,Unknown
390,2017.0,94753,1,Petrol,Tn-37,Manual,Hatchback,401000,Maruti,Wagon R 1.0,Unknown
391,2017.0,49602,2,Petrol,Ts-33,Manual,Hatchback,602650,Maruti,Swift,Unknown
392,2020.0,23040,1,Cng,Dl-11,Manual,Hatchback,575000,Maruti,New Wagon-R,Unknown
393,2015.0,41595,2,Petrol,Mp-09,Manual,Hatchback,373000,Honda,Brio,Unknown
394,2020.0,15578,2,Petrol,Pb-12,Manual,Hatchback,429000,Hyundai,New Santro,Unknown
395,2017.0,88087,2,Cng,Gj-02,Automatic,Hatchback,498000,Maruti,Ignis,Unknown
396,2019.0,51237,2,Petrol,Ts-15,Automatic,Hatchback,449000,Renault,Kwid,Unknown
397,2016.0,89494,2,Petrol,Gj-17,Manual,Hatchback,232000,Renault,Kwid,Unknown
398,2018.0,30769,1,Cng,Mh-02,Manual,Hatchback,410000,Maruti,Wagon R 1.0,Unknown
399,2015.0,64751,1,Diesel,Mh-03,Manual,Hatchback,487650,Maruti,Swift,Unknown
400,2021.0,15105,2,Petrol,Ka-04,Manual,Hatchback,766000,Renault,Kiger,Unknown
401,2018.0,42266,2,Petrol,Tn-22,Manual,Sedan,547000,Hyundai,Xcent,Unknown
402,2015.0,37243,1,Diesel,Wb-02,Automatic,Sedan,891000,Honda,Amaze,Unknown
403,2013.0,76915,2,Petrol,Hr-26,Manual,Sedan,409000,Hyundai,Verna,Unknown
404,2019.0,96408,1,Diesel,Ts-11,Manual,Hatchback,803000,Hyundai,I20 Active,Unknown
405,2015.0,72961,1,Petrol,Ka-51,Manual,Hatchback,649000,Hyundai,Elite I20,Unknown
406,2021.0,40964,1,Petrol,Wb-08,Manual,Hatchback,485000,Hyundai,New Santro,Unknown
407,2019.0,51237,1,Petrol,Hr-26,Manual,Hatchback,735000,Hyundai,Elite I20,Unknown
408,2013.0,67656,2,Petrol,Dl-1C,Manual,Hatchback,260000,Honda,Brio,Unknown
409,2016.0,90480,1,Petrol,Up-32,Manual,Sedan,677000,Maruti,Swift Dzire,Unknown
410,2015.0,19819,2,Petrol,Kl-29,Manual,Hatchback,302000,Maruti,Alto 800,Unknown
411,2016.0,22042,1,Petrol,Ka-02,Manual,Hatchback,296000,Maruti,Alto 800,Unknown
412,2018.0,116881,1,Petrol,Unknown,Manual,Sedan,537000,Maruti,Ciaz,Unknown
413,2018.0,31133,1,Petrol,Dl-8C,Manual,Sedan,568000,Hyundai,Xcent,Unknown
414,2020.0,35375,1,Petrol,Tn-12,Manual,Hatchback,393000,Maruti,Alto,Unknown
415,2019.0,27310,2,Petrol,Rj-45,Manual,Hatchback,707000,Maruti,Baleno,Unknown
416,2019.0,21202,1,Petrol,Dl-8C,Manual,Hatchback,655000,Maruti,Baleno,Unknown
417,2016.0,39991,1,Petrol,Ts-07,Manual,Sedan,540000,Maruti,Swift Dzire,Unknown
418,2021.0,71137,2,Diesel,Mh-14,Manual,Sedan,393000,Hyundai,Verna,Unknown
419,2017.0,59340,1,Cng,Mh-43,Manual,Hatchback,378000,Maruti,Wagon R 1.0,Unknown
420,2015.0,100774,3,Diesel,Ka-16,Manual,Sedan,553000,Honda,City,Unknown
421,2013.0,30418,2,Petrol,Tn-06,Manual,Hatchback,327000,Maruti,Wagon R 1.0,Unknown
422,2017.0,32367,1,Petrol,Mp-04,Manual,Hatchback,467000,Hyundai,Grand I10,Unknown
423,2016.0,99120,1,Diesel,Ka-02,Automatic,Lux_Sedan,939000,Hyundai,New Elantra,Unknown
424,2013.0,30906,1,Petrol,Mh-16,Manual,Hatchback,300000,Maruti,Wagon R 1.0,Unknown
425,2010.0,67473,2,Petrol,Dl-3C,Manual,Hatchback,163000,Hyundai,I20,Unknown
426,2017.0,13053,1,Petrol,Hr-26,Manual,Hatchback,592000,Maruti,Baleno,Unknown
427,2016.0,10215,1,Petrol,Ts-08,Manual,Hatchback,452000,Tata,Tiago,Unknown
428,2019.0,46532,1,Diesel,Up-16,Manual,Suv,928000,Honda,Br-V,Unknown
429,2018.0,97274,1,Diesel,Ts-07,Manual,Hatchback,768000,Hyundai,Elite I20,Unknown
430,2019.0,80968,1,Cng,Hr-36,Manual,Hatchback,489000,Hyundai,New Santro,Unknown
431,2020.0,51452,1,Diesel,Up-32,Manual,Sedan,687000,Hyundai,Aura,Unknown
432,2014.0,56753,2,Petrol,Hr-51,Manual,Hatchback,453000,Maruti,Swift,Unknown
433,2015.0,18554,1,Petrol,Mh-43,Manual,Hatchback,363000,Honda,Brio,Unknown
434,2019.0,38439,1,Petrol,Rj-51,Manual,Hatchback,443000,Maruti,Celerio,Unknown
435,2019.0,16645,1,Petrol,Dl-10,Manual,Sedan,729000,Honda,Amaze,Unknown
436,2021.0,22521,1,Petrol,Mp-09,Manual,Hatchback,717000,Maruti,Baleno,Unknown
437,2014.0,52106,1,Petrol,Mh-05,Manual,Suv,627000,Maruti,Ertiga,Unknown
438,2021.0,31320,1,Petrol,Ts-19,Automatic,Hatchback,675000,Maruti,New Wagon-R,Unknown
439,2016.0,78752,2,Diesel,Ka-41,Automatic,Sedan,640000,Honda,City,Unknown
440,2015.0,70766,1,Petrol,Dl-8C,Manual,Hatchback,308000,Maruti,Wagon R 1.0,Unknown
441,2019.0,25085,1,Petrol,Dl-3C,Manual,Hatchback,363000,Renault,Kwid,Unknown
442,2021.0,36430,1,Cng,Up-78,Manual,Hatchback,566000,Maruti,New Wagon-R,Unknown
443,2017.0,96186,3,Cng,Gj-01,Automatic,Lux_Sedan,944000,Toyota,Corolla Altis,Unknown
444,2019.0,25387,2,Petrol,Gj-06,Automatic,Hatchback,673000,Maruti,Baleno,Unknown
445,2015.0,60559,1,Petrol,Rj-14,Manual,Hatchback,434000,Maruti,Swift,Unknown
446,2016.0,69437,3,Petrol,Tn-11,Manual,Hatchback,399000,Maruti,Celerio,Unknown
447,2016.0,90305,1,Petrol,Tn-23,Manual,Hatchback,559000,Volkswagen,Polo,Unknown
448,2018.0,89322,1,Cng,Gj-27,Manual,Hatchback,467000,Maruti,Ignis,Unknown
449,2018.0,15466,1,Petrol,Ka-05,Automatic,Hatchback,758000,Maruti,Swift,Unknown
450,2010.0,82416,1,Petrol,Ka-03,Manual,Hatchback,291000,Hyundai,I10,Unknown
451,2015.0,92975,1,Petrol,Dl-10,Automatic,Suv,497000,Ford,Ecosport,Unknown
452,2016.0,66948,2,Petrol,Ts-15,Manual,Hatchback,257000,Maruti,Alto 800,Unknown
453,2020.0,24952,1,Petrol,Up-78,Manual,Hatchback,324200,Maruti,Alto,Unknown
454,2019.0,95808,1,Petrol,Mh-14,Automatic,Hatchback,615000,Maruti,Swift,Unknown
455,2012.0,29182,2,Petrol,Mh-01,Manual,Hatchback,235000,Hyundai,I10,Unknown
456,2020.0,51781,1,Petrol,Ts-08,Manual,Hatchback,527000,Maruti,New Wagon-R,Unknown
457,2015.0,103089,1,Cng,Gj-06,Manual,Hatchback,421000,Hyundai,Grand I10,Unknown
458,2022.0,35382,1,Diesel,Gj-18,Automatic,Suv,1989000,Tata,Harrier,Unknown
459,2021.0,20759,1,Petrol,Ts-29,Manual,Hatchback,389000,Maruti,Alto,Unknown
460,2010.0,47148,1,Petrol,Dl-3C,Manual,Hatchback,164000,Maruti,A Star,Unknown
461,2019.0,31661,1,Petrol,Ts-07,Manual,Suv,691000,Renault,Triber,Unknown
462,2016.0,43112,1,Petrol,Mh-02,Manual,Hatchback,582000,Maruti,Baleno,Unknown
463,2021.0,44769,1,Cng,Up-78,Manual,Hatchback,606000,Maruti,New Wagon-R,Unknown
464,2017.0,62148,2,Petrol,Dl-4C,Manual,Hatchback,476000,Hyundai,Elite I20,Unknown
465,2021.0,15530,1,Petrol,Ts-10,Manual,Hatchback,874000,Tata,Altroz,Unknown
466,2014.0,77526,1,Petrol,Ka-04,Manual,Hatchback,535000,Hyundai,I20,Unknown
467,2016.0,82700,1,Petrol,Tn-73,Manual,Hatchback,335000,Renault,Kwid,Unknown
468,2020.0,62629,1,Cng,Dl-8C,Manual,Hatchback,547000,Maruti,New Wagon-R,Unknown
469,2021.0,21547,2,Petrol,Hr-26,Automatic,Hatchback,802000,Maruti,Swift,Unknown
470,2015.0,69232,1,Petrol,Tn-18,Manual,Hatchback,512000,Maruti,Swift,Unknown
471,2018.0,38415,1,Petrol,Ch-01,Automatic,Hatchback,541000,Maruti,Celerio X,Unknown
472,2019.0,25854,1,Petrol,Mp-09,Manual,Hatchback,600000,Maruti,Swift,Unknown
473,2020.0,8638,1,Petrol,Gj-06,Manual,Hatchback,628000,Maruti,Swift,Unknown
474,2013.0,57656,1,Petrol,Mh-14,Manual,Hatchback,287000,Hyundai,I10,Unknown
475,2019.0,24888,1,Petrol,Tn-57,Manual,Hatchback,394000,Maruti,Alto,Unknown
476,2014.0,21917,2,Petrol,Tn-02,Manual,Hatchback,372000,Maruti,Wagon R 1.0,Unknown
477,2012.0,47221,2,Petrol,Mh-01,Automatic,Hatchback,279000,Maruti,A Star,Unknown
478,2018.0,40031,1,Petrol,Dl-2C,Manual,Sedan,527000,Tata,Tigor,Unknown
479,2016.0,44230,2,Petrol,Wb-06,Manual,Hatchback,437000,Hyundai,Elite I20,Unknown
480,2019.0,40400,1,Petrol,Gj-13,Manual,Sedan,603000,Maruti,Dzire,Unknown
481,2015.0,74424,3,Petrol,Ts-07,Automatic,Hatchback,419000,Maruti,Celerio,Unknown
482,2010.0,84084,1,Petrol,Ka-05,Manual,Hatchback,244000,Hyundai,Santro Xing,Unknown
483,2021.0,11425,1,Petrol,Up-16,Manual,Suv,991000,Kia,Sonet,Unknown
484,2017.0,80776,1,Diesel,Mh-04,Manual,Hatchback,616800,Maruti,Swift,Unknown
485,2012.0,97335,2,Petrol,Ka-22,Manual,Hatchback,297000,Honda,Brio,Unknown
486,2017.0,37717,1,Petrol,Mh-02,Manual,Sedan,519000,Hyundai,Verna,Unknown
487,2017.0,35707,1,Petrol,Mh-12,Manual,Hatchback,519000,Hyundai,Grand I10,Unknown
488,2018.0,91609,1,Petrol,Tn-85,Manual,Hatchback,559000,Hyundai,Elite I20,Unknown
489,2012.0,88128,3,Cng,Gj-05,Manual,Hatchback,229000,Hyundai,I10,Unknown
490,2018.0,47004,1,Petrol,Mp-09,Manual,Hatchback,586000,Maruti,Swift,Unknown
491,2021.0,30766,1,Cng,Ts-08,Manual,Hatchback,588000,Maruti,New Wagon-R,Unknown
492,2013.0,17387,2,Petrol,Ka-03,Manual,Sedan,497000,Maruti,Swift Dzire,Unknown
493,2018.0,26858,1,Petrol,Gj-05,Manual,Hatchback,338000,Hyundai,Eon,Unknown
494,2016.0,55446,1,Petrol,Hr-26,Manual,Hatchback,326000,Maruti,Alto K10,Unknown
495,2014.0,52597,2,Petrol,Ts-09,Manual,Sedan,417000,Honda,Amaze,Unknown
496,2015.0,70473,1,Diesel,Up-14,Manual,Sedan,521000,Maruti,Ciaz,Unknown
497,2017.0,41947,1,Petrol,Dl-6C,Manual,Hatchback,549000,Maruti,Baleno,Unknown
498,2018.0,54472,1,Cng,Mh-12,Manual,Hatchback,465000,Maruti,Wagon R 1.0,Unknown
499,2020.0,29600,1,Petrol,Mp-04,Manual,Hatchback,477000,Tata,Tiago,Unknown
500,2017.0,86017,1,Petrol,Ts-10,Manual,Sedan,634000,Maruti,Dzire,Unknown
501,2015.0,68755,3,Cng,Mh-48,Manual,Hatchback,369000,Maruti,Celerio,Unknown
502,2013.0,44495,1,Petrol,Wb-02,Manual,Sedan,310000,Maruti,Swift Dzire,Unknown
503,2016.0,46411,1,Petrol,Dl-9C,Manual,Sedan,456000,Honda,Amaze,Unknown
504,2013.0,55432,1,Petrol,Dl-4C,Manual,Sedan,218000,Maruti,Swift Dzire,Unknown
505,2018.0,46139,2,Petrol,Ka-03,Manual,Hatchback,510000,Tata,Tiago,Unknown
506,2021.0,10290,2,Petrol,Ts-07,Automatic,Suv,1711000,Mahindra,Thar,Unknown
507,2018.0,90804,1,Petrol,Ka-51,Manual,Hatchback,628000,Maruti,Swift,Unknown
508,2021.0,3635,1,Petrol,Pb-02,Manual,Hatchback,411000,Datsun,Redi Go,Unknown
509,2016.0,27699,1,Petrol,Pb-10,Automatic,Hatchback,467000,Honda,Brio,Unknown
510,2013.0,89559,1,Petrol,Ap-28,Manual,Hatchback,233000,Hyundai,Eon,Unknown
511,2021.0,24565,1,Cng,Hr-26,Manual,Hatchback,514000,Hyundai,New Santro,Unknown
512,2017.0,64130,2,Petrol,Ka-06,Manual,Sedan,790000,Maruti,Ciaz,Unknown
513,2018.0,44004,2,Diesel,Tn-07,Manual,Suv,739000,Honda,Wr-V,Unknown
514,2018.0,39478,1,Petrol,Ts-13,Manual,Hatchback,740000,Hyundai,Elite I20,Unknown
515,2017.0,84289,2,Petrol,Tn-07,Manual,Hatchback,538000,Maruti,Swift,Unknown
516,2021.0,37288,1,Petrol,Ch-01,Manual,Hatchback,710000,Maruti,Baleno,Unknown
517,2016.0,66057,2,Petrol,Mh-03,Automatic,Hatchback,569000,Volkswagen,Polo,Unknown
518,2017.0,66075,1,Diesel,Wb-02,Manual,Hatchback,389000,Honda,Jazz,Unknown
519,2014.0,66051,1,Petrol,Dl-3C,Manual,Hatchback,307000,Honda,Brio,Unknown
520,2018.0,43109,1,Diesel,Dl-3C,Manual,Suv,682000,Maruti,Vitara Brezza,Unknown
521,2019.0,20361,1,Petrol,Dl-8C,Manual,Hatchback,709000,Toyota,Glanza,Unknown
522,2019.0,20552,1,Petrol,Up-78,Manual,Hatchback,531000,Hyundai,Grand I10,Unknown
523,2016.0,32594,1,Petrol,Hr-26,Manual,Hatchback,461000,Hyundai,Grand I10,Unknown
524,2018.0,50479,2,Petrol,Rj-45,Manual,Hatchback,533000,Maruti,Swift,Unknown
525,2015.0,21598,1,Petrol,Mh-47,Manual,Hatchback,358000,Maruti,Wagon R 1.0,Unknown
526,2016.0,61337,1,Petrol,Ts-08,Automatic,Hatchback,431000,Maruti,Celerio,Unknown
527,2019.0,47935,1,Petrol,Hr-26,Manual,Hatchback,553000,Maruti,Baleno,Unknown
528,2016.0,99232,1,Diesel,Ka-50,Manual,Suv,830000,Maruti,Vitara Brezza,Unknown
529,2017.0,44390,1,Petrol,Ts-07,Manual,Hatchback,553000,Hyundai,Grand I10,Unknown
530,2017.0,63899,1,Petrol,Ch-01,Manual,Hatchback,574000,Hyundai,Elite I20,Unknown
531,2022.0,8143,1,Petrol,Mp-04,Manual,Hatchback,624000,Maruti,Celerio,Unknown
532,2016.0,46335,2,Petrol,Ts-08,Manual,Hatchback,371000,Maruti,Wagon R 1.0,Unknown
533,2017.0,28584,1,Petrol,Gj-18,Manual,Hatchback,581000,Maruti,Baleno,Unknown
534,2017.0,79282,2,Diesel,Gj-23,Automatic,Lux_Suv,1007000,Mahindra,Xuv500,Unknown
535,2017.0,81348,1,Diesel,Tn-05,Manual,Suv,704000,Honda,Wr-V,Unknown
536,2011.0,14359,2,Petrol,Dl-3C,Manual,Hatchback,188000,Maruti,Alto,Unknown
537,2018.0,55864,1,Petrol,Mh-12,Manual,Sedan,594000,Maruti,Dzire,Unknown
538,2012.0,15432,1,Petrol,Dl-3C,Manual,Hatchback,195000,Maruti,Zen Estilo,Unknown
539,2021.0,17102,1,Petrol,Mh-29,Manual,Hatchback,430000,Renault,Kwid,Unknown
540,2019.0,48344,1,Cng,Hr-51,Manual,Hatchback,567000,Hyundai,New Santro,Unknown
541,2011.0,74040,2,Petrol,Dl-8C,Manual,Hatchback,191000,Maruti,Swift,Unknown
542,2010.0,83410,3,Petrol,Ap-09,Automatic,Hatchback,287000,Hyundai,I10,Unknown
543,2021.0,23899,1,Petrol,Tn-12,Automatic,Hatchback,1164000,Hyundai,New I20 N Line,Unknown
544,2017.0,36611,1,Petrol,Gj-06,Manual,Sedan,756000,Maruti,Ciaz,Unknown
545,2016.0,29034,2,Cng,Pb-13,Manual,Hatchback,335000,Maruti,Alto K10,Unknown
546,2017.0,47400,2,Petrol,Tn-64,Automatic,Hatchback,378000,Renault,Kwid,Unknown
547,2018.0,55536,1,Petrol,Dl-1C,Manual,Sedan,210000,Honda,City,Unknown
548,2015.0,70864,1,Petrol,Ka-02,Automatic,Hatchback,547000,Hyundai,Grand I10,Unknown
549,2014.0,65829,1,Petrol,Mh-12,Automatic,Lux_Sedan,807000,Toyota,Corolla Altis,Unknown
550,2016.0,10887,1,Petrol,Ka-04,Manual,Hatchback,675000,Maruti,Swift,Unknown
551,2018.0,41852,2,Petrol,Up-32,Manual,Hatchback,404000,Tata,Tiago,Unknown
552,2016.0,74129,1,Petrol,Ka-51,Manual,Hatchback,313000,Hyundai,Eon,Unknown
553,2013.0,96271,1,Petrol,Dl-3C,Manual,Sedan,395000,Honda,City,Unknown
554,2020.0,27518,1,Petrol,Tn-14,Manual,Hatchback,610000,Tata,Tiago,Unknown
555,2020.0,93639,1,Diesel,Gj-01,Manual,Suv,907000,Tata,Nexon,Unknown
556,2016.0,47741,2,Petrol,Ts-12,Manual,Hatchback,545000,Maruti,Baleno,Unknown
557,2018.0,53600,3,Petrol,Tn-55,Manual,Hatchback,324000,Renault,Kwid,Unknown
558,2014.0,96601,2,Petrol,Hr-12,Manual,Hatchback,328000,Hyundai,Grand I10,Unknown
559,2016.0,30527,1,Petrol,Mp-04,Automatic,Hatchback,472000,Hyundai,Grand I10,Unknown
560,2017.0,113791,2,Diesel,Gj-04,Manual,Suv,629000,Maruti,S Cross,Unknown
561,2020.0,44904,2,Petrol,Hr-29,Manual,Hatchback,390000,Renault,Kwid,Unknown
562,2018.0,97229,1,Petrol,Rj-45,Manual,Hatchback,519000,Maruti,Swift,Unknown
563,2018.0,45531,1,Petrol,Mh-04,Automatic,Hatchback,338000,Datsun,Redi Go,Unknown
564,2017.0,61193,1,Diesel,Mh-15,Manual,Hatchback,588000,Hyundai,Grand I10,Unknown
565,2022.0,6592,1,Petrol,Dl-14,Automatic,Hatchback,562000,Renault,Kwid,Unknown
566,2017.0,78854,1,Cng,Mh-02,Manual,Hatchback,403000,Maruti,Wagon R 1.0,Unknown
567,2022.0,20113,1,Petrol,Gj-08,Manual,Hatchback,499000,Hyundai,New Santro,Unknown
568,2021.0,37301,1,Petrol,Br-01,Automatic,Hatchback,572000,Tata,Tiago,Unknown
569,2012.0,74268,1,Petrol,Ka-51,Manual,Hatchback,398000,Maruti,Swift,Unknown
570,2017.0,74195,1,Petrol,Ts-07,Manual,Hatchback,319000,Maruti,Alto 800,Unknown
571,2022.0,11649,1,Diesel,Br-31,Manual,Suv,1028000,Mahindra,Bolero,Unknown
572,2013.0,69263,2,Petrol,Ka-03,Automatic,Hatchback,347000,Hyundai,I10,Unknown
573,2021.0,9350,1,Petrol,Tn-19,Manual,Suv,739000,Ford,Freestyle,Unknown
574,2022.0,8584,1,Petrol,Dl-10,Manual,Sedan,898000,Hyundai,Aura,Unknown
575,2018.0,37437,1,Petrol,Mh-01,Automatic,Suv,1140000,Hyundai,Creta,Unknown
576,2017.0,83623,1,Petrol,Ts-07,Automatic,Suv,798000,Honda,Br-V,Unknown
577,2017.0,110696,1,Diesel,Mp-09,Manual,Hatchback,418000,Tata,Tiago,Unknown
578,2017.0,40502,1,Diesel,Mp-09,Manual,Sedan,782000,Honda,City,Unknown
579,2017.0,99331,2,Diesel,Up-32,Manual,Suv,577000,Maruti,S Cross,Unknown
580,2015.0,47720,1,Petrol,Gj-01,Manual,Hatchback,441000,Hyundai,Grand I10,Unknown
581,2018.0,69176,1,Petrol,Ch-01,Manual,Hatchback,616000,Maruti,Swift,Unknown
582,2018.0,77208,1,Diesel,Dl-7C,Automatic,Suv,891000,Tata,Hexa,Unknown
583,2015.0,75961,1,Petrol,Gj-01,Automatic,Hatchback,312000,Nissan,Micra,Unknown
584,2012.0,24119,1,Petrol,Dl-6C,Manual,Hatchback,314000,Maruti,Swift,Unknown
585,2018.0,30194,2,Petrol,Up-32,Manual,Suv,612000,Honda,Wr-V,Unknown
586,2013.0,98297,2,Petrol,Ka-05,Manual,Hatchback,262000,Hyundai,I10,Unknown
587,2018.0,63221,2,Petrol,Gj-05,Manual,Hatchback,531000,Volkswagen,Polo,Unknown
588,2017.0,83286,1,Petrol,Gj-01,Manual,Hatchback,535000,Volkswagen,Polo,Unknown
589,2018.0,35496,1,Cng,Mh-47,Manual,Hatchback,436000,Maruti,Wagon R 1.0,Unknown
590,2019.0,65664,1,Petrol,Mh-03,Automatic,Sedan,613000,Maruti,Dzire,Unknown
591,2019.0,105614,1,Petrol,Unknown,Manual,Hatchback,656000,Maruti,Baleno,Unknown
592,2012.0,44784,3,Petrol,Ap-09,Manual,Sedan,447000,Hyundai,Verna,Unknown
593,2018.0,61107,2,Diesel,Gj-05,Automatic,Suv,772000,Tata,Nexon,Unknown
594,2016.0,71761,1,Petrol,Mh-50,Manual,Hatchback,404000,Maruti,Wagon R 1.0,Unknown
595,2017.0,67448,2,Petrol,Mh-01,Manual,Sedan,637000,Maruti,Dzire,Unknown
596,2019.0,22401,1,Petrol,Up-16,Automatic,Hatchback,692000,Hyundai,Grand I10 Nios,Unknown
597,2019.0,40066,1,Petrol,Rj-45,Automatic,Hatchback,541000,Maruti,Ignis,Unknown
598,2022.0,10259,1,Petrol,Pb-65,Automatic,Suv,1396000,Maruti,Xl6,Unknown
599,2010.0,69278,2,Petrol,Dl-4C,Manual,Lux_Sedan,234000,Toyota,Corolla Altis,Unknown
600,2020.0,42457,1,Petrol,Ka-22,Automatic,Sedan,1709000,Honda,Civic,Unknown
601,2017.0,66080,1,Petrol,Tn-11,Manual,Hatchback,515000,Hyundai,Grand I10,Unknown
602,2021.0,12199,1,Petrol,Kl-08,Manual,Hatchback,415000,Datsun,Redi Go,Unknown
603,2017.0,39046,1,Petrol,Hr-76,Manual,Hatchback,510000,Maruti,Swift,Unknown
604,2018.0,47897,1,Diesel,Gj-18,Manual,Sedan,1179000,Hyundai,Verna,Unknown
605,2019.0,12713,1,Petrol,Up-78,Manual,Hatchback,444000,Hyundai,New Santro,Unknown
606,2018.0,41338,2,Cng,Gj-36,Automatic,Hatchback,471000,Maruti,Wagon R 1.0,Unknown
607,2018.0,75114,2,Diesel,Hr-26,Automatic,Suv,705000,Renault,Duster,Unknown
608,2017.0,88437,1,Petrol,Gj-01,Manual,Hatchback,370000,Maruti,Wagon R 1.0,Unknown
609,2021.0,24447,1,Cng,Up-32,Manual,Hatchback,554000,Maruti,S Presso,Unknown
610,2021.0,13767,1,Petrol,Tn-73,Automatic,Suv,1143000,Tata,Nexon,Unknown
611,2021.0,35172,1,Petrol,Ka-05,Manual,Hatchback,672000,Tata,Altroz,Unknown
612,2016.0,71822,2,Petrol,Mh-12,Automatic,Hatchback,535000,Hyundai,Grand I10,Unknown
613,2018.0,61212,2,Diesel,Gj-03,Manual,Hatchback,674000,Maruti,Swift,Unknown
614,2022.0,17575,1,Petrol,Mh-03,Manual,Hatchback,1042000,Hyundai,New I20,Unknown
615,2018.0,22528,2,Petrol,Ka-01,Automatic,Sedan,704000,Toyota,Yaris,Unknown
616,2020.0,5574,1,Petrol,Up-14,Manual,Suv,1021000,Maruti,S Cross,Unknown
617,2017.0,63613,1,Petrol,Ts-09,Automatic,Suv,1017000,Hyundai,Creta,Unknown
618,2019.0,35732,2,Cng,Hr-29,Manual,Hatchback,507000,Maruti,New Wagon-R,Unknown
619,2018.0,38650,1,Diesel,Hr-26,Automatic,Suv,1106000,Hyundai,Creta,Unknown
620,2017.0,29558,1,Petrol,Mh-05,Automatic,Hatchback,587000,Honda,Jazz,Unknown
621,2018.0,38130,2,Diesel,Dl-12,Automatic,Lux_Suv,1156000,Mahindra,Xuv500,Unknown
622,2017.0,25039,1,Petrol,Dl-12,Manual,Hatchback,292000,Hyundai,Eon,Unknown
623,2017.0,53014,1,Petrol,Gj-06,Automatic,Lux_Suv,1193000,Honda,Crv,Unknown
624,2016.0,63142,1,Petrol,Gj-15,Manual,Hatchback,496000,Maruti,Baleno,Unknown
625,2016.0,47471,2,Petrol,Tn-03,Manual,Hatchback,336000,Renault,Kwid,Unknown
626,2010.0,91194,3,Petrol,Mh-01,Manual,Hatchback,174000,Hyundai,I10,Unknown
627,2018.0,40437,1,Cng,Mh-43,Manual,Hatchback,428000,Maruti,Wagon R 1.0,Unknown
628,2019.0,88515,1,Diesel,Hr-29,Manual,Suv,809000,Hyundai,Venue,Unknown
629,2020.0,89824,1,Petrol,Ts-33,Manual,Suv,630000,Renault,Triber,Unknown
630,2018.0,51507,2,Petrol,Kl-41,Automatic,Hatchback,584000,Nissan,Micra,Unknown
631,2017.0,77995,1,Petrol,Ka-53,Automatic,Hatchback,753000,Maruti,Baleno,Unknown
632,2021.0,16563,1,Petrol,Pb-27,Manual,Hatchback,462000,Maruti,S Presso,Unknown
633,2015.0,95852,2,Petrol,Mh-31,Manual,Hatchback,506000,Hyundai,I20 Active,Unknown
634,2017.0,45385,1,Cng,Mh-12,Manual,Hatchback,346000,Maruti,Alto 800,Unknown
635,2017.0,68942,2,Petrol,Wb-08,Manual,Suv,436000,Mahindra,Kuv 100 Nxt,Unknown
636,2015.0,43563,1,Petrol,Mh-06,Manual,Hatchback,462700,Maruti,Swift,Unknown
637,2016.0,47771,1,Diesel,Up-14,Manual,Hatchback,428000,Maruti,Swift,Unknown
638,2015.0,25617,1,Petrol,Ka-53,Manual,Hatchback,502000,Hyundai,Grand I10,Unknown
639,2016.0,35690,2,Petrol,Dl-9C,Manual,Hatchback,535000,Hyundai,Elite I20,Unknown
640,2013.0,84969,2,Diesel,Ap-28,Manual,Hatchback,414000,Hyundai,Grand I10,Unknown
641,2014.0,47361,1,Petrol,Pb-08,Manual,Sedan,579000,Honda,City,Unknown
642,2015.0,52763,1,Petrol,Mh-20,Manual,Hatchback,498000,Maruti,Swift,Unknown
643,2020.0,50574,1,Petrol,Mh-31,Manual,Sedan,836000,Toyota,Yaris,Unknown
644,2018.0,42622,1,Diesel,Dl-10,Manual,Hatchback,565000,Maruti,Baleno,Unknown
645,2014.0,31933,2,Petrol,Ap-28,Manual,Hatchback,277000,Maruti,Alto 800,Unknown
646,2019.0,33197,1,Petrol,Up-78,Manual,Hatchback,334000,Maruti,Alto K10,Unknown
647,2017.0,72091,2,Petrol,Gj-06,Manual,Suv,617000,Ford,Ecosport,Unknown
648,2021.0,26755,1,Petrol,Ka-19,Automatic,Hatchback,564000,Renault,Kwid,Unknown
649,2012.0,60351,1,Petrol,Up-16,Manual,Sedan,506000,Maruti,Swift Dzire,Unknown
650,2019.0,60019,1,Cng,Gj-01,Manual,Hatchback,551000,Hyundai,Grand I10,Unknown
651,2016.0,84335,1,Diesel,Gj-27,Manual,Sedan,555000,Maruti,Ciaz,Unknown
652,2017.0,82642,2,Diesel,Gj-01,Automatic,Suv,1029000,Hyundai,Creta,Unknown
653,2019.0,95841,1,Cng,Dl-2C,Manual,Hatchback,492000,Maruti,New Wagon-R,Unknown
654,2018.0,73636,1,Cng,Gj-01,Automatic,Sedan,657000,Maruti,Dzire,Unknown
655,2020.0,44394,1,Petrol,Hr-51,Manual,Hatchback,669000,Hyundai,Elite I20,Unknown
656,2012.0,29056,1,Petrol,Mh-04,Manual,Hatchback,338000,Maruti,Swift,Unknown
657,2019.0,17925,1,Petrol,Hr-26,Manual,Hatchback,518000,Hyundai,Grand I10,Unknown
658,2013.0,45232,1,Petrol,Ka-53,Manual,Sedan,556000,Hyundai,Verna,Unknown
659,2015.0,83590,2,Petrol,Mh-43,Manual,Hatchback,448000,Maruti,Swift,Unknown
660,2021.0,32678,2,Cng,Mh-46,Manual,Hatchback,602000,Maruti,New Wagon-R,Unknown
661,2016.0,51428,1,Petrol,Gj-06,Automatic,Hatchback,421000,Maruti,Wagon R 1.0,Unknown
662,2015.0,55652,1,Petrol,Ka-25,Manual,Sedan,521000,Volkswagen,Vento,Unknown
663,2017.0,64226,2,Petrol,Ts-10,Automatic,Hatchback,522000,Tata,Tiago,Unknown
664,2018.0,93264,2,Petrol,Ts-08,Manual,Hatchback,254000,Maruti,Alto 800,Unknown
665,2017.0,21716,1,Petrol,Tn-10,Manual,Hatchback,319000,Maruti,Alto 800,Unknown
666,2021.0,31750,2,Petrol,Ts-09,Manual,Hatchback,794000,Tata,Altroz,Unknown
667,2018.0,17328,2,Petrol,Dl-9C,Manual,Hatchback,645000,Maruti,Baleno,Unknown
668,2014.0,48192,1,Petrol,Dl-3C,Manual,Hatchback,474000,Hyundai,Elite I20,Unknown
669,2017.0,35617,1,Petrol,Gj-03,Manual,Hatchback,550000,Hyundai,Grand I10,Unknown
670,2018.0,45730,1,Diesel,Dl-12,Manual,Suv,720000,Ford,Ecosport,Unknown
671,2014.0,85512,2,Diesel,Mh-12,Manual,Suv,917000,Toyota,Innova,Unknown
672,2022.0,22783,2,Petrol,Pb-10,Manual,Suv,868000,Maruti,Vitara Brezza,Unknown
673,2018.0,34715,2,Petrol,Tn-09,Manual,Sedan,610000,Skoda,Rapid,Unknown
674,2014.0,64500,1,Cng,Mh-02,Manual,Hatchback,349000,Maruti,Wagon R 1.0,Unknown
675,2022.0,4139,1,Petrol,Gj-01,Manual,Hatchback,551000,Renault,Kwid,Unknown
676,2016.0,48185,1,Petrol,Dl-10,Manual,Sedan,516000,Honda,Amaze,Unknown
677,2018.0,38426,1,Petrol,Ka-03,Manual,Hatchback,566000,Hyundai,Grand I10,Unknown
678,2011.0,57508,1,Diesel,Ap-29,Manual,Sedan,500000,Maruti,Swift Dzire,Unknown
679,2020.0,95141,1,Diesel,Tn-18,Manual,Sedan,796000,Maruti,Ciaz,Unknown
680,2016.0,67429,1,Petrol,Ts-10,Manual,Hatchback,300000,Datsun,Go,Unknown
681,2015.0,96816,2,Diesel,Gj-06,Manual,Lux_Suv,782000,Mahindra,Xuv500,Unknown
682,2013.0,104067,1,Petrol,Unknown,Manual,Sedan,352000,Honda,Amaze,Unknown
683,2019.0,31753,2,Petrol,Gj-17,Manual,Hatchback,541000,Volkswagen,Polo,Unknown
684,2014.0,43865,2,Diesel,Gj-06,Manual,Sedan,722000,Honda,City,Unknown
685,2012.0,57050,1,Petrol,Ka-04,Manual,Hatchback,247000,Maruti,Alto K10,Unknown
686,2017.0,73369,2,Petrol,Tn-11,Automatic,Hatchback,605000,Maruti,Baleno,Unknown
687,2016.0,65466,1,Petrol,Gj-06,Manual,Hatchback,517000,Maruti,Baleno,Unknown
688,2021.0,31605,1,Petrol,Up-16,Manual,Hatchback,477000,Maruti,Celerio,Unknown
689,2016.0,87908,1,Petrol,Ts-13,Manual,Hatchback,426000,Maruti,Wagon R Stingray,Unknown
690,2016.0,116765,2,Petrol,Unknown,Manual,Hatchback,362000,Maruti,Wagon R 1.0,Unknown
691,2016.0,63881,1,Petrol,Dl-5C,Manual,Hatchback,350000,Maruti,Wagon R 1.0,Unknown
692,2015.0,50476,1,Petrol,Ka-05,Manual,Hatchback,673000,Hyundai,Elite I20,Unknown
693,2015.0,57616,2,Petrol,Ka-05,Manual,Hatchback,516000,Maruti,Swift,Unknown
694,2021.0,23748,1,Petrol,Ts-15,Manual,Hatchback,440000,Maruti,Alto,Unknown
695,2018.0,64509,1,Diesel,Hr-16,Manual,Hatchback,522000,Maruti,Swift,Unknown
696,2010.0,105007,3,Petrol,Unknown,Manual,Hatchback,216000,Hyundai,I20,Unknown
697,2012.0,106266,2,Diesel,Ka-04,Manual,Hatchback,410000,Toyota,Etios Liva,Unknown
698,2018.0,29593,1,Petrol,Mh-12,Manual,Hatchback,409000,Nissan,Micra Active,Unknown
699,2018.0,67739,1,Diesel,Mh-47,Manual,Suv,913000,Maruti,Ertiga,Unknown
700,2014.0,36702,1,Petrol,Gj-05,Manual,Hatchback,393000,Hyundai,Grand I10,Unknown
701,2014.0,73957,1,Diesel,Ka-51,Manual,Suv,795000,Maruti,Ertiga,Unknown
702,2011.0,52435,2,Petrol,Ka-53,Manual,Hatchback,210000,Maruti,Alto,Unknown
703,2017.0,64585,1,Petrol,Dl-1C,Manual,Suv,806000,Hyundai,Creta,Unknown
704,2017.0,28830,1,Petrol,Dl-4C,Manual,Hatchback,590000,Hyundai,Elite I20,Unknown
705,2016.0,78990,1,Diesel,Hr-36,Manual,Suv,746000,Hyundai,Creta,Unknown
706,2011.0,124712,1,Diesel,Ka-53,Manual,Hatchback,376000,Maruti,Ritz,Unknown
707,2017.0,30446,2,Petrol,Dl-9C,Manual,Hatchback,305000,Maruti,Alto K10,Unknown
708,2019.0,99943,2,Petrol,Hr-26,Manual,Sedan,205000,Honda,City,Unknown
709,2020.0,42009,1,Petrol,Dl-10,Manual,Sedan,649000,Hyundai,Aura,Unknown
710,2020.0,49087,1,Petrol,Ka-50,Manual,Hatchback,762000,Hyundai,Elite I20,Unknown
711,2011.0,33326,1,Petrol,Hr-51,Manual,Hatchback,222000,Hyundai,I10,Unknown
712,2021.0,61791,1,Cng,Mh-46,Manual,Hatchback,535000,Maruti,Celerio,Unknown
713,2016.0,48886,1,Petrol,Tn-11,Manual,Hatchback,619000,Hyundai,Elite I20,Unknown
714,2021.0,42662,1,Cng,Dl-8C,Manual,Hatchback,517000,Maruti,Celerio,Unknown
715,2010.0,87845,1,Petrol,Wb-06,Manual,Hatchback,216000,Hyundai,I20,Unknown
716,2018.0,31247,1,Diesel,Up-14,Manual,Suv,698000,Maruti,Vitara Brezza,Unknown
717,2017.0,97370,2,Diesel,Mh-14,Automatic,Lux_Sedan,1313000,Skoda,Octavia,Unknown
718,2016.0,39201,1,Petrol,Mh-47,Manual,Hatchback,360000,Maruti,Wagon R 1.0,Unknown
719,2015.0,23358,2,Petrol,Mh-12,Automatic,Sedan,673000,Honda,City,Unknown
720,2020.0,113077,1,Petrol,Unknown,Automatic,Sedan,719000,Maruti,Dzire,Unknown
721,2021.0,60266,1,Cng,Ts-15,Manual,Hatchback,599000,Maruti,New Wagon-R,Unknown
722,2012.0,88521,1,Petrol,Mh-02,Automatic,Sedan,556000,Maruti,Swift Dzire,Unknown
723,2015.0,62617,1,Petrol,Dl-3C,Manual,Hatchback,367000,Maruti,Swift,Unknown
724,2019.0,37817,1,Petrol,Rj-02,Manual,Hatchback,326000,Maruti,Alto 800,Unknown
725,2020.0,20764,1,Petrol,Gj-07,Manual,Hatchback,504000,Maruti,Ignis,Unknown
726,2021.0,52141,1,Petrol,Up-32,Manual,Suv,759000,Nissan,Magnite,Unknown
727,2019.0,35545,1,Petrol,Ts-10,Manual,Hatchback,772000,Maruti,Baleno,Unknown
728,2016.0,43371,1,Petrol,Mh-47,Manual,Hatchback,519000,Honda,Jazz,Unknown
729,2016.0,64162,1,Petrol,Hr-26,Manual,Sedan,505000,Maruti,Ciaz,Unknown
730,2017.0,69734,1,Petrol,Ka-19,Manual,Hatchback,454000,Tata,Tiago,Unknown
731,2016.0,26923,1,Petrol,Ka-03,Manual,Hatchback,522000,Hyundai,Grand I10,Unknown
732,2014.0,68015,1,Petrol,Hr-26,Manual,Hatchback,330000,Maruti,Wagon R 1.0,Unknown
733,2020.0,18568,1,Petrol,Ka-53,Manual,Hatchback,856000,Hyundai,New I20,Unknown
734,2014.0,70510,1,Petrol,Ts-09,Manual,Hatchback,339000,Maruti,Wagon R 1.0,Unknown
735,2019.0,77243,1,Petrol,Ka-51,Automatic,Suv,942000,Tata,Nexon,Unknown
736,2021.0,82169,1,Cng,Up-32,Manual,Hatchback,645000,Hyundai,Grand I10 Nios,Unknown
737,2016.0,34456,1,Petrol,Mh-03,Manual,Hatchback,366000,Honda,Brio,Unknown
738,2017.0,83608,1,Petrol,Up-16,Manual,Hatchback,556000,Hyundai,Elite I20,Unknown
739,2016.0,65099,2,Petrol,Dl-10,Manual,Sedan,532000,Hyundai,Verna,Unknown
740,2021.0,16659,1,Petrol,Pb-10,Automatic,Hatchback,785000,Hyundai,New I20,Unknown
741,2012.0,62968,1,Petrol,Mh-04,Manual,Hatchback,283000,Volkswagen,Polo,Unknown
742,2021.0,7159,1,Petrol,Dl-3C,Manual,Hatchback,599000,Maruti,Swift,Unknown
743,2013.0,92951,1,Diesel,Mh-01,Manual,Sedan,700000,Maruti,Swift Dzire,Unknown
744,2021.0,35529,1,Petrol,Mh-14,Automatic,Hatchback,797000,Hyundai,New I20,Unknown
745,2015.0,104289,1,Petrol,Unknown,Manual,Sedan,394000,Honda,Amaze,Unknown
746,2014.0,62815,2,Petrol,Dl-8C,Manual,Hatchback,283000,Hyundai,I10,Unknown
747,2015.0,51819,1,Petrol,Tn-02,Manual,Sedan,795000,Honda,City,Unknown
748,2015.0,66149,1,Petrol,Ka-01,Manual,Sedan,748000,Honda,Amaze,Unknown
749,2015.0,65655,1,Petrol,Mh-47,Manual,Suv,773000,Hyundai,Creta,Unknown
750,2014.0,77696,1,Petrol,Mh-49,Manual,Sedan,585000,Hyundai,Xcent,Unknown
751,2018.0,65759,1,Petrol,Ka-20,Automatic,Sedan,959650,Maruti,Ciaz,Unknown
752,2013.0,62437,2,Petrol,Ap-28,Manual,Hatchback,239000,Maruti,Alto K10,Unknown
753,2013.0,112343,1,Petrol,Unknown,Manual,Suv,593000,Maruti,Ertiga,Unknown
754,2011.0,57364,2,Petrol,Ka-02,Manual,Hatchback,320000,Maruti,Ritz,Unknown
755,2011.0,84623,1,Petrol,Ka-04,Manual,Hatchback,327000,Maruti,Ritz,Unknown
756,2014.0,102566,2,Petrol,Unknown,Automatic,Sedan,356000,Honda,City,Unknown
757,2021.0,20733,1,Petrol,Gj-05,Automatic,Hatchback,492000,Renault,Kwid,Unknown
758,2020.0,54743,1,Petrol,Gj-06,Manual,Hatchback,603000,Maruti,Baleno,Unknown
759,2021.0,20531,1,Petrol,Mh-14,Manual,Hatchback,470000,Renault,Kwid,Unknown
760,2015.0,92736,1,Petrol,Ka-09,Manual,Hatchback,473000,Hyundai,Grand I10,Unknown
761,2014.0,46473,1,Petrol,Mh-12,Manual,Hatchback,427000,Hyundai,Grand I10,Unknown
762,2016.0,35251,2,Petrol,Ka-19,Automatic,Hatchback,549000,Hyundai,Grand I10,Unknown
763,2016.0,74717,1,Petrol,Kl-22,Manual,Suv,522000,Ford,Ecosport,Unknown
764,2014.0,46247,2,Petrol,Hr-26,Manual,Hatchback,343000,Maruti,Swift,Unknown
765,2017.0,22025,2,Petrol,Ts-07,Manual,Hatchback,556000,Hyundai,Grand I10,Unknown
766,2016.0,63976,1,Petrol,Gj-01,Manual,Hatchback,439000,Hyundai,Grand I10,Unknown
767,2020.0,87904,1,Petrol,Ts-10,Manual,Sedan,706000,Maruti,Dzire,Unknown
768,2019.0,19070,1,Petrol,Gj-03,Manual,Hatchback,359000,Maruti,Alto,Unknown
769,2012.0,59377,1,Petrol,Mh-12,Manual,Hatchback,258000,Hyundai,Eon,Unknown
770,2016.0,49994,1,Petrol,Wb-02,Manual,Hatchback,561000,Hyundai,Elite I20,Unknown
771,2016.0,64247,1,Petrol,Tn-01,Manual,Hatchback,416000,Maruti,Celerio,Unknown
772,2018.0,55927,1,Diesel,Ka-51,Automatic,Suv,960000,Maruti,Vitara Brezza,Unknown
773,2019.0,57406,1,Petrol,Hr-10,Manual,Suv,523000,Renault,Triber,Unknown
774,2017.0,30534,1,Petrol,Ka-53,Manual,Hatchback,690000,Hyundai,Elite I20,Unknown
775,2011.0,41014,1,Petrol,Ka-05,Manual,Hatchback,230000,Maruti,Alto,Unknown
776,2018.0,25425,1,Petrol,Mh-03,Manual,Hatchback,401000,Maruti,Wagon R 1.0,Unknown
777,2010.0,96216,2,Petrol,Up-16,Manual,Hatchback,189000,Maruti,Swift,Unknown
778,2018.0,50688,1,Petrol,Pb-10,Manual,Hatchback,470000,Hyundai,Grand I10,Unknown
779,2019.0,52231,1,Petrol,Ka-13,Manual,Hatchback,450000,Renault,Kwid,Unknown
780,2017.0,53128,1,Petrol,Ka-41,Manual,Hatchback,388000,Renault,Kwid,Unknown
781,2011.0,46496,2,Petrol,Ka-03,Manual,Hatchback,258000,Hyundai,Santro Xing,Unknown
782,2020.0,32760,2,Petrol,Tn-03,Manual,Hatchback,467000,Maruti,Celerio,Unknown
783,2012.0,87108,1,Cng,Dl-9C,Manual,Hatchback,252000,Maruti,Wagon R 1.0,Unknown
784,2016.0,57459,1,Petrol,Ka-53,Manual,Hatchback,658000,Hyundai,Elite I20,Unknown
785,2020.0,10335,1,Petrol,Ts-08,Automatic,Hatchback,760000,Hyundai,Grand I10 Nios,Unknown
786,2013.0,49586,2,Petrol,Ka-03,Manual,Sedan,535000,Honda,City,Unknown
787,2016.0,43929,1,Petrol,Hr-26,Manual,Hatchback,513000,Maruti,Baleno,Unknown
788,2022.0,4777,1,Petrol,Mh-14,Manual,Hatchback,717000,Maruti,New Wagon-R,Unknown
789,2016.0,89240,1,Petrol,Ts-08,Manual,Hatchback,439000,Volkswagen,Polo,Unknown
790,2021.0,17585,1,Petrol,Hr-98,Automatic,Hatchback,485000,Renault,Kwid,Unknown
791,2016.0,18965,1,Petrol,Ka-01,Automatic,Suv,777000,Ford,Ecosport,Unknown
792,2012.0,100479,3,Diesel,Ka-01,Manual,Suv,579000,Maruti,Ertiga,Unknown
793,2019.0,54443,1,Diesel,Gj-01,Manual,Suv,860000,Mahindra,Xuv 3Oo,Unknown
794,2015.0,34665,2,Petrol,Mp-09,Manual,Hatchback,307000,Maruti,Celerio,Unknown
795,2016.0,51976,1,Petrol,Ts-07,Manual,Hatchback,558000,Maruti,Baleno,Unknown
796,2018.0,71723,1,Cng,Mh-12,Manual,Hatchback,446000,Maruti,Wagon R 1.0,Unknown
797,2019.0,78332,1,Diesel,Dl-1C,Automatic,Sedan,618000,Honda,City,Unknown
798,2017.0,48063,1,Petrol,Dl-9C,Manual,Hatchback,563000,Hyundai,Elite I20,Unknown
799,2014.0,39175,1,Petrol,Up-16,Manual,Hatchback,505000,Hyundai,Elite I20,Unknown
800,2018.0,65441,1,Cng,Gj-06,Manual,Hatchback,579000,Hyundai,Elite I20,Unknown
801,2017.0,96097,2,Diesel,Ka-03,Automatic,Sedan,611000,Honda,City,Unknown
802,2019.0,53481,1,Cng,Dl-1C,Manual,Hatchback,533000,Maruti,New Wagon-R,Unknown
803,2016.0,93648,2,Cng,Mh-47,Manual,Suv,723000,Maruti,Ertiga,Unknown
804,2019.0,46622,2,Petrol,Tn-60,Manual,Hatchback,501000,Hyundai,Grand I10,Unknown
805,2018.0,80250,1,Petrol,Hr-51,Automatic,Suv,699000,Ford,Ecosport,Unknown
806,2014.0,8767,1,Petrol,Mh-46,Manual,Sedan,990000,Hyundai,Xcent,Unknown
807,2016.0,41464,1,Petrol,Ka-05,Automatic,Hatchback,520000,Maruti,Celerio,Unknown
808,2013.0,97378,2,Cng,Mh-02,Manual,Hatchback,285000,Maruti,Wagon R 1.0,Unknown
809,2020.0,66625,1,Petrol,Mp-15,Manual,Hatchback,608000,Maruti,New Wagon-R,Unknown
810,2019.0,29548,1,Petrol,Hr-51,Manual,Hatchback,538000,Maruti,New Wagon-R,Unknown
811,2018.0,27522,2,Petrol,Dl-14,Manual,Hatchback,254000,Datsun,Redi Go,Unknown
812,2020.0,10662,1,Petrol,Gj-06,Manual,Hatchback,442000,Maruti,S Presso,Unknown
813,2019.0,58698,1,Petrol,Tn-09,Automatic,Sedan,725000,Volkswagen,Ameo,Unknown
814,2022.0,2648,1,Petrol,Gj-02,Manual,Suv,806000,Renault,Triber,Unknown
815,2017.0,102483,1,Diesel,Kl-63,Manual,Suv,744700,Honda,Wr-V,Unknown
816,2018.0,61528,2,Petrol,Gj-05,Manual,Suv,382000,Mahindra,Kuv 100 Nxt,Unknown
817,2018.0,39832,2,Petrol,Dl-2C,Automatic,Sedan,813000,Maruti,Ciaz,Unknown
818,2019.0,56907,1,Petrol,Up-53,Manual,Hatchback,570000,Maruti,Swift,Unknown
819,2017.0,70693,2,Petrol,Dl-8C,Manual,Hatchback,432000,Maruti,Ignis,Unknown
820,2017.0,34665,2,Petrol,Ts-25,Manual,Hatchback,451000,Maruti,Celerio,Unknown
821,2012.0,82143,2,Petrol,Ka-03,Automatic,Hatchback,349000,Hyundai,I10,Unknown
822,2013.0,106211,2,Diesel,Hr-30,Manual,Hatchback,308000,Toyota,Etios Liva,Unknown
823,2022.0,6743,1,Petrol,Ch-01,Automatic,Suv,1231000,Hyundai,Venue,Unknown
824,2018.0,45297,1,Petrol,Dl-8C,Manual,Sedan,422000,Maruti,Ciaz,Unknown
825,2015.0,39615,1,Petrol,Hr-72,Manual,Hatchback,257000,Maruti,Alto 800,Unknown
826,2012.0,51764,2,Petrol,Up-78,Automatic,Sedan,395000,Honda,City,Unknown
827,2018.0,20381,1,Petrol,Mh-03,Manual,Sedan,387000,Maruti,Dzire,Unknown
828,2021.0,15926,1,Petrol,Tn-38,Manual,Hatchback,884000,Tata,Altroz,Unknown
829,2015.0,71661,1,Petrol,Gj-03,Manual,Hatchback,449000,Hyundai,Grand I10,Unknown
830,2018.0,44296,2,Cng,Mh-05,Manual,Hatchback,431000,Maruti,Wagon R 1.0,Unknown
831,2018.0,65607,1,Petrol,Tn-11,Manual,Hatchback,481000,Hyundai,New Santro,Unknown
832,2014.0,56722,1,Petrol,Pb-10,Manual,Hatchback,251000,Maruti,Alto 800,Unknown
833,2020.0,53570,1,Petrol,Hr-26,Manual,Hatchback,421000,Maruti,Celerio,Unknown
834,2019.0,72801,1,Petrol,Gj-01,Manual,Hatchback,613000,Hyundai,Elite I20,Unknown
835,2016.0,32582,1,Petrol,Tn-10,Manual,Sedan,535000,Honda,Amaze,Unknown
836,2017.0,34853,1,Petrol,Hr-26,Manual,Hatchback,352000,Maruti,Alto K10,Unknown
837,2010.0,83894,2,Petrol,Ka-05,Manual,Hatchback,279000,Hyundai,I10,Unknown
838,2016.0,80719,1,Petrol,Hr-26,Automatic,Suv,845000,Hyundai,Creta,Unknown
839,2019.0,52993,1,Diesel,Ts-10,Automatic,Lux_Suv,1907000,Volkswagen,Tiguan,Unknown
840,2010.0,48667,2,Petrol,Ap-28,Manual,Hatchback,270000,Hyundai,I10,Unknown
841,2014.0,77426,1,Petrol,Ka-32,Manual,Hatchback,295000,Hyundai,Santro Xing,Unknown
842,2015.0,60638,2,Petrol,Ts-09,Manual,Hatchback,385000,Hyundai,I10,Unknown
843,2019.0,63600,1,Petrol,Pb-02,Automatic,Hatchback,819000,Toyota,Glanza,Unknown
844,2017.0,44639,2,Petrol,Wb-02,Manual,Hatchback,313000,Nissan,Micra Active,Unknown
845,2017.0,51665,1,Diesel,Hr-34,Manual,Suv,625000,Ford,Ecosport,Unknown
846,2014.0,33230,1,Petrol,Ka-51,Manual,Hatchback,366000,Maruti,Wagon R 1.0,Unknown
847,2018.0,56410,1,Petrol,Ka-50,Automatic,Hatchback,702000,Maruti,Swift,Unknown
848,2016.0,97166,1,Diesel,Gj-36,Manual,Suv,741000,Maruti,Ertiga,Unknown
849,2011.0,94852,1,Petrol,Br-01,Manual,Hatchback,150000,Hyundai,Santro Xing,Unknown
850,2017.0,69054,1,Petrol,Ka-05,Automatic,Hatchback,675000,Honda,Jazz,Unknown
851,2021.0,26771,1,Cng,Hr-30,Manual,Hatchback,414000,Maruti,Alto,Unknown
852,2014.0,80360,1,Cng,Gj-05,Manual,Hatchback,295000,Maruti,Wagon R 1.0,Unknown
853,2016.0,54475,1,Diesel,Hr-26,Manual,Suv,497000,Renault,Duster,Unknown
854,2017.0,54561,2,Petrol,Ka-51,Automatic,Sedan,822000,Honda,Amaze,Unknown
855,2016.0,71521,1,Petrol,Wb-02,Manual,Suv,677000,Hyundai,Creta,Unknown
856,2012.0,53300,2,Petrol,Mh-48,Manual,Hatchback,264000,Honda,Brio,Unknown
857,2021.0,7273,1,Petrol,Gj-07,Manual,Hatchback,480000,Maruti,S Presso,Unknown
858,2017.0,50602,1,Petrol,Ts-08,Manual,Hatchback,310000,Datsun,Go,Unknown
859,2021.0,45930,1,Petrol,Gj-21,Manual,Suv,929000,Hyundai,Venue,Unknown
860,2017.0,48285,1,Petrol,Ka-51,Manual,Hatchback,706000,Hyundai,Elite I20,Unknown
861,2019.0,16633,1,Petrol,Ka-02,Manual,Sedan,838800,Tata,Tigor,Unknown
862,2018.0,92090,1,Petrol,Ts-07,Manual,Hatchback,311000,Maruti,Alto K10,Unknown
863,2017.0,30125,2,Petrol,Hr-26,Manual,Hatchback,448000,Maruti,Ignis,Unknown
864,2018.0,15504,1,Petrol,Mh-43,Automatic,Sedan,790000,Hyundai,Verna,Unknown
865,2019.0,21541,1,Petrol,Tn-03,Manual,Hatchback,322000,Datsun,Redi Go,Unknown
866,2019.0,39504,2,Petrol,Hr-03,Automatic,Hatchback,589000,Maruti,Ignis,Unknown
867,2012.0,30029,1,Petrol,Hr-23,Manual,Hatchback,201650,Maruti,Alto K10,Unknown
868,2017.0,42231,1,Petrol,Dl-10,Automatic,Sedan,909000,Maruti,Dzire,Unknown
869,2011.0,76969,1,Petrol,Dl-3C,Manual,Sedan,265000,Toyota,Etios,Unknown
870,2016.0,31663,2,Petrol,Ka-53,Manual,Hatchback,253000,Datsun,Redi Go,Unknown
871,2013.0,77289,1,Petrol,Ka-05,Manual,Hatchback,416000,Hyundai,I20,Unknown
872,2015.0,78110,1,Petrol,Gj-05,Manual,Hatchback,464000,Maruti,Swift,Unknown
873,2014.0,78125,1,Petrol,Hr-26,Manual,Hatchback,258000,Maruti,Wagon R 1.0,Unknown
874,2018.0,8828,1,Petrol,Ka-51,Automatic,Sedan,892250,Hyundai,Xcent,Unknown
875,2019.0,53360,1,Petrol,Hr-29,Manual,Hatchback,584000,Maruti,Baleno,Unknown
876,2017.0,83251,1,Petrol,Gj-01,Manual,Hatchback,314000,Maruti,Alto 800,Unknown
877,2020.0,29765,2,Petrol,Ts-03,Manual,Hatchback,692000,Hyundai,Grand I10 Nios,Unknown
878,2021.0,16082,1,Petrol,Ka-04,Automatic,Hatchback,1003000,Renault,Kiger,Unknown
879,2018.0,80448,1,Diesel,Hr-26,Automatic,Suv,1133000,Hyundai,Creta,Unknown
880,2021.0,22474,1,Petrol,Br-01,Automatic,Hatchback,840000,Maruti,Baleno,Unknown
881,2018.0,88437,1,Petrol,Gj-07,Automatic,Hatchback,337000,Renault,Kwid,Unknown
882,2015.0,110874,1,Petrol,Unknown,Manual,Hatchback,239000,Maruti,Alto K10,Unknown
883,2019.0,55685,2,Petrol,Up-32,Manual,Hatchback,366000,Maruti,S Presso,Unknown
884,2017.0,49576,2,Petrol,Ka-02,Manual,Suv,735000,Renault,Duster,Unknown
885,2021.0,57566,1,Petrol,Wb-02,Manual,Sedan,355000,Maruti,Ciaz,Unknown
886,2019.0,122381,1,Cng,Hr-36,Manual,Hatchback,420000,Tata,Tiago,Unknown
887,2017.0,49543,1,Petrol,Ch-01,Manual,Lux_Sedan,982000,Toyota,Corolla Altis,Unknown
888,2019.0,63772,1,Petrol,Up-37,Manual,Hatchback,523000,Maruti,Swift,Unknown
889,2018.0,41226,2,Petrol,Pb-10,Manual,Hatchback,313000,Maruti,Alto 800,Unknown
890,2019.0,45144,1,Diesel,Dl-9C,Automatic,Suv,850000,Maruti,Vitara Brezza,Unknown
891,2016.0,68927,1,Petrol,Dl-12,Manual,Hatchback,566000,Honda,Jazz,Unknown
892,2015.0,53338,1,Petrol,Mh-14,Manual,Hatchback,458000,Maruti,Swift,Unknown
893,2013.0,50574,1,Petrol,Dl-8C,Manual,Hatchback,271000,Honda,Brio,Unknown
894,2018.0,44110,2,Cng,Mh-12,Manual,Hatchback,530000,Maruti,Celerio,Unknown
895,2018.0,81601,1,Diesel,Up-14,Manual,Suv,713000,Maruti,Vitara Brezza,Unknown
896,2010.0,72351,2,Petrol,Tn-06,Manual,Hatchback,235000,Hyundai,I10,Unknown
897,2015.0,32914,1,Petrol,Mh-31,Manual,Hatchback,255000,Maruti,Alto 800,Unknown
898,2015.0,60691,2,Petrol,Ka-26,Manual,Hatchback,511000,Hyundai,Grand I10,Unknown
899,2016.0,111238,1,Petrol,Unknown,Manual,Sedan,418000,Hyundai,Verna,Unknown
900,2018.0,95268,1,Diesel,Hr-10,Manual,Suv,692000,Tata,Nexon,Unknown
901,2017.0,55827,1,Petrol,Dl-6C,Manual,Hatchback,351000,Maruti,Wagon R 1.0,Unknown
902,2018.0,51149,1,Petrol,Dl-3C,Automatic,Sedan,499000,Maruti,Dzire,Unknown
903,2017.0,79697,1,Petrol,Hr-30,Manual,Hatchback,420000,Maruti,Swift,Unknown
904,2017.0,99215,1,Diesel,Ts-02,Automatic,Suv,1154000,Hyundai,Creta,Unknown
905,2019.0,34867,1,Petrol,Gj-27,Manual,Suv,934000,Maruti,Ertiga,Unknown
906,2015.0,93424,2,Diesel,Ka-01,Automatic,Sedan,533000,Skoda,Rapid,Unknown
907,2017.0,7245,1,Petrol,Kl-01,Manual,Sedan,684000,Maruti,Dzire,Unknown
908,2019.0,17303,2,Petrol,Dl-8C,Automatic,Hatchback,475000,Hyundai,New Santro,Unknown
909,2018.0,27132,1,Petrol,Dl-10,Manual,Hatchback,612000,Volkswagen,Polo,Unknown
910,2020.0,17587,1,Petrol,Rj-02,Manual,Hatchback,387000,Datsun,Redi Go,Unknown
911,2017.0,38964,1,Petrol,Mh-14,Manual,Hatchback,616000,Maruti,Baleno,Unknown
912,2015.0,54680,1,Diesel,Ka-03,Manual,Hatchback,726000,Maruti,Swift,Unknown
913,2016.0,93104,1,Petrol,Ts-07,Automatic,Suv,1011000,Hyundai,Creta,Unknown
914,2018.0,26597,2,Petrol,Mh-02,Manual,Suv,865000,Hyundai,Creta,Unknown
915,2018.0,57720,2,Petrol,Mh-02,Manual,Hatchback,575000,Maruti,Baleno,Unknown
916,2021.0,57940,1,Cng,Hr-13,Manual,Hatchback,493000,Maruti,Celerio,Unknown
917,2020.0,38602,1,Petrol,Ch-01,Automatic,Hatchback,583000,Tata,Tiago,Unknown
918,2020.0,28952,1,Petrol,Pb-08,Manual,Hatchback,354000,Maruti,Alto,Unknown
919,2015.0,90327,1,Diesel,Ts-08,Manual,Hatchback,547000,Hyundai,Elite I20,Unknown
920,2014.0,46041,1,Petrol,Hr-26,Manual,Hatchback,271000,Maruti,Alto K10,Unknown
921,2016.0,93785,1,Petrol,Ts-07,Manual,Hatchback,595000,Maruti,Swift,Unknown
922,2019.0,9169,2,Petrol,Mh-04,Manual,Hatchback,609000,Hyundai,Elite I20,Unknown
923,2017.0,100102,1,Petrol,Unknown,Manual,Hatchback,399000,Honda,Jazz,Unknown
924,2012.0,113179,1,Petrol,Unknown,Manual,Hatchback,290000,Maruti,Swift,Unknown
925,2011.0,46849,1,Petrol,Mp-09,Manual,Sedan,287000,Toyota,Etios,Unknown
926,2022.0,9764,1,Petrol,Kl-82,Manual,Hatchback,385000,Maruti,Alto,Unknown
927,2019.0,70106,2,Petrol,Ch-01,Manual,Hatchback,316000,Maruti,Alto,Unknown
928,2016.0,105224,2,Petrol,Unknown,Manual,Hatchback,636000,Maruti,Baleno,Unknown
929,2020.0,22814,2,Petrol,Ka-51,Manual,Suv,927000,Hyundai,Venue,Unknown
930,2020.0,49189,1,Petrol,Tn-15,Manual,Sedan,492000,Honda,City,Unknown
931,2020.0,58817,2,Petrol,Ts-28,Manual,Sedan,714000,Maruti,Dzire,Unknown
932,2015.0,62728,1,Petrol,Ka-04,Automatic,Hatchback,483000,Maruti,Celerio,Unknown
933,2015.0,37160,1,Petrol,Mh-01,Manual,Hatchback,361000,Maruti,Celerio,Unknown
934,2021.0,3525,1,Petrol,Wb-26,Manual,Sedan,685000,Hyundai,Aura,Unknown
935,2019.0,10519,1,Petrol,Wb-26,Manual,Hatchback,571000,Maruti,Swift,Unknown
936,2016.0,75598,2,Petrol,Ka-05,Automatic,Suv,939000,Hyundai,Creta,Unknown
937,2017.0,49229,1,Petrol,Ts-07,Manual,Hatchback,663000,Hyundai,Elite I20,Unknown
938,2021.0,17273,1,Petrol,Tn-06,Manual,Hatchback,856000,Maruti,Swift,Unknown
939,2021.0,53546,1,Petrol,Mh-46,Automatic,Hatchback,828000,Honda,Jazz,Unknown
940,2017.0,86921,1,Cng,Gj-18,Manual,Hatchback,520000,Hyundai,Grand I10,Unknown
941,2019.0,44561,1,Petrol,Dl-10,Manual,Hatchback,633000,Maruti,Baleno,Unknown
942,2015.0,87375,1,Petrol,Mh-40,Manual,Hatchback,331000,Maruti,Wagon R 1.0,Unknown
943,2019.0,54123,1,Petrol,Ts-08,Automatic,Sedan,750000,Maruti,Dzire,Unknown
944,2020.0,29900,1,Petrol,Rj-21,Manual,Suv,512000,Renault,Triber,Unknown
945,2017.0,26530,1,Petrol,Mh-47,Manual,Hatchback,488000,Maruti,Ignis,Unknown
946,2018.0,66297,1,Petrol,Mh-15,Manual,Hatchback,321000,Maruti,Alto 800,Unknown
947,2019.0,42221,1,Diesel,Up-16,Manual,Suv,774000,Mahindra,Thar,Unknown
948,2014.0,23990,2,Petrol,Mh-02,Automatic,Sedan,785000,Tata,Zest,Unknown
949,2020.0,103651,2,Diesel,Tn-22,Manual,Sedan,544000,Hyundai,Aura,Unknown
950,2015.0,70706,1,Petrol,Dl-8C,Manual,Hatchback,374000,Maruti,Swift,Unknown
951,2019.0,43172,2,Cng,Mh-48,Manual,Hatchback,451000,Hyundai,New Santro,Unknown
952,2011.0,87929,1,Petrol,Dl-3C,Manual,Hatchback,167000,Maruti,Zen Estilo,Unknown
953,2019.0,27760,1,Petrol,Hr-19,Manual,Hatchback,314000,Maruti,Alto,Unknown
954,2012.0,94158,2,Petrol,Mh-31,Manual,Sedan,260000,Volkswagen,Vento,Unknown
955,2012.0,36278,2,Petrol,Ka-41,Manual,Hatchback,324000,Maruti,Wagon R 1.0,Unknown
956,2017.0,85374,1,Petrol,Rj-14,Manual,Hatchback,418000,Hyundai,Grand I10,Unknown
957,2010.0,110360,2,Petrol,Unknown,Manual,Sedan,250000,Honda,City,Unknown
958,2022.0,3750,1,Petrol,Gj-19,Automatic,Suv,879000,Tata,Punch,Unknown
959,2017.0,44783,1,Cng,Dl-8C,Manual,Hatchback,528000,Hyundai,Elite I20,Unknown
960,2012.0,61504,1,Petrol,Dl-2C,Manual,Hatchback,220000,Maruti,Wagon R 1.0,Unknown
961,2016.0,58760,1,Petrol,Gj-27,Automatic,Hatchback,423000,Maruti,Wagon R 1.0,Unknown
962,2018.0,49381,1,Petrol,Ts-08,Manual,Sedan,704000,Hyundai,Verna,Unknown
963,2013.0,36750,1,Petrol,Dl-2C,Manual,Hatchback,307000,Maruti,Swift,Unknown
964,2019.0,22276,1,Petrol,Mh-04,Manual,Suv,813000,Ford,Ecosport,Unknown
965,2012.0,21628,1,Petrol,Wb-26,Manual,Sedan,819000,Honda,City,Unknown
966,2021.0,23797,1,Petrol,Mh-12,Manual,Hatchback,730000,Maruti,Swift,Unknown
967,2017.0,58132,1,Petrol,Wb-02,Automatic,Sedan,788000,Hyundai,Xcent,Unknown
968,2017.0,86757,2,Petrol,Ka-01,Manual,Hatchback,643000,Volkswagen,Polo,Unknown
969,2011.0,23584,1,Petrol,Dl-8C,Manual,Hatchback,188000,Maruti,Alto K10,Unknown
970,2014.0,38275,1,Petrol,Ka-05,Manual,Hatchback,381000,Maruti,Celerio,Unknown
971,2013.0,84257,1,Diesel,Mh-49,Manual,Hatchback,369000,Maruti,Ritz,Unknown
972,2017.0,67681,1,Diesel,Ka-01,Manual,Suv,739000,Honda,Wr-V,Unknown
973,2012.0,115917,3,Diesel,Mh-14,Manual,Hatchback,391000,Maruti,Swift,Unknown
974,2017.0,44446,1,Petrol,Gj-01,Manual,Sedan,563000,Volkswagen,Vento,Unknown
975,2012.0,42217,2,Petrol,Ts-08,Manual,Hatchback,331000,Maruti,Wagon R 1.0,Unknown
976,2018.0,33792,1,Petrol,Ka-19,Manual,Sedan,716000,Honda,Amaze,Unknown
977,2010.0,49983,1,Petrol,Hr-24,Manual,Hatchback,149000,Maruti,Alto,Unknown
978,2018.0,79671,1,Petrol,Gj-26,Manual,Hatchback,277000,Maruti,Alto 800,Unknown
979,2016.0,66224,1,Diesel,Up-14,Manual,Hatchback,455000,Maruti,Swift,Unknown
980,2019.0,101063,1,Petrol,Unknown,Manual,Sedan,519000,Maruti,Ciaz,Unknown
981,2014.0,66599,1,Petrol,Kl-01,Manual,Hatchback,195000,Datsun,Go,Unknown
982,2019.0,52748,1,Petrol,Gj-27,Manual,Hatchback,681000,Hyundai,Elite I20,Unknown
983,2016.0,50459,1,Petrol,Mh-47,Manual,Hatchback,573000,Maruti,Baleno,Unknown
984,2014.0,46054,2,Petrol,Ka-01,Manual,Hatchback,450000,Hyundai,Grand I10,Unknown
985,2017.0,102941,1,Petrol,Unknown,Manual,Hatchback,505000,Maruti,Ignis,Unknown
986,2016.0,85507,1,Petrol,Up-32,Manual,Sedan,541000,Maruti,Ciaz,Unknown
987,2019.0,47714,1,Petrol,Pb-65,Manual,Hatchback,342000,Maruti,Alto 800,Unknown
988,2018.0,88907,1,Diesel,Dl-10,Automatic,Lux_Suv,1785000,Volkswagen,Tiguan,Unknown
989,2018.0,59468,1,Petrol,Up-32,Manual,Sedan,549000,Maruti,Dzire,Unknown
990,2013.0,30079,1,Petrol,Mh-43,Manual,Hatchback,305000,Hyundai,Grand I10,Unknown
991,2014.0,81795,2,Petrol,Mh-12,Automatic,Hatchback,419000,Honda,Brio,Unknown
992,2014.0,66059,1,Petrol,Ts-12,Manual,Sedan,553000,Honda,City,Unknown
993,2019.0,72577,1,Diesel,Ts-07,Automatic,Suv,960000,Maruti,Vitara Brezza,Unknown
994,2014.0,96999,1,Petrol,Mh-14,Manual,Hatchback,449000,Hyundai,I20,Unknown
995,2017.0,64826,1,Petrol,Dl-10,Automatic,Hatchback,508000,Hyundai,Grand I10,Unknown
996,2021.0,8455,1,Cng,Mh-02,Manual,Hatchback,710000,Hyundai,Grand I10 Nios,Unknown
997,2020.0,98780,1,Diesel,Mh-43,Manual,Sedan,678000,Hyundai,Verna,Unknown
998,2017.0,45599,1,Petrol,Dl-4C,Manual,Sedan,260000,Volkswagen,Vento,Unknown
999,2020.0,57668,2,Diesel,Br-31,Manual,Hatchback,510000,Ford,New Figo,Unknown
1000,2017.0,57322,1,Diesel,Up-16,Manual,Hatchback,454000,Maruti,Swift,Unknown
1001,2016.0,87447,1,Petrol,Ka-51,Manual,Hatchback,413000,Hyundai,Grand I10,Unknown
1002,2014.0,29018,1,Petrol,Dl-7C,Manual,Hatchback,441000,Hyundai,Elite I20,Unknown
1003,2012.0,77023,1,Petrol,Dl-8C,Manual,Hatchback,272000,Maruti,Swift,Unknown
1004,2021.0,17686,1,Cng,Up-32,Manual,Hatchback,656000,Hyundai,Grand I10 Nios,Unknown
1005,2021.0,57978,1,Petrol,Mh-01,Manual,Sedan,364000,Maruti,Dzire,Unknown
1006,2011.0,101142,1,Petrol,Unknown,Manual,Hatchback,180000,Hyundai,I10,Unknown
1007,2014.0,55836,1,Petrol,Ka-01,Manual,Hatchback,525000,Hyundai,I20,Unknown
1008,2017.0,93533,1,Petrol,Ka-03,Automatic,Sedan,590000,Maruti,Dzire,Unknown
1009,2017.0,58006,1,Diesel,Ts-09,Manual,Hatchback,638000,Maruti,Swift,Unknown
1010,2020.0,54364,1,Petrol,Gj-08,Manual,Hatchback,592000,Maruti,Swift,Unknown
1011,2017.0,79381,1,Petrol,Tn-12,Manual,Hatchback,393000,Maruti,Celerio,Unknown
1012,2016.0,87983,2,Petrol,Ts-13,Manual,Hatchback,602000,Maruti,Baleno,Unknown
1013,2016.0,108560,1,Petrol,Unknown,Manual,Hatchback,522000,Maruti,Swift,Unknown
1014,2014.0,46962,2,Diesel,Ka-51,Automatic,Sedan,753000,Honda,City,Unknown
1015,2016.0,22599,1,Petrol,Dl-10,Manual,Sedan,672000,Honda,City,Unknown
1016,2022.0,41405,1,Petrol,Br-01,Manual,Hatchback,643000,Maruti,Baleno,Unknown
1017,2019.0,9041,1,Petrol,Gj-21,Manual,Hatchback,366000,Maruti,Alto,Unknown
1018,2021.0,49819,1,Petrol,Ts-06,Manual,Hatchback,748000,Tata,Altroz,Unknown
1019,2018.0,86925,1,Diesel,Gj-36,Manual,Hatchback,741000,Hyundai,Elite I20,Unknown
1020,2011.0,87652,1,Petrol,Ka-03,Manual,Hatchback,320000,Maruti,Ritz,Unknown
1021,2011.0,39093,1,Petrol,Dl-12,Manual,Hatchback,168000,Maruti,Alto K10,Unknown
1022,2019.0,46116,2,Petrol,Tn-85,Manual,Hatchback,436000,Datsun,Go,Unknown
1023,2017.0,28555,1,Petrol,Dl-2C,Manual,Sedan,236000,Maruti,Ciaz,Unknown
1024,2017.0,42955,1,Petrol,Up-32,Manual,Hatchback,488000,Maruti,Swift,Unknown
1025,2019.0,52645,1,Petrol,Ka-02,Automatic,Hatchback,756000,Maruti,Baleno,Unknown
1026,2018.0,30580,1,Petrol,Gj-27,Manual,Hatchback,353000,Renault,Kwid,Unknown
1027,2017.0,49520,2,Petrol,Mh-15,Manual,Hatchback,293000,Maruti,Alto 800,Unknown
1028,2015.0,60461,2,Petrol,Hr-51,Manual,Hatchback,520000,Hyundai,I20 Active,Unknown
1029,2015.0,35162,1,Petrol,Tn-07,Manual,Hatchback,321000,Hyundai,Eon,Unknown
1030,2016.0,56621,1,Petrol,Mh-03,Automatic,Hatchback,535000,Honda,Jazz,Unknown
1031,2018.0,40588,1,Petrol,Ts-08,Manual,Hatchback,374000,Renault,Kwid,Unknown
1032,2018.0,9467,1,Petrol,Hr-29,Manual,Sedan,937000,Volkswagen,Ameo,Unknown
1033,2010.0,68057,2,Petrol,Ka-51,Manual,Hatchback,323000,Maruti,Ritz,Unknown
1034,2016.0,49451,2,Petrol,Mh-14,Manual,Hatchback,369000,Renault,Kwid,Unknown
1035,2020.0,43458,1,Petrol,Tn-21,Automatic,Suv,996000,Maruti,S Cross,Unknown
1036,2021.0,34935,1,Diesel,Tn-11,Automatic,Suv,1925000,Tata,Safari,Unknown
1037,2017.0,67841,1,Petrol,Gj-27,Manual,Hatchback,522000,Maruti,Swift,Unknown
1038,2020.0,73626,1,Diesel,Ts-09,Manual,Sedan,511000,Maruti,Dzire,Unknown
1039,2020.0,24141,1,Petrol,Mh-14,Automatic,Sedan,801000,Honda,Amaze,Unknown
1040,2019.0,83406,1,Petrol,Kl-27,Manual,Hatchback,479000,Tata,Tiago,Unknown
1041,2010.0,63764,1,Petrol,Ap-09,Manual,Hatchback,302000,Maruti,Ritz,Unknown
1042,2022.0,4392,1,Petrol,Pb-10,Manual,Suv,736000,Tata,Punch,Unknown
1043,2017.0,26902,1,Petrol,Gj-01,Manual,Hatchback,584000,Maruti,Baleno,Unknown
1044,2016.0,60501,1,Petrol,Wb-24,Manual,Suv,634000,Maruti,Ertiga,Unknown
1045,2018.0,37694,1,Petrol,Pb-65,Manual,Hatchback,549000,Maruti,Swift,Unknown
1046,2021.0,19009,1,Petrol,Gj-01,Manual,Hatchback,707000,Maruti,Baleno,Unknown
1047,2018.0,27785,1,Petrol,Hr-26,Manual,Hatchback,652000,Maruti,Swift,Unknown
1048,2015.0,63920,1,Diesel,Gj-01,Automatic,Sedan,750000,Maruti,Ciaz,Unknown
1049,2021.0,19682,2,Petrol,Up-27,Manual,Hatchback,677000,Maruti,Baleno,Unknown
1050,2016.0,16272,1,Petrol,Tn-13,Manual,Hatchback,474000,Maruti,Wagon R 1.0,Unknown
1051,2018.0,60795,2,Petrol,Mh-12,Manual,Hatchback,618000,Hyundai,Elite I20,Unknown
1052,2019.0,14218,2,Petrol,Rj-45,Manual,Hatchback,625000,Maruti,Baleno,Unknown
1053,2015.0,41664,1,Petrol,Dl-11,Manual,Hatchback,465000,Hyundai,Elite I20,Unknown
1054,2015.0,26542,2,Petrol,Br-31,Manual,Hatchback,350000,Hyundai,Grand I10,Unknown
1055,2019.0,75863,1,Cng,Gj-15,Manual,Hatchback,469000,Maruti,Celerio X,Unknown
1056,2016.0,41755,2,Petrol,Ts-07,Manual,Hatchback,317000,Renault,Kwid,Unknown
1057,2014.0,40255,2,Petrol,Br-01,Manual,Hatchback,201000,Maruti,Alto K10,Unknown
1058,2013.0,48471,2,Petrol,Ap-28,Manual,Hatchback,242200,Maruti,Alto K10,Unknown
1059,2014.0,24934,1,Petrol,Hr-03,Manual,Sedan,711000,Hyundai,Xcent,Unknown
1060,2021.0,30454,1,Petrol,Gj-01,Manual,Hatchback,633000,Maruti,Baleno,Unknown
1061,2011.0,74457,3,Petrol,Mh-01,Manual,Hatchback,234000,Toyota,Etios Liva,Unknown
1062,2019.0,17136,2,Petrol,Gj-01,Manual,Hatchback,588000,Maruti,Baleno,Unknown
1063,2014.0,65171,1,Petrol,Tn-01,Automatic,Suv,567000,Ford,Ecosport,Unknown
1064,2018.0,47446,1,Petrol,Tn-01,Manual,Sedan,851000,Hyundai,Verna,Unknown
1065,2019.0,68712,1,Petrol,Tn-02,Manual,Hatchback,755000,Volkswagen,Polo,Unknown
1066,2013.0,104180,1,Cng,Mh-14,Manual,Hatchback,261000,Maruti,Alto 800,Unknown
1067,2015.0,109146,1,Diesel,Mh-12,Manual,Sedan,597000,Skoda,Rapid,Unknown
1068,2018.0,16494,1,Petrol,Mh-04,Manual,Hatchback,238000,Datsun,Redi Go,Unknown
1069,2017.0,22356,2,Petrol,Mh-01,Manual,Hatchback,447000,Toyota,Etios Liva,Unknown
1070,2019.0,79510,1,Petrol,Ts-07,Manual,Hatchback,548000,Maruti,New Wagon-R,Unknown
1071,2011.0,68701,1,Diesel,Ka-05,Manual,Hatchback,382000,Maruti,Ritz,Unknown
1072,2017.0,95346,2,Petrol,Up-14,Manual,Suv,341000,Mahindra,Kuv100,Unknown
1073,2016.0,83736,2,Diesel,Mh-04,Manual,Sedan,593000,Maruti,Ciaz,Unknown
1074,2022.0,5377,2,Petrol,Ka-01,Automatic,Sedan,1544000,Skoda,Slavia,Unknown
1075,2017.0,53464,1,Petrol,Mh-12,Automatic,Hatchback,452000,Renault,Kwid,Unknown
1076,2019.0,27503,2,Petrol,Ka-04,Manual,Suv,1171000,Hyundai,Creta,Unknown
1077,2019.0,40749,1,Cng,Gj-03,Automatic,Hatchback,593000,Tata,Tiago,Unknown
1078,2017.0,35215,1,Petrol,Hr-36,Manual,Sedan,863000,Honda,City,Unknown
1079,2021.0,49905,1,Cng,Hr-26,Manual,Hatchback,531000,Maruti,New Wagon-R,Unknown
1080,2019.0,46851,1,Petrol,Tn-07,Manual,Hatchback,498000,Hyundai,New Santro,Unknown
1081,2011.0,75091,1,Petrol,Tn-10,Manual,Sedan,368000,Toyota,Etios,Unknown
1082,2017.0,79982,1,Petrol,Dl-7C,Automatic,Sedan,608000,Maruti,Ciaz,Unknown
1083,2016.0,103128,1,Diesel,Ap-28,Manual,Sedan,420000,Volkswagen,Ameo,Unknown
1084,2017.0,51705,1,Petrol,Gj-01,Manual,Sedan,493000,Honda,Amaze,Unknown
1085,2021.0,8125,1,Petrol,Hr-51,Manual,Suv,933000,Honda,Wr-V,Unknown
1086,2019.0,30519,1,Petrol,Hr-87,Manual,Hatchback,648000,Maruti,Baleno,Unknown
1087,2018.0,73478,1,Diesel,Hr-14,Manual,Suv,648000,Maruti,S Cross,Unknown
1088,2011.0,77476,1,Petrol,Ka-02,Manual,Hatchback,368000,Toyota,Etios Liva,Unknown
1089,2020.0,72016,1,Petrol,Ka-01,Automatic,Sedan,1008000,Volkswagen,Vento,Unknown
1090,2019.0,76438,2,Petrol,Ts-16,Manual,Sedan,441000,Honda,Amaze,Unknown
1091,2018.0,60316,1,Diesel,Dl-8C,Automatic,Suv,1128000,Hyundai,Creta,Unknown
1092,2020.0,12341,1,Petrol,Ka-05,Automatic,Hatchback,582000,Renault,Kwid,Unknown
1093,2017.0,20448,1,Petrol,Dl-12,Manual,Hatchback,648000,Hyundai,Elite I20,Unknown
1094,2018.0,39068,1,Petrol,Gj-01,Automatic,Hatchback,467000,Maruti,Wagon R 1.0,Unknown
1095,2016.0,47462,1,Petrol,Ts-07,Manual,Hatchback,527000,Maruti,Swift,Unknown
1096,2021.0,6859,1,Petrol,Gj-06,Manual,Hatchback,360000,Renault,Kwid,Unknown
1097,2018.0,101720,1,Diesel,Hr-26,Manual,Lux_Sedan,1065000,Toyota,Corolla Altis,Unknown
1098,2020.0,26312,1,Petrol,Ka-02,Automatic,Suv,762000,Renault,Triber,Unknown
1099,2019.0,88561,1,Diesel,Hr-85,Manual,Suv,965000,Hyundai,Creta,Unknown
1100,2016.0,71941,2,Petrol,Up-14,Manual,Hatchback,521000,Hyundai,Elite I20,Unknown
1101,2015.0,104086,2,Petrol,Unknown,Manual,Hatchback,406000,Volkswagen,Polo,Unknown
1102,2013.0,99630,2,Petrol,Ap-28,Manual,Sedan,412000,Maruti,Swift Dzire,Unknown
1103,2018.0,63305,1,Diesel,Br-01,Manual,Suv,1002000,Mahindra,Scorpio,Unknown
1104,2018.0,19557,2,Petrol,Ka-03,Automatic,Hatchback,525000,Maruti,Celerio,Unknown
1105,2015.0,75415,2,Petrol,Rj-14,Manual,Hatchback,429000,Hyundai,Grand I10,Unknown
1106,2017.0,97788,2,Diesel,Gj-12,Manual,Suv,727000,Maruti,Vitara Brezza,Unknown
1107,2018.0,68196,2,Petrol,Gj-05,Automatic,Sedan,918000,Maruti,Ciaz,Unknown
1108,2019.0,17023,1,Petrol,Up-14,Manual,Hatchback,531000,Maruti,Swift,Unknown
1109,2020.0,13150,1,Petrol,Mh-06,Manual,Sedan,714350,Maruti,Dzire,Unknown
1110,2020.0,12122,1,Petrol,Tn-07,Manual,Hatchback,808000,Hyundai,New I20,Unknown
1111,2017.0,60804,1,Petrol,Mh-15,Manual,Sedan,754000,Hyundai,Verna,Unknown
1112,2016.0,111487,1,Diesel,Rj-14,Manual,Suv,537000,Ford,Ecosport,Unknown
1113,2014.0,40273,1,Petrol,Mh-20,Manual,Hatchback,321000,Maruti,Wagon R 1.0,Unknown
1114,2016.0,29960,1,Petrol,Ka-03,Manual,Hatchback,408000,Hyundai,I10,Unknown
1115,2019.0,48183,2,Petrol,Wb-50,Manual,Suv,870000,Hyundai,Creta,Unknown
1116,2018.0,81352,2,Diesel,Mh-14,Automatic,Suv,793750,Maruti,Vitara Brezza,Unknown
1117,2018.0,23117,2,Petrol,Mp-09,Manual,Hatchback,513000,Hyundai,New Santro,Unknown
1118,2017.0,32844,2,Petrol,Wb-02,Manual,Suv,635000,Honda,Wr-V,Unknown
1119,2018.0,72869,2,Petrol,Ka-19,Manual,Hatchback,269000,Datsun,Redi Go,Unknown
1120,2014.0,75429,2,Petrol,Gj-01,Manual,Sedan,495000,Maruti,Ciaz,Unknown
1121,2019.0,61162,1,Petrol,Mh-12,Manual,Hatchback,570000,Hyundai,Elite I20,Unknown
1122,2012.0,73615,2,Petrol,Ka-41,Automatic,Hatchback,366000,Hyundai,I10,Unknown
1123,2016.0,109428,1,Diesel,Mh-12,Manual,Suv,363000,Mahindra,Kuv100,Unknown
1124,2014.0,30580,1,Petrol,Mh-03,Manual,Hatchback,373000,Maruti,Wagon R 1.0,Unknown
1125,2013.0,92195,1,Petrol,Ap-07,Manual,Hatchback,317000,Maruti,Wagon R 1.0,Unknown
1126,2022.0,15119,1,Cng,Mh-48,Manual,Hatchback,708000,Tata,Tiago,Unknown
1127,2015.0,15890,1,Petrol,Hr-26,Manual,Hatchback,454000,Hyundai,Grand I10,Unknown
1128,2021.0,21804,1,Petrol,Hr-29,Manual,Hatchback,651000,Maruti,Swift,Unknown
1129,2018.0,47633,2,Cng,Dl-8C,Manual,Hatchback,470000,Hyundai,Grand I10,Unknown
1130,2020.0,21533,1,Petrol,Gj-08,Manual,Hatchback,506000,Maruti,New Wagon-R,Unknown
1131,2018.0,64461,1,Cng,Mh-43,Manual,Hatchback,468000,Maruti,Celerio,Unknown
1132,2020.0,42036,2,Petrol,Tn-11,Automatic,Suv,1043000,Tata,Nexon,Unknown
1133,2014.0,107080,2,Diesel,Mh-46,Manual,Lux_Suv,561000,Mahindra,Xuv500,Unknown
1134,2017.0,47971,1,Petrol,Ka-01,Manual,Sedan,798000,Honda,City,Unknown
1135,2016.0,35690,2,Petrol,Mh-14,Manual,Hatchback,410000,Maruti,Wagon R 1.0,Unknown
1136,2019.0,83657,1,Petrol,Ts-13,Manual,Sedan,756650,Honda,Amaze,Unknown
1137,2011.0,76904,2,Petrol,Dl-3C,Manual,Hatchback,241000,Maruti,Swift,Unknown
1138,2016.0,74819,1,Petrol,Tn-02,Manual,Sedan,589000,Honda,City,Unknown
1139,2018.0,49345,2,Petrol,Ka-02,Automatic,Sedan,736750,Honda,Amaze,Unknown
1140,2016.0,50538,2,Petrol,Tn-11,Manual,Hatchback,282000,Maruti,Alto 800,Unknown
1141,2016.0,81484,2,Petrol,Tn-05,Manual,Hatchback,564000,Maruti,Baleno,Unknown
1142,2017.0,53426,2,Petrol,Up-16,Manual,Sedan,565000,Honda,City,Unknown
1143,2017.0,11316,1,Petrol,Dl-2C,Manual,Hatchback,470000,Maruti,Swift,Unknown
1144,2021.0,24279,1,Cng,Mh-46,Manual,Hatchback,487200,Maruti,S Presso,Unknown
1145,2018.0,94170,2,Petrol,Mh-14,Automatic,Sedan,717000,Toyota,Yaris,Unknown
1146,2016.0,60079,1,Petrol,Pb-65,Automatic,Suv,707000,Maruti,Ertiga,Unknown
1147,2010.0,77326,1,Petrol,Mh-12,Manual,Hatchback,204000,Hyundai,I10,Unknown
1148,2019.0,74812,1,Petrol,Tn-11,Manual,Hatchback,670000,Maruti,Baleno,Unknown
1149,2015.0,37083,1,Petrol,Ka-51,Manual,Hatchback,424000,Maruti,Wagon R 1.0,Unknown
1150,2013.0,100913,1,Diesel,Mp-09,Manual,Suv,385000,Nissan,Terrano,Unknown
1151,2017.0,88050,2,Petrol,Rj-45,Manual,Sedan,907350,Honda,City,Unknown
1152,2019.0,5848,1,Petrol,Dl-12,Manual,Hatchback,420000,Renault,Kwid,Unknown
1153,2018.0,62659,1,Petrol,Ts-07,Manual,Hatchback,306000,Maruti,Alto 800,Unknown
1154,2016.0,46214,1,Petrol,Ka-51,Manual,Hatchback,536000,Hyundai,Grand I10,Unknown
1155,2015.0,57054,1,Petrol,Mh-47,Manual,Hatchback,441000,Maruti,Swift,Unknown
1156,2018.0,51129,1,Petrol,Ts-28,Manual,Sedan,753000,Honda,City,Unknown
1157,2015.0,26750,1,Petrol,Hr-26,Manual,Hatchback,505000,Hyundai,Elite I20,Unknown
1158,2017.0,59373,1,Diesel,Ka-04,Manual,Sedan,1014000,Honda,City,Unknown
1159,2016.0,33914,1,Petrol,Ts-08,Automatic,Sedan,853000,Maruti,Swift Dzire,Unknown
1160,2014.0,75761,1,Petrol,Wb-20,Manual,Suv,456000,Ford,Ecosport,Unknown
1161,2018.0,38723,1,Petrol,Gj-19,Automatic,Hatchback,316000,Datsun,Redi Go,Unknown
1162,2016.0,72645,1,Petrol,Ts-07,Manual,Hatchback,531000,Honda,Jazz,Unknown
1163,2022.0,16255,1,Petrol,Ka-55,Manual,Suv,1554000,Volkswagen,Taigun,Unknown
1164,2017.0,77485,1,Cng,Mh-47,Manual,Hatchback,450000,Maruti,Celerio,Unknown
1165,2018.0,38199,2,Diesel,Ka-53,Manual,Suv,855000,Renault,Captur,Unknown
1166,2017.0,62162,1,Cng,Mh-05,Manual,Hatchback,374000,Maruti,Wagon R 1.0,Unknown
1167,2014.0,87966,3,Petrol,Ap-28,Manual,Hatchback,482000,Maruti,Swift,Unknown
1168,2016.0,4032,1,Petrol,Dl-10,Manual,Sedan,596000,Honda,Amaze,Unknown
1169,2017.0,38333,1,Petrol,Gj-23,Manual,Hatchback,521000,Hyundai,Grand I10,Unknown
1170,2021.0,15911,1,Petrol,Up-14,Automatic,Hatchback,505350,Renault,Kwid,Unknown
1171,2019.0,69222,2,Diesel,Hr-26,Automatic,Sedan,669000,Honda,Amaze,Unknown
1172,2019.0,23375,2,Petrol,Gj-01,Automatic,Hatchback,618000,Tata,Tiago,Unknown
1173,2020.0,64767,2,Petrol,Up-32,Automatic,Sedan,682000,Hyundai,Verna,Unknown
1174,2010.0,97244,2,Petrol,Kl-27,Manual,Hatchback,209000,Hyundai,I10,Unknown
1175,2016.0,70461,1,Petrol,Tn-22,Automatic,Sedan,791000,Honda,City,Unknown
1176,2018.0,98455,1,Diesel,Ts-09,Manual,Hatchback,601000,Hyundai,Grand I10,Unknown
1177,2015.0,19241,1,Petrol,Wb-24,Manual,Hatchback,335000,Maruti,Celerio,Unknown
1178,2017.0,45972,1,Diesel,Ka-02,Manual,Sedan,765000,Maruti,Dzire,Unknown
1179,2018.0,101696,1,Petrol,Unknown,Manual,Hatchback,451000,Volkswagen,Polo,Unknown
1180,2015.0,69581,2,Petrol,Ka-03,Manual,Hatchback,383000,Maruti,Wagon R 1.0,Unknown
1181,2010.0,37141,1,Petrol,Dl-4C,Manual,Hatchback,164000,Maruti,Alto K10,Unknown
1182,2018.0,64031,2,Cng,Hr-10,Manual,Hatchback,587000,Hyundai,Elite I20,Unknown
1183,2020.0,45263,1,Petrol,Gj-32,Manual,Hatchback,521000,Maruti,Celerio X,Unknown
1184,2017.0,64464,1,Petrol,Ts-09,Manual,Hatchback,437000,Maruti,Wagon R 1.0,Unknown
1185,2021.0,5825,3,Petrol,Rj-45,Automatic,Suv,1618000,Hyundai,Creta,Unknown
1186,2018.0,90254,1,Petrol,Ts-08,Manual,Hatchback,444000,Maruti,Celerio,Unknown
1187,2018.0,81854,1,Petrol,Ts-07,Manual,Sedan,645000,Honda,Amaze,Unknown
1188,2022.0,6833,1,Petrol,Gj-01,Automatic,Hatchback,919000,Tata,Altroz,Unknown
1189,2021.0,12296,1,Petrol,Br-01,Manual,Suv,797000,Honda,Wr-V,Unknown
1190,2018.0,51603,1,Petrol,Mh-43,Manual,Sedan,384000,Honda,Amaze,Unknown
1191,2015.0,64592,1,Petrol,Dl-3C,Automatic,Hatchback,424000,Honda,Brio,Unknown
1192,2016.0,77722,1,Diesel,Hr-30,Manual,Suv,634000,Maruti,Vitara Brezza,Unknown
1193,2017.0,38655,2,Petrol,Ka-01,Manual,Hatchback,355000,Maruti,Alto K10,Unknown
1194,2022.0,33687,1,Cng,Ch-01,Manual,Hatchback,551000,Maruti,New Wagon-R,Unknown
1195,2017.0,50649,1,Petrol,Mh-05,Manual,Hatchback,561000,Honda,Jazz,Unknown
1196,2016.0,42428,1,Petrol,Dl-8C,Manual,Hatchback,421000,Hyundai,Grand I10,Unknown
1197,2020.0,23849,1,Petrol,Hr-26,Manual,Hatchback,705000,Maruti,Baleno,Unknown
1198,2016.0,73202,1,Petrol,Ts-11,Manual,Hatchback,675000,Hyundai,Elite I20,Unknown
1199,2020.0,7715,1,Petrol,Tn-18,Automatic,Hatchback,704000,Hyundai,Grand I10 Nios,Unknown
1200,2016.0,72732,1,Petrol,Ka-53,Manual,Hatchback,598000,Hyundai,Elite I20,Unknown
1201,2021.0,35562,1,Petrol,Ka-20,Manual,Hatchback,850000,Honda,Jazz,Unknown
1202,2013.0,68161,1,Diesel,Mh-05,Manual,Hatchback,395000,Hyundai,I20,Unknown
1203,2020.0,42632,1,Petrol,Ts-02,Automatic,Suv,1076000,Maruti,S Cross,Unknown
1204,2021.0,13550,1,Petrol,Gj-27,Manual,Hatchback,755000,Maruti,Baleno,Unknown
1205,2016.0,51955,1,Petrol,Gj-01,Manual,Hatchback,542000,Maruti,Baleno,Unknown
1206,2018.0,58559,1,Petrol,Ts-07,Manual,Suv,829000,Ford,Ecosport,Unknown
1207,2017.0,19364,1,Petrol,Dl-1C,Manual,Hatchback,649000,Hyundai,Elite I20,Unknown
1208,2014.0,35946,1,Diesel,Hr-36,Manual,Sedan,423000,Maruti,Swift Dzire,Unknown
1209,2014.0,82391,1,Petrol,Ka-04,Manual,Hatchback,328000,Maruti,Wagon R 1.0,Unknown
1210,2020.0,15337,1,Petrol,Wb-26,Manual,Suv,709000,Hyundai,Venue,Unknown
1211,2020.0,35979,1,Diesel,Rj-45,Manual,Hatchback,837000,Hyundai,New I20,Unknown
1212,2017.0,41418,1,Petrol,Mh-12,Automatic,Hatchback,677000,Maruti,Baleno,Unknown
1213,2017.0,56893,1,Diesel,Mh-01,Automatic,Sedan,771000,Skoda,Rapid,Unknown
1214,2015.0,96842,1,Petrol,Tn-10,Manual,Hatchback,437000,Volkswagen,Polo,Unknown
1215,2015.0,69667,2,Petrol,Pb-10,Automatic,Hatchback,537000,Volkswagen,Polo,Unknown
1216,2015.0,49625,2,Petrol,Dl-2C,Manual,Sedan,463000,Honda,Amaze,Unknown
1217,2015.0,59332,3,Petrol,Pb-10,Manual,Hatchback,234000,Hyundai,Eon,Unknown
1218,2013.0,85588,2,Diesel,Ka-01,Manual,Suv,770000,Maruti,Ertiga,Unknown
1219,2021.0,13165,2,Petrol,Ka-01,Manual,Hatchback,861000,Hyundai,New I20,Unknown
1220,2014.0,83190,2,Petrol,Kl-53,Automatic,Hatchback,397000,Nissan,Micra,Unknown
1221,2018.0,53190,2,Petrol,Wb-08,Manual,Sedan,582000,Maruti,Ciaz,Unknown
1222,2018.0,11271,1,Petrol,Mh-12,Automatic,Hatchback,443000,Renault,Kwid,Unknown
1223,2019.0,8053,1,Petrol,Up-32,Manual,Sedan,993000,Maruti,Ciaz,Unknown
1224,2011.0,68730,2,Petrol,Ka-53,Manual,Hatchback,248000,Maruti,Alto K10,Unknown
1225,2015.0,82265,2,Diesel,Ts-09,Automatic,Lux_Sedan,848000,Skoda,Octavia,Unknown
1226,2019.0,108140,1,Petrol,Unknown,Manual,Hatchback,613000,Hyundai,Elite I20,Unknown
1227,2017.0,102616,1,Diesel,Tn-06,Manual,Suv,617000,Ford,Ecosport,Unknown
1228,2017.0,96639,1,Petrol,Dl-12,Manual,Suv,786000,Hyundai,Creta,Unknown
1229,2019.0,14998,1,Petrol,Wb-02,Manual,Suv,427000,Mahindra,Kuv 100 Nxt,Unknown
1230,2019.0,51526,2,Petrol,Kl-75,Manual,Hatchback,520000,Hyundai,Grand I10,Unknown
1231,2013.0,61875,1,Diesel,Mh-47,Manual,Sedan,780000,Honda,Amaze,Unknown
1232,2015.0,84776,2,Petrol,Mh-14,Manual,Hatchback,257000,Hyundai,Eon,Unknown
1233,2019.0,32201,2,Petrol,Gj-01,Manual,Hatchback,592000,Maruti,Baleno,Unknown
1234,2011.0,41446,2,Petrol,Ka-09,Manual,Hatchback,277000,Hyundai,I10,Unknown
1235,2017.0,92135,1,Diesel,Ka-03,Automatic,Lux_Suv,1347000,Mahindra,Xuv500,Unknown
1236,2014.0,64158,1,Petrol,Dl-1C,Manual,Hatchback,243000,Maruti,Alto K10,Unknown
1237,2018.0,72112,1,Petrol,Tn-22,Automatic,Hatchback,524000,Maruti,Celerio,Unknown
1238,2014.0,82929,1,Petrol,Hr-26,Manual,Sedan,368000,Maruti,Swift Dzire,Unknown
1239,2018.0,112071,1,Cng,Gj-01,Automatic,Suv,805000,Ford,Ecosport,Unknown
1240,2018.0,66511,2,Petrol,Tn-09,Automatic,Hatchback,507000,Maruti,Celerio,Unknown
1241,2018.0,106506,1,Petrol,Unknown,Manual,Suv,907000,Hyundai,Creta,Unknown
1242,2017.0,120848,1,Petrol,Unknown,Automatic,Sedan,787000,Maruti,Ciaz,Unknown
1243,2016.0,18055,1,Petrol,Dl-8C,Manual,Hatchback,488000,Maruti,Swift,Unknown
1244,2014.0,38852,2,Petrol,Wb-02,Manual,Suv,460000,Maruti,Ertiga,Unknown
1245,2018.0,22237,1,Petrol,Gj-01,Manual,Hatchback,645000,Hyundai,Elite I20,Unknown
1246,2022.0,3713,1,Diesel,Gj-01,Manual,Suv,1348000,Kia,Sonet,Unknown
1247,2014.0,27116,1,Petrol,Ka-19,Manual,Hatchback,397000,Hyundai,I10,Unknown
1248,2017.0,21270,1,Petrol,Tn-07,Automatic,Hatchback,703000,Maruti,Baleno,Unknown
1249,2018.0,33605,1,Petrol,Tn-05,Manual,Hatchback,512000,Hyundai,Grand I10,Unknown
1250,2015.0,55494,1,Petrol,Mh-05,Manual,Suv,801000,Hyundai,Creta,Unknown
1251,2017.0,45217,1,Petrol,Mp-04,Manual,Hatchback,541000,Maruti,Baleno,Unknown
1252,2015.0,86060,2,Petrol,Gj-03,Manual,Hatchback,431000,Hyundai,Grand I10,Unknown
1253,2019.0,61905,1,Petrol,Ts-08,Manual,Suv,803000,Tata,Nexon,Unknown
1254,2020.0,8695,1,Petrol,Up-78,Manual,Hatchback,375000,Maruti,Alto,Unknown
1255,2018.0,71596,1,Petrol,Hr-26,Manual,Sedan,313000,Maruti,Ciaz,Unknown
1256,2021.0,21230,1,Petrol,Kl-54,Manual,Hatchback,570000,Ford,New Figo,Unknown
1257,2014.0,83991,1,Diesel,Ka-01,Automatic,Sedan,663000,Maruti,Swift Dzire,Unknown
1258,2020.0,25346,1,Petrol,Gj-18,Manual,Hatchback,427000,Renault,Kwid,Unknown
1259,2016.0,92449,1,Petrol,Tn-07,Manual,Hatchback,276000,Datsun,Redi Go,Unknown
1260,2015.0,96861,1,Petrol,Tn-07,Manual,Sedan,552000,Honda,Amaze,Unknown
1261,2018.0,46628,1,Petrol,Ka-20,Manual,Sedan,637000,Honda,City,Unknown
1262,2012.0,60025,2,Petrol,Wb-06,Manual,Sedan,227000,Toyota,Etios,Unknown
1263,2016.0,51618,2,Petrol,Wb-06,Manual,Sedan,440000,Honda,City,Unknown
1264,2012.0,67444,1,Petrol,Ka-02,Manual,Hatchback,434000,Hyundai,I20,Unknown
1265,2015.0,56351,1,Petrol,Dl-3C,Manual,Hatchback,330000,Toyota,Etios Liva,Unknown
1266,2019.0,34054,1,Petrol,Mh-01,Manual,Hatchback,774000,Volkswagen,Polo,Unknown
1267,2019.0,21270,1,Petrol,Hr-51,Manual,Hatchback,611000,Maruti,Swift,Unknown
1268,2016.0,76836,2,Diesel,Ka-05,Manual,Suv,792000,Maruti,S Cross,Unknown
1269,2021.0,10843,1,Petrol,Gj-01,Automatic,Suv,1452000,Mahindra,Thar,Unknown
1270,2018.0,60895,1,Diesel,Hr-51,Manual,Sedan,553000,Maruti,Ciaz,Unknown
1271,2020.0,32984,2,Petrol,Mh-12,Manual,Suv,875000,Maruti,Vitara Brezza,Unknown
1272,2018.0,39325,1,Petrol,Hr-51,Automatic,Sedan,817000,Maruti,Ciaz,Unknown
1273,2020.0,20009,1,Petrol,Ka-01,Automatic,Sedan,1231000,Honda,City,Unknown
1274,2018.0,24248,2,Petrol,Dl-12,Manual,Hatchback,551000,Hyundai,Elite I20,Unknown
1275,2015.0,59287,2,Petrol,Mh-02,Manual,Hatchback,457000,Hyundai,Elite I20,Unknown
1276,2017.0,95666,1,Petrol,Dl-1C,Manual,Sedan,420000,Hyundai,Xcent,Unknown
1277,2017.0,57006,1,Petrol,Mh-48,Manual,Sedan,629000,Maruti,Ciaz,Unknown
1278,2016.0,60610,2,Petrol,Ts-07,Manual,Hatchback,252000,Maruti,Alto 800,Unknown
1279,2021.0,9263,1,Petrol,Hr-36,Automatic,Hatchback,480000,Renault,Kwid,Unknown
1280,2015.0,89310,3,Diesel,Gj-05,Manual,Sedan,463000,Maruti,Ciaz,Unknown
1281,2022.0,8944,1,Petrol,Ch-01,Manual,Hatchback,482000,Maruti,S Presso,Unknown
1282,2021.0,30233,1,Petrol,Tn-60,Manual,Hatchback,571000,Tata,Tiago,Unknown
1283,2015.0,46988,1,Petrol,Ka-03,Manual,Hatchback,493000,Hyundai,Grand I10,Unknown
1284,2019.0,32457,1,Petrol,Ts-15,Manual,Sedan,842000,Hyundai,Xcent,Unknown
1285,2019.0,49984,1,Petrol,Gj-05,Automatic,Sedan,649000,Maruti,Dzire,Unknown
1286,2017.0,54763,1,Petrol,Mh-12,Manual,Hatchback,453000,Maruti,Wagon R 1.0,Unknown
1287,2017.0,20569,2,Diesel,Mh-03,Manual,Suv,860000,Maruti,Ertiga,Unknown
1288,2011.0,42709,1,Petrol,Wb-06,Manual,Hatchback,150000,Maruti,Alto K10,Unknown
1289,2010.0,65144,1,Petrol,Dl-8C,Manual,Sedan,192000,Maruti,Swift Dzire,Unknown
1290,2018.0,30190,1,Petrol,Gj-03,Manual,Hatchback,458000,Maruti,Celerio X,Unknown
1291,2017.0,43258,1,Petrol,Ts-08,Manual,Hatchback,290000,Maruti,Alto 800,Unknown
1292,2018.0,40153,1,Diesel,Ts-16,Manual,Sedan,995000,Hyundai,Verna,Unknown
1293,2011.0,42942,1,Petrol,Ka-01,Manual,Hatchback,341000,Volkswagen,Polo,Unknown
1294,2014.0,97358,2,Petrol,Ka-51,Manual,Sedan,394000,Honda,City,Unknown
1295,2014.0,65780,3,Petrol,Ka-04,Manual,Hatchback,225000,Maruti,Alto 800,Unknown
1296,2020.0,39462,2,Petrol,Tn-18,Manual,Sedan,650650,Maruti,Ciaz,Unknown
1297,2016.0,24903,1,Cng,Up-72,Manual,Sedan,771000,Honda,City,Unknown
1298,2019.0,31675,1,Petrol,Wb-02,Manual,Sedan,993000,Maruti,Dzire,Unknown
1299,2016.0,41188,1,Petrol,Mh-01,Automatic,Sedan,729000,Hyundai,Verna,Unknown
1300,2022.0,13339,1,Petrol,Ka-02,Manual,Suv,2108000,Mahindra,Xuv700,Unknown
1301,2018.0,40042,1,Diesel,Hr-26,Manual,Sedan,582000,Honda,Amaze,Unknown
1302,2017.0,64156,1,Diesel,Up-32,Manual,Suv,746000,Renault,Duster,Unknown
1303,2012.0,39985,1,Petrol,Gj-06,Manual,Sedan,490000,Honda,City,Unknown
1304,2020.0,47976,2,Petrol,Gj-05,Manual,Sedan,588000,Toyota,Yaris,Unknown
1305,2018.0,57941,1,Petrol,Dl-8C,Manual,Hatchback,555000,Maruti,Swift,Unknown
1306,2017.0,76982,1,Petrol,Gj-06,Manual,Hatchback,247000,Datsun,Redi Go,Unknown
1307,2020.0,43582,1,Diesel,Ts-09,Automatic,Suv,1372000,Kia,Seltos,Unknown
1308,2016.0,84459,1,Diesel,Tn-06,Manual,Suv,697000,Ford,Ecosport,Unknown
1309,2019.0,43895,1,Diesel,Hr-26,Manual,Suv,1178000,Tata,Hexa,Unknown
1310,2020.0,9339,1,Petrol,Dl-12,Manual,Hatchback,396000,Renault,Kwid,Unknown
1311,2019.0,12940,2,Petrol,Tn-22,Manual,Hatchback,458000,Renault,Kwid,Unknown
1312,2022.0,21838,1,Petrol,Up-32,Manual,Hatchback,662000,Renault,Kiger,Unknown
1313,2016.0,28518,1,Petrol,Wb-24,Manual,Hatchback,243000,Maruti,Alto 800,Unknown
1314,2018.0,22249,1,Petrol,Ka-02,Manual,Hatchback,752000,Hyundai,Elite I20,Unknown
1315,2020.0,72255,1,Petrol,Tn-18,Manual,Suv,737000,Maruti,Vitara Brezza,Unknown
1316,2017.0,37567,1,Petrol,Hr-26,Manual,Hatchback,618000,Hyundai,Elite I20,Unknown
1317,2018.0,55547,2,Petrol,Ka-19,Manual,Hatchback,275000,Datsun,Redi Go,Unknown
1318,2017.0,67262,1,Petrol,Dl-5C,Manual,Hatchback,543000,Hyundai,Elite I20,Unknown
1319,2018.0,92870,1,Petrol,Ts-08,Manual,Hatchback,603000,Maruti,Swift,Unknown
1320,2016.0,34056,2,Petrol,Mh-02,Automatic,Suv,806000,Hyundai,Creta,Unknown
1321,2016.0,29780,1,Petrol,Ka-02,Manual,Hatchback,441000,Maruti,Celerio,Unknown
1322,2017.0,95291,1,Petrol,Tn-06,Automatic,Sedan,691000,Honda,City,Unknown
1323,2017.0,28545,1,Petrol,Ts-07,Manual,Hatchback,314000,Datsun,Redi Go,Unknown
1324,2022.0,12860,1,Petrol,Mh-12,Manual,Hatchback,518000,Maruti,S Presso,Unknown
1325,2017.0,61819,1,Petrol,Ts-08,Manual,Sedan,483000,Skoda,Rapid,Unknown
1326,2015.0,40392,1,Petrol,Up-32,Manual,Hatchback,425000,Maruti,Swift,Unknown
1327,2019.0,99097,2,Petrol,Ka-04,Manual,Sedan,339000,Maruti,Dzire,Unknown
1328,2019.0,60129,1,Petrol,Mh-02,Automatic,Hatchback,684000,Honda,Jazz,Unknown
1329,2017.0,68966,1,Petrol,Mh-14,Automatic,Hatchback,328000,Renault,Kwid,Unknown
1330,2015.0,70917,1,Diesel,Mh-04,Manual,Hatchback,548000,Hyundai,Elite I20,Unknown
1331,2017.0,34736,1,Petrol,Mh-48,Manual,Hatchback,321000,Renault,Kwid,Unknown
1332,2013.0,58570,1,Petrol,Mh-48,Manual,Hatchback,395000,Maruti,Swift,Unknown
1333,2018.0,37303,1,Petrol,Wb-08,Manual,Hatchback,273000,Maruti,Alto 800,Unknown
1334,2022.0,31735,1,Petrol,Ts-08,Manual,Hatchback,802000,Maruti,Baleno,Unknown
1335,2018.0,7177,1,Petrol,Ka-03,Manual,Hatchback,598000,Hyundai,Grand I10,Unknown
1336,2016.0,97110,2,Diesel,Ka-03,Manual,Lux_Suv,1273000,Mahindra,Xuv500,Unknown
1337,2011.0,14547,1,Petrol,Wb-06,Manual,Hatchback,137000,Maruti,Alto,Unknown
1338,2011.0,47474,1,Petrol,Mh-12,Manual,Hatchback,271000,Hyundai,I10,Unknown
1339,2016.0,36968,1,Petrol,Dl-4C,Manual,Hatchback,545000,Honda,Jazz,Unknown
1340,2021.0,19062,1,Petrol,Ka-51,Manual,Hatchback,546000,Renault,Kwid,Unknown
1341,2017.0,115136,2,Petrol,Unknown,Manual,Sedan,520000,Tata,Tigor,Unknown
1342,2017.0,12651,2,Petrol,Up-16,Manual,Sedan,795000,Maruti,Swift Dzire,Unknown
1343,2012.0,27991,1,Petrol,Br-01,Manual,Sedan,483000,Maruti,Swift Dzire,Unknown
1344,2011.0,73679,2,Petrol,Mp-09,Manual,Sedan,343000,Hyundai,Sonata,Unknown
1345,2018.0,125345,1,Diesel,Up-32,Manual,Sedan,761000,Maruti,Dzire,Unknown
1346,2018.0,15267,1,Petrol,Ka-03,Automatic,Hatchback,722000,Maruti,Baleno,Unknown
1347,2018.0,38272,2,Petrol,Ka-51,Manual,Hatchback,529000,Tata,Tiago,Unknown
1348,2019.0,24185,1,Petrol,Ka-53,Automatic,Lux_Sedan,1491000,Hyundai,New Elantra,Unknown
1349,2019.0,54938,1,Cng,Mh-12,Manual,Hatchback,526350,Maruti,Celerio,Unknown
1350,2017.0,40282,1,Petrol,Rj-14,Manual,Suv,609000,Honda,Wr-V,Unknown
1351,2020.0,37999,2,Petrol,Rj-45,Manual,Hatchback,347000,Maruti,Alto,Unknown
1352,2012.0,67954,1,Petrol,Tn-05,Manual,Hatchback,398000,Maruti,Swift,Unknown
1353,2019.0,53873,1,Petrol,Up-78,Manual,Sedan,551000,Honda,Amaze,Unknown
1354,2019.0,16150,1,Petrol,Dl-9C,Manual,Hatchback,692000,Maruti,Baleno,Unknown
1355,2015.0,86851,2,Petrol,Ka-03,Manual,Sedan,607000,Maruti,Ciaz,Unknown
1356,2022.0,9705,1,Diesel,Dl-12,Manual,Suv,947000,Mahindra,Bolero Neo,Unknown
1357,2015.0,39280,1,Petrol,Ka-03,Manual,Sedan,1018000,Tata,Zest,Unknown
1358,2011.0,16607,1,Petrol,Dl-3C,Manual,Hatchback,253000,Maruti,Wagon R 1.0,Unknown
1359,2020.0,32282,1,Petrol,Up-53,Manual,Hatchback,697000,Tata,Altroz,Unknown
1360,2017.0,43092,1,Petrol,Mh-03,Manual,Hatchback,466000,Hyundai,Grand I10,Unknown
1361,2020.0,30050,1,Diesel,Tn-14,Manual,Suv,935000,Hyundai,Venue,Unknown
1362,2021.0,23036,1,Petrol,Dl-10,Manual,Suv,873000,Hyundai,Venue,Unknown
1363,2020.0,84335,1,Diesel,Dl-12,Manual,Suv,1080000,Kia,Seltos,Unknown
1364,2021.0,20660,1,Petrol,Br-01,Manual,Hatchback,736000,Tata,Altroz,Unknown
1365,2020.0,79019,1,Cng,Mh-46,Manual,Hatchback,447000,Maruti,S Presso,Unknown
1366,2018.0,68622,1,Petrol,Kl-63,Manual,Hatchback,573000,Hyundai,Elite I20,Unknown
1367,2015.0,46288,3,Petrol,Tn-58,Manual,Hatchback,281000,Maruti,Alto 800,Unknown
1368,2015.0,48394,1,Petrol,Ka-55,Manual,Hatchback,418000,Maruti,Wagon R 1.0,Unknown
1369,2015.0,70670,1,Petrol,Dl-3C,Automatic,Hatchback,386000,Maruti,Celerio,Unknown
1370,2021.0,45416,1,Petrol,Tn-49,Manual,Hatchback,671000,Hyundai,Grand I10 Nios,Unknown
1371,2016.0,37785,1,Petrol,Mp-04,Manual,Hatchback,290000,Maruti,Alto 800,Unknown
1372,2013.0,82871,2,Petrol,Up-32,Manual,Hatchback,233000,Maruti,Wagon R 1.0,Unknown
1373,2020.0,34090,1,Petrol,Mh-35,Manual,Hatchback,692800,Maruti,Baleno,Unknown
1374,2021.0,11946,1,Cng,Up-14,Manual,Hatchback,688000,Hyundai,Grand I10 Nios,Unknown
1375,2010.0,54998,1,Petrol,Ka-51,Manual,Hatchback,280000,Hyundai,I10,Unknown
1376,2018.0,30440,2,Petrol,Tn-14,Automatic,Sedan,1194000,Maruti,Ciaz,Unknown
1377,2018.0,92668,1,Cng,Dl-10,Automatic,Sedan,730000,Maruti,Ciaz,Unknown
1378,2014.0,90433,1,Petrol,Mh-02,Manual,Suv,470000,Ford,Ecosport,Unknown
1379,2016.0,54659,2,Petrol,Ka-03,Automatic,Hatchback,522000,Hyundai,Grand I10,Unknown
1380,2016.0,69198,1,Petrol,Ts-15,Manual,Hatchback,317000,Renault,Kwid,Unknown
1381,2019.0,49705,1,Petrol,Gj-01,Automatic,Hatchback,550000,Hyundai,New Santro,Unknown
1382,2015.0,88509,2,Diesel,Ka-25,Manual,Hatchback,590000,Maruti,Swift,Unknown
1383,2018.0,49887,1,Petrol,Dl-8C,Manual,Sedan,664000,Maruti,Dzire,Unknown
1384,2017.0,119934,1,Petrol,Unknown,Manual,Hatchback,466000,Tata,Tiago,Unknown
1385,2016.0,30978,1,Petrol,Ts-09,Manual,Hatchback,420000,Maruti,Wagon R 1.0,Unknown
1386,2021.0,18837,1,Petrol,Mh-06,Automatic,Sedan,1225000,Volkswagen,Vento,Unknown
1387,2017.0,51418,1,Petrol,Mh-03,Automatic,Hatchback,648000,Maruti,Baleno,Unknown
1388,2019.0,28315,1,Diesel,Ka-05,Manual,Suv,1612000,Tata,Harrier,Unknown
1389,2019.0,69720,1,Cng,Mh-14,Manual,Hatchback,510000,Maruti,Celerio,Unknown
1390,2017.0,76062,2,Petrol,Dl-13,Manual,Sedan,287000,Maruti,Dzire,Unknown
1391,2022.0,15524,1,Petrol,Ts-07,Automatic,Suv,1144000,Maruti,Brezza,Unknown
1392,2016.0,65143,1,Petrol,Mh-03,Manual,Sedan,557000,Honda,City,Unknown
1393,2021.0,13886,1,Petrol,Pb-27,Manual,Hatchback,445000,Maruti,S Presso,Unknown
1394,2013.0,47325,1,Petrol,Mh-12,Manual,Hatchback,314000,Hyundai,I10,Unknown
1395,2022.0,3686,1,Petrol,22-Bh,Manual,Suv,1473000,Volkswagen,Taigun,Unknown
1396,2016.0,9438,1,Petrol,Hr-51,Automatic,Sedan,1395000,Maruti,Swift Dzire,Unknown
1397,2016.0,46369,1,Petrol,Ka-53,Manual,Hatchback,665000,Hyundai,Elite I20,Unknown
1398,2018.0,30685,2,Petrol,Ka-51,Manual,Hatchback,322000,Datsun,Redi Go,Unknown
1399,2020.0,10032,1,Diesel,Mh-03,Automatic,Suv,1588000,Tata,Hexa,Unknown
1400,2018.0,37934,1,Petrol,Hr-72,Manual,Hatchback,357000,Maruti,Celerio,Unknown
1401,2019.0,89657,1,Diesel,Wb-02,Automatic,Suv,704000,Maruti,Vitara Brezza,Unknown
1402,2017.0,91033,1,Petrol,Dl-1C,Manual,Hatchback,385000,Tata,Tiago,Unknown
1403,2015.0,82997,2,Diesel,Ch-01,Manual,Suv,683000,Hyundai,Creta,Unknown
1404,2020.0,23979,1,Petrol,Ka-01,Manual,Suv,1552000,Kia,Seltos,Unknown
1405,2019.0,31850,1,Petrol,Rj-28,Manual,Hatchback,357000,Renault,Kwid,Unknown
1406,2022.0,46679,1,Petrol,Ka-02,Manual,Hatchback,606000,Maruti,Celerio,Unknown
1407,2021.0,50543,1,Petrol,Up-32,Manual,Suv,805000,Hyundai,Venue,Unknown
1408,2016.0,68336,2,Petrol,Ts-07,Manual,Hatchback,311000,Hyundai,Eon,Unknown
1409,2020.0,40195,1,Petrol,Rj-13,Manual,Suv,1003000,Maruti,S Cross,Unknown
1410,2015.0,81297,1,Petrol,Dl-8C,Manual,Suv,529000,Ford,Ecosport,Unknown
1411,2017.0,63690,1,Petrol,Gj-01,Manual,Sedan,734000,Maruti,Dzire,Unknown
1412,2018.0,60221,2,Petrol,Tn-30,Manual,Hatchback,441000,Maruti,Wagon R 1.0,Unknown
1413,2015.0,59890,2,Petrol,Hr-26,Manual,Sedan,462000,Maruti,Ciaz,Unknown
1414,2013.0,37136,1,Petrol,Dl-13,Manual,Hatchback,326000,Maruti,Swift,Unknown
1415,2018.0,82686,1,Cng,Up-14,Manual,Hatchback,467000,Hyundai,Grand I10,Unknown
1416,2018.0,21333,1,Petrol,Mh-04,Manual,Hatchback,637000,Hyundai,Elite I20,Unknown
1417,2016.0,34488,1,Petrol,Ts-13,Manual,Hatchback,511000,Hyundai,Grand I10,Unknown
1418,2016.0,98059,1,Petrol,Hr-29,Manual,Hatchback,439000,Maruti,Baleno,Unknown
1419,2021.0,14740,1,Petrol,Up-16,Manual,Suv,737000,Nissan,Magnite,Unknown
1420,2013.0,51987,1,Petrol,Mh-02,Manual,Hatchback,322000,Hyundai,Grand I10,Unknown
1421,2018.0,66387,2,Petrol,Hr-26,Automatic,Hatchback,441000,Maruti,Celerio,Unknown
1422,2012.0,111170,2,Petrol,Unknown,Manual,Hatchback,163000,Maruti,Zen Estilo,Unknown
1423,2011.0,78075,1,Petrol,Wb-06,Manual,Hatchback,203000,Toyota,Etios Liva,Unknown
1424,2017.0,32366,1,Petrol,Mh-49,Manual,Hatchback,335000,Nissan,Micra Active,Unknown
1425,2015.0,60292,1,Cng,Mh-46,Manual,Hatchback,402000,Maruti,Celerio,Unknown
1426,2019.0,36847,1,Diesel,Ka-03,Manual,Lux_Suv,1756000,Mahindra,Xuv500,Unknown
1427,2021.0,24849,1,Petrol,Hr-51,Manual,Suv,1175000,Hyundai,Creta,Unknown
1428,2021.0,45479,1,Cng,Dl-8C,Manual,Hatchback,512000,Maruti,S Presso,Unknown
1429,2017.0,88979,1,Petrol,Gj-07,Manual,Hatchback,282000,Renault,Kwid,Unknown
1430,2016.0,41285,1,Petrol,Dl-2C,Manual,Hatchback,420000,Hyundai,Grand I10,Unknown
1431,2022.0,1675,1,Petrol,Gj-27,Manual,Suv,659000,Renault,Triber,Unknown
1432,2014.0,99368,2,Cng,Mh-04,Manual,Hatchback,382000,Maruti,Wagon R 1.0,Unknown
1433,2012.0,43806,1,Cng,Hr-51,Manual,Sedan,553000,Maruti,Swift Dzire,Unknown
1434,2019.0,22281,1,Petrol,Pb-39,Manual,Hatchback,471000,Hyundai,New Santro,Unknown
1435,2018.0,63411,2,Petrol,Tn-22,Manual,Sedan,697000,Maruti,Ciaz,Unknown
1436,2020.0,36518,1,Cng,Dl-2C,Manual,Hatchback,565000,Maruti,New Wagon-R,Unknown
1437,2014.0,47609,1,Petrol,Ka-01,Manual,Sedan,614000,Hyundai,Verna,Unknown
1438,2020.0,19163,1,Petrol,Pb-65,Automatic,Sedan,1145000,Honda,City,Unknown
1439,2017.0,26207,1,Petrol,Dl-8C,Manual,Hatchback,531000,Maruti,Ignis,Unknown
1440,2021.0,28035,1,Petrol,Mh-14,Manual,Suv,1129000,Renault,Duster,Unknown
1441,2017.0,59266,1,Diesel,Hr-29,Manual,Suv,764000,Honda,Wr-V,Unknown
1442,2019.0,12234,1,Petrol,Ka-53,Manual,Suv,988000,Hyundai,Venue,Unknown
1443,2020.0,55601,1,Petrol,Dl-10,Automatic,Sedan,891750,Skoda,Rapid,Unknown
1444,2012.0,43690,1,Petrol,Dl-3C,Manual,Hatchback,322000,Hyundai,I20,Unknown
1445,2013.0,63686,1,Cng,Dl-9C,Manual,Hatchback,243000,Hyundai,Santro Xing,Unknown
1446,2018.0,79277,2,Petrol,Dl-6C,Manual,Sedan,563000,Maruti,Dzire,Unknown
1447,2020.0,27653,1,Petrol,Ts-09,Automatic,Suv,1067000,Maruti,S Cross,Unknown
1448,2016.0,47118,1,Petrol,Up-78,Manual,Hatchback,402000,Hyundai,Grand I10,Unknown
1449,2013.0,50688,2,Petrol,Mh-04,Manual,Sedan,625000,Maruti,Swift Dzire,Unknown
1450,2017.0,12190,1,Petrol,Mh-01,Manual,Hatchback,422000,Maruti,Celerio,Unknown
1451,2016.0,43028,2,Petrol,Gj-27,Manual,Sedan,715000,Honda,City,Unknown
1452,2013.0,47036,3,Petrol,Hr-26,Automatic,Sedan,561000,Hyundai,Verna,Unknown
1453,2015.0,45513,1,Petrol,Ka-51,Manual,Hatchback,554000,Maruti,Swift,Unknown
1454,2015.0,30073,1,Petrol,Wb-24,Manual,Hatchback,221000,Maruti,Alto 800,Unknown
1455,2013.0,91405,1,Petrol,Ap-28,Manual,Hatchback,324000,Maruti,Wagon R 1.0,Unknown
1456,2019.0,43774,1,Petrol,Gj-23,Manual,Sedan,604000,Honda,Amaze,Unknown
1457,2020.0,32667,1,Petrol,Mh-03,Manual,Hatchback,662000,Hyundai,Elite I20,Unknown
1458,2021.0,15218,1,Petrol,Pb-08,Manual,Hatchback,680000,Maruti,Swift,Unknown
1459,2019.0,76947,1,Petrol,Ts-10,Automatic,Hatchback,726000,Hyundai,Grand I10 Nios,Unknown
1460,2017.0,80281,1,Petrol,Tn-10,Manual,Sedan,668000,Maruti,Dzire,Unknown
1461,2016.0,84135,2,Petrol,Mp-04,Manual,Hatchback,513000,Hyundai,Elite I20,Unknown
1462,2019.0,56376,1,Petrol,Ka-51,Manual,Sedan,593000,Hyundai,Verna,Unknown
1463,2022.0,38158,1,Cng,Mh-12,Manual,Hatchback,803000,Tata,Tiago,Unknown
1464,2019.0,89381,1,Cng,Dl-3C,Manual,Hatchback,547000,Hyundai,Grand I10,Unknown
1465,2020.0,15440,2,Petrol,Wb-20,Automatic,Hatchback,497000,Maruti,New Wagon-R,Unknown
1466,2022.0,23867,1,Petrol,Up-25,Manual,Hatchback,389000,Maruti,Alto,Unknown
1467,2016.0,54056,1,Petrol,Tn-38,Manual,Sedan,718000,Honda,City,Unknown
1468,2016.0,113371,1,Diesel,Ts-08,Manual,Suv,848000,Hyundai,Creta,Unknown
1469,2017.0,30866,1,Petrol,Mh-43,Manual,Hatchback,564000,Maruti,Swift,Unknown
1470,2016.0,61415,2,Petrol,Ka-52,Manual,Hatchback,445000,Tata,Tiago,Unknown
1471,2017.0,23885,1,Petrol,Tn-68,Manual,Hatchback,441000,Maruti,Wagon R 1.0,Unknown
1472,2017.0,44270,2,Petrol,Ka-51,Automatic,Sedan,674000,Maruti,Dzire,Unknown
1473,2018.0,61530,3,Petrol,Mh-02,Manual,Sedan,331000,Honda,Amaze,Unknown
1474,2015.0,24509,1,Petrol,Up-14,Manual,Hatchback,251000,Maruti,Alto 800,Unknown
1475,2016.0,17666,2,Petrol,Wb-24,Manual,Hatchback,559000,Hyundai,Elite I20,Unknown
1476,2017.0,36540,1,Petrol,Wb-26,Manual,Hatchback,447000,Maruti,Baleno,Unknown
1477,2018.0,37811,1,Petrol,Ts-09,Manual,Hatchback,317000,Maruti,Alto 800,Unknown
1478,2021.0,12305,1,Petrol,Mh-05,Automatic,Hatchback,673000,Tata,Tiago,Unknown
1479,2018.0,11406,1,Petrol,Mh-12,Manual,Sedan,766000,Honda,City,Unknown
1480,2017.0,60988,1,Diesel,Ka-41,Manual,Sedan,893000,Maruti,Dzire,Unknown
1481,2014.0,87970,2,Cng,Mh-46,Manual,Hatchback,349000,Maruti,Celerio,Unknown
1482,2019.0,10319,1,Petrol,Dl-7C,Manual,Suv,1035000,Honda,Br-V,Unknown
1483,2020.0,20357,1,Petrol,Ch-01,Manual,Suv,1158000,Kia,Seltos,Unknown
1484,2017.0,28696,1,Petrol,Mh-05,Manual,Hatchback,543000,Hyundai,Elite I20,Unknown
1485,2016.0,60223,2,Petrol,Ka-03,Automatic,Hatchback,623000,Honda,Jazz,Unknown
1486,2013.0,59812,2,Petrol,Kl-43,Manual,Hatchback,198000,Maruti,Alto 800,Unknown
1487,2020.0,75591,1,Cng,Ka-17,Manual,Hatchback,430000,Maruti,Alto,Unknown
1488,2013.0,32679,2,Petrol,Dl-3C,Manual,Hatchback,355000,Hyundai,I20,Unknown
1489,2015.0,36627,1,Petrol,Hr-03,Manual,Hatchback,302000,Maruti,Alto K10,Unknown
1490,2020.0,31599,1,Petrol,Gj-03,Manual,Hatchback,488000,Maruti,Celerio,Unknown
1491,2018.0,80010,2,Petrol,Pb-70,Manual,Sedan,678000,Maruti,Ciaz,Unknown
1492,2017.0,42802,1,Petrol,Gj-06,Automatic,Lux_Sedan,962000,Hyundai,New Elantra,Unknown
1493,2014.0,43342,2,Diesel,Hr-77,Manual,Hatchback,389000,Maruti,Swift,Unknown
1494,2017.0,116263,3,Diesel,Gj-38,Manual,Hatchback,611000,Hyundai,Elite I20,Unknown
1495,2019.0,30505,1,Petrol,Tn-14,Automatic,Hatchback,771000,Honda,Jazz,Unknown
1496,2016.0,74335,2,Petrol,Gj-01,Manual,Hatchback,429000,Hyundai,Grand I10,Unknown
1497,2018.0,122864,2,Diesel,Ka-02,Manual,Sedan,803000,Maruti,Ciaz,Unknown
1498,2020.0,73545,1,Petrol,Ts-15,Manual,Hatchback,573000,Volkswagen,Polo,Unknown
1499,2018.0,89919,1,Petrol,Ka-04,Manual,Hatchback,333000,Maruti,Alto K10,Unknown
1500,2018.0,77767,2,Petrol,Tn-10,Manual,Suv,646800,Honda,Wr-V,Unknown
1501,2022.0,13934,1,Cng,Mh-14,Manual,Hatchback,712500,Tata,Tiago,Unknown
1502,2020.0,19126,1,Cng,Mh-46,Manual,Hatchback,496000,Maruti,S Presso,Unknown
1503,2018.0,21047,1,Petrol,Dl-3C,Manual,Hatchback,304000,Maruti,Alto 800,Unknown
1504,2017.0,86000,2,Cng,Mh-01,Manual,Hatchback,484000,Maruti,Celerio,Unknown
1505,2020.0,46416,1,Petrol,Kl-29,Manual,Hatchback,437000,Renault,Kwid,Unknown
1506,2018.0,32594,2,Petrol,Hr-87,Manual,Hatchback,379000,Maruti,Wagon R 1.0,Unknown
1507,2014.0,38709,1,Petrol,Mh-14,Manual,Hatchback,413000,Hyundai,Grand I10,Unknown
1508,2018.0,106711,2,Petrol,Unknown,Automatic,Hatchback,596000,Maruti,Baleno,Unknown
1509,2020.0,59897,1,Petrol,Ka-05,Manual,Sedan,572000,Hyundai,Aura,Unknown
1510,2016.0,85849,2,Diesel,Ka-53,Automatic,Suv,763000,Renault,Duster,Unknown
1511,2018.0,18047,1,Petrol,Gj-01,Manual,Hatchback,306000,Maruti,Alto 800,Unknown
1512,2020.0,46710,1,Petrol,Mh-14,Automatic,Hatchback,531000,Renault,Kwid,Unknown
1513,2016.0,70732,1,Petrol,Ka-50,Automatic,Hatchback,427000,Maruti,Wagon R 1.0,Unknown
1514,2019.0,40767,1,Cng,Up-14,Manual,Hatchback,545000,Maruti,New Wagon-R,Unknown
1515,2011.0,82830,2,Petrol,Ka-05,Manual,Hatchback,344000,Maruti,Swift,Unknown
1516,2021.0,21868,2,Petrol,Rj-45,Manual,Hatchback,630300,Maruti,Baleno,Unknown
1517,2013.0,74743,2,Petrol,Ap-28,Manual,Hatchback,397000,Hyundai,I20,Unknown
1518,2016.0,38491,1,Petrol,Up-16,Manual,Sedan,400000,Honda,City,Unknown
1519,2019.0,93813,1,Diesel,Mh-47,Automatic,Sedan,574000,Maruti,Dzire,Unknown
1520,2018.0,26983,1,Petrol,Hr-26,Manual,Sedan,673000,Maruti,Dzire,Unknown
1521,2019.0,32679,2,Petrol,Tn-07,Manual,Hatchback,635000,Maruti,Swift,Unknown
1522,2015.0,42303,2,Petrol,Tn-14,Manual,Hatchback,471000,Maruti,Swift,Unknown
1523,2019.0,40434,1,Petrol,Pb-07,Manual,Hatchback,573000,Hyundai,Grand I10,Unknown
1524,2018.0,69523,1,Petrol,Ts-07,Manual,Hatchback,422000,Maruti,Wagon R 1.0,Unknown
1525,2021.0,9862,2,Petrol,Rj-18,Manual,Hatchback,815000,Renault,Kiger,Unknown
1526,2017.0,60956,1,Petrol,Mh-01,Automatic,Suv,954000,Hyundai,Creta,Unknown
1527,2021.0,15992,1,Petrol,Ts-08,Manual,Sedan,945000,Honda,City,Unknown
1528,2020.0,29648,2,Petrol,Up-16,Manual,Suv,939000,Maruti,S Cross,Unknown
1529,2019.0,43237,1,Petrol,Up-32,Manual,Hatchback,682000,Maruti,Baleno,Unknown
1530,2014.0,62639,2,Diesel,Tn-07,Manual,Hatchback,429000,Hyundai,Grand I10,Unknown
1531,2021.0,33652,1,Cng,Dl-9C,Manual,Hatchback,575000,Maruti,New Wagon-R,Unknown
1532,2018.0,44165,2,Petrol,Dl-4C,Manual,Hatchback,573000,Hyundai,Elite I20,Unknown
1533,2015.0,94033,2,Diesel,Ka-19,Automatic,Sedan,613000,Hyundai,Verna,Unknown
1534,2011.0,83320,2,Diesel,Ka-03,Manual,Sedan,396000,Maruti,Swift Dzire,Unknown
1535,2020.0,42154,1,Petrol,Gj-05,Manual,Hatchback,508000,Maruti,New Wagon-R,Unknown
1536,2015.0,44220,2,Petrol,Gj-01,Automatic,Sedan,564000,Maruti,Ciaz,Unknown
1537,2019.0,63515,1,Cng,Rj-05,Manual,Hatchback,357000,Maruti,Alto,Unknown
1538,2014.0,23518,2,Petrol,Mh-02,Manual,Hatchback,239000,Hyundai,Eon,Unknown
1539,2012.0,54288,1,Petrol,Hr-51,Manual,Hatchback,229000,Honda,Brio,Unknown
1540,2013.0,95885,1,Petrol,Mh-12,Manual,Hatchback,392000,Hyundai,I20,Unknown
1541,2017.0,10991,1,Petrol,Mh-05,Manual,Hatchback,530000,Maruti,Swift,Unknown
1542,2017.0,55427,1,Petrol,Dl-10,Manual,Sedan,526000,Honda,Amaze,Unknown
1543,2018.0,47009,1,Petrol,Tn-09,Manual,Hatchback,485000,Nissan,Micra Active,Unknown
1544,2015.0,114678,1,Petrol,Unknown,Manual,Sedan,617000,Hyundai,Xcent,Unknown
1545,2017.0,75047,1,Petrol,Dl-1C,Manual,Hatchback,337000,Maruti,Wagon R 1.0,Unknown
1546,2011.0,87568,1,Petrol,Kl-54,Manual,Hatchback,218000,Hyundai,I10,Unknown
1547,2021.0,63357,1,Diesel,Up-42,Manual,Suv,874000,Ford,Ecosport,Unknown
1548,2017.0,81120,1,Diesel,Ka-01,Manual,Lux_Suv,1077000,Mahindra,Xuv500,Unknown
1549,2021.0,44321,1,Cng,Up-32,Manual,Sedan,814000,Toyota,Yaris,Unknown
1550,2019.0,26769,1,Diesel,Up-32,Automatic,Suv,833000,Maruti,Vitara Brezza,Unknown
1551,2020.0,46607,1,Petrol,Rj-45,Manual,Hatchback,380000,Maruti,Alto,Unknown
1552,2020.0,19475,2,Petrol,Hr-26,Automatic,Suv,942000,Maruti,S Cross,Unknown
1553,2015.0,56150,1,Petrol,Ka-05,Automatic,Hatchback,451000,Maruti,Celerio,Unknown
1554,2019.0,54034,1,Petrol,Gj-01,Manual,Sedan,600000,Honda,Amaze,Unknown
1555,2017.0,14241,1,Petrol,Dl-10,Manual,Suv,699000,Ford,Ecosport,Unknown
1556,2019.0,53976,1,Petrol,Ts-10,Manual,Hatchback,352000,Maruti,Alto,Unknown
1557,2015.0,88047,1,Petrol,Hr-14,Manual,Hatchback,253000,Maruti,Alto 800,Unknown
1558,2019.0,55317,1,Petrol,Tn-11,Manual,Hatchback,459000,Renault,Kwid,Unknown
1559,2017.0,47556,1,Petrol,Dl-10,Manual,Suv,792000,Hyundai,Creta,Unknown
1560,2018.0,51848,2,Diesel,Hr-51,Manual,Lux_Sedan,1102000,Toyota,Corolla Altis,Unknown
1561,2016.0,90494,1,Diesel,Tn-14,Manual,Suv,416000,Mahindra,Kuv100,Unknown
1562,2011.0,73738,2,Petrol,Dl-3C,Manual,Hatchback,240000,Maruti,Swift,Unknown
1563,2014.0,58833,2,Petrol,Ka-51,Manual,Sedan,490000,Maruti,Swift Dzire,Unknown
1564,2018.0,44946,1,Petrol,Gj-16,Manual,Hatchback,579000,Hyundai,Elite I20,Unknown
1565,2022.0,13642,1,Petrol,Up-78,Manual,Hatchback,642000,Maruti,New Wagon-R,Unknown
1566,2019.0,30385,1,Petrol,Hr-51,Manual,Hatchback,355000,Renault,Kwid,Unknown
1567,2021.0,30198,1,Diesel,Ts-15,Manual,Suv,1828000,Tata,Safari,Unknown
1568,2019.0,83004,1,Petrol,Tn-23,Automatic,Suv,1416000,Kia,Seltos,Unknown
1569,2017.0,80830,1,Petrol,Ka-03,Manual,Hatchback,698000,Maruti,Baleno,Unknown
1570,2021.0,22244,1,Petrol,Wb-08,Manual,Hatchback,481000,Maruti,Ignis,Unknown
1571,2013.0,96763,1,Petrol,Mh-02,Manual,Hatchback,229000,Hyundai,Eon,Unknown
1572,2018.0,52716,2,Petrol,Ts-08,Manual,Hatchback,651000,Maruti,Baleno,Unknown
1573,2012.0,118173,2,Diesel,Ap-28,Manual,Hatchback,313000,Maruti,Ritz,Unknown
1574,2017.0,17815,1,Petrol,Dl-9C,Manual,Hatchback,447000,Hyundai,Grand I10,Unknown
1575,2014.0,106479,1,Petrol,Unknown,Manual,Hatchback,416000,Hyundai,Elite I20,Unknown
1576,2011.0,26218,1,Petrol,Hr-26,Automatic,Sedan,802000,Volkswagen,Vento,Unknown
1577,2017.0,48405,1,Petrol,Up-72,Manual,Hatchback,407000,Maruti,Ignis,Unknown
1578,2018.0,19450,1,Petrol,Gj-05,Manual,Hatchback,311000,Hyundai,Eon,Unknown
1579,2016.0,50500,2,Petrol,Tn-02,Manual,Sedan,575000,Volkswagen,Vento,Unknown
1580,2020.0,21847,1,Petrol,Up-78,Manual,Suv,964000,Kia,Seltos,Unknown
1581,2019.0,45978,2,Diesel,Ts-16,Manual,Suv,755000,Honda,Wr-V,Unknown
1582,2021.0,10218,1,Petrol,Ka-17,Manual,Hatchback,512000,Maruti,S Presso,Unknown
1583,2017.0,40959,1,Petrol,Ka-05,Manual,Suv,790000,Honda,Wr-V,Unknown
1584,2019.0,5337,1,Petrol,Ka-53,Manual,Suv,563000,Mahindra,Kuv 100 Nxt,Unknown
1585,2021.0,40380,1,Cng,Hr-26,Automatic,Hatchback,812000,Maruti,Baleno,Unknown
1586,2017.0,59293,1,Petrol,Hr-26,Automatic,Hatchback,577000,Maruti,Ignis,Unknown
1587,2021.0,13324,1,Petrol,Tn-58,Manual,Sedan,705000,Maruti,Dzire,Unknown
1588,2016.0,115440,1,Diesel,Gj-27,Manual,Hatchback,603000,Hyundai,Elite I20,Unknown
1589,2012.0,79482,1,Petrol,Ka-09,Manual,Sedan,507000,Hyundai,Verna,Unknown
1590,2014.0,45852,2,Petrol,Ts-12,Manual,Hatchback,337000,Maruti,Wagon R 1.0,Unknown
1591,2019.0,45441,2,Petrol,Mh-14,Manual,Sedan,527000,Volkswagen,Ameo,Unknown
1592,2013.0,99427,2,Petrol,Ka-03,Manual,Hatchback,227000,Maruti,Alto 800,Unknown
1593,2018.0,7516,1,Petrol,Wb-02,Manual,Hatchback,431000,Maruti,Celerio,Unknown
1594,2020.0,60810,1,Cng,Hr-87,Manual,Hatchback,627000,Maruti,Baleno,Unknown
1595,2012.0,44164,1,Petrol,Mh-12,Automatic,Sedan,464000,Honda,City,Unknown
1596,2018.0,70211,1,Petrol,Mh-12,Manual,Sedan,600000,Maruti,Ciaz,Unknown
1597,2015.0,78709,1,Petrol,Dl-9C,Manual,Hatchback,393000,Maruti,Swift,Unknown
1598,2020.0,30761,1,Petrol,Dl-10,Manual,Sedan,897000,Skoda,Rapid,Unknown
1599,2011.0,26757,1,Cng,Pb-27,Manual,Sedan,735000,Honda,City,Unknown
1600,2014.0,77469,1,Petrol,Tn-14,Automatic,Hatchback,408000,Honda,Brio,Unknown
1601,2015.0,53282,2,Diesel,Mh-14,Automatic,Sedan,836000,Maruti,Swift Dzire,Unknown
1602,2019.0,30460,1,Petrol,Ch-01,Manual,Sedan,720000,Toyota,Yaris,Unknown
1603,2021.0,19503,2,Petrol,Hr-26,Manual,Hatchback,746000,Maruti,Baleno,Unknown
1604,2022.0,44809,1,Petrol,Up-32,Manual,Suv,1156000,Maruti,Xl6,Unknown
1605,2012.0,91703,1,Petrol,Ap-28,Manual,Hatchback,460000,Hyundai,I20,Unknown
1606,2014.0,76517,2,Diesel,Mh-03,Manual,Suv,495000,Ford,Ecosport,Unknown
1607,2014.0,49093,1,Petrol,Pb-10,Manual,Hatchback,308650,Maruti,Wagon R 1.0,Unknown
1608,2019.0,20818,1,Petrol,Rj-18,Manual,Hatchback,613000,Maruti,Baleno,Unknown
1609,2020.0,94998,1,Diesel,Ka-05,Automatic,Suv,1462000,Kia,Seltos,Unknown
1610,2017.0,53047,2,Petrol,Hr-26,Manual,Lux_Suv,1154000,Hyundai,Tucson New,Unknown
1611,2013.0,62088,2,Petrol,Tn-07,Manual,Sedan,586000,Maruti,Swift Dzire,Unknown
1612,2011.0,72523,1,Petrol,Hr-26,Manual,Hatchback,209000,Hyundai,I20,Unknown
1613,2022.0,21284,1,Petrol,Mh-03,Automatic,Sedan,910000,Maruti,Ciaz,Unknown
1614,2015.0,41544,2,Petrol,Wb-08,Manual,Sedan,326000,Hyundai,Xcent,Unknown
1615,2014.0,34551,2,Petrol,Dl-1C,Manual,Hatchback,375000,Maruti,Swift,Unknown
1616,2017.0,32328,1,Petrol,Tn-02,Manual,Hatchback,322000,Maruti,Alto 800,Unknown
1617,2019.0,67271,1,Diesel,Ka-05,Manual,Suv,831000,Tata,Nexon,Unknown
1618,2017.0,67286,1,Petrol,Hr-51,Manual,Hatchback,506000,Maruti,Baleno,Unknown
1619,2016.0,62072,2,Diesel,Mh-05,Manual,Sedan,505000,Honda,Amaze,Unknown
1620,2016.0,61981,2,Petrol,Mh-12,Automatic,Hatchback,426000,Maruti,Wagon R 1.0,Unknown
1621,2018.0,30303,1,Petrol,Ka-03,Manual,Sedan,557000,Maruti,Dzire,Unknown
1622,2020.0,98983,1,Petrol,Ts-11,Automatic,Sedan,825000,Hyundai,Aura,Unknown
1623,2016.0,95696,1,Petrol,Dl-10,Manual,Suv,733000,Hyundai,Creta,Unknown
1624,2018.0,28266,1,Petrol,Ts-13,Manual,Hatchback,521000,Hyundai,Grand I10,Unknown
1625,2018.0,43424,2,Diesel,Gj-27,Manual,Sedan,663000,Maruti,Dzire,Unknown
1626,2020.0,27344,1,Petrol,Hr-87,Manual,Sedan,875000,Maruti,Ciaz,Unknown
1627,2015.0,47753,2,Petrol,Mh-46,Manual,Hatchback,470000,Hyundai,Elite I20,Unknown
1628,2014.0,74493,2,Diesel,Mh-04,Manual,Sedan,606000,Honda,City,Unknown
1629,2019.0,53263,1,Petrol,Hr-72,Manual,Hatchback,480000,Tata,Tiago,Unknown
1630,2020.0,70052,1,Diesel,Ch-01,Automatic,Suv,1091000,Kia,Sonet,Unknown
1631,2021.0,16502,1,Petrol,Ka-14,Manual,Hatchback,520000,Hyundai,New Santro,Unknown
1632,2018.0,82558,1,Petrol,Rj-45,Manual,Hatchback,520000,Maruti,Celerio X,Unknown
1633,2017.0,84866,1,Diesel,Rj-14,Manual,Sedan,656000,Maruti,Ciaz,Unknown
1634,2014.0,76461,3,Cng,Mh-46,Manual,Hatchback,301000,Maruti,Wagon R 1.0,Unknown
1635,2017.0,29594,1,Petrol,Tn-06,Automatic,Hatchback,524000,Tata,Tiago,Unknown
1636,2016.0,67621,1,Petrol,Ka-03,Manual,Suv,878000,Hyundai,Creta,Unknown
1637,2021.0,54526,1,Petrol,Br-06,Manual,Suv,722000,Nissan,Magnite,Unknown
1638,2012.0,48775,2,Petrol,Ka-05,Manual,Hatchback,255000,Maruti,Alto 800,Unknown
1639,2012.0,61195,2,Petrol,Br-31,Manual,Hatchback,254000,Maruti,Wagon R 1.0,Unknown
1640,2012.0,60738,1,Petrol,Ka-02,Manual,Hatchback,274000,Hyundai,Santro Xing,Unknown
1641,2017.0,30774,2,Petrol,Ka-05,Manual,Hatchback,302000,Datsun,Go,Unknown
1642,2018.0,48978,1,Petrol,Up-32,Manual,Sedan,807000,Honda,City,Unknown
1643,2016.0,67437,2,Petrol,Wb-02,Automatic,Suv,729000,Hyundai,Creta,Unknown
1644,2016.0,45675,1,Petrol,Wb-26,Manual,Hatchback,326000,Maruti,Wagon R 1.0,Unknown
1645,2014.0,21670,1,Petrol,Dl-1C,Manual,Hatchback,237350,Maruti,Alto K10,Unknown
1646,2019.0,27792,1,Cng,Dl-8C,Manual,Hatchback,604000,Hyundai,New Santro,Unknown
1647,2010.0,86967,1,Petrol,Dl-3C,Manual,Hatchback,156000,Maruti,Wagon R 1.0,Unknown
1648,2017.0,19454,1,Petrol,Mh-04,Automatic,Sedan,1005000,Volkswagen,Ameo,Unknown
1649,2011.0,82055,1,Petrol,Mh-12,Manual,Hatchback,299000,Hyundai,I10,Unknown
1650,2016.0,16528,2,Petrol,Mh-12,Manual,Hatchback,378000,Renault,Kwid,Unknown
1651,2017.0,27436,1,Petrol,Tn-07,Manual,Hatchback,606000,Maruti,Baleno,Unknown
1652,2014.0,52685,1,Cng,Mh-46,Manual,Hatchback,346000,Maruti,Wagon R 1.0,Unknown
1653,2021.0,19142,1,Petrol,Tn-85,Automatic,Hatchback,926000,Renault,Kiger,Unknown
1654,2015.0,58313,1,Diesel,Mh-47,Manual,Suv,878000,Hyundai,Creta,Unknown
1655,2018.0,63528,1,Petrol,Ts-08,Automatic,Hatchback,495000,Maruti,Celerio X,Unknown
1656,2012.0,48005,1,Petrol,Up-14,Manual,Hatchback,313000,Maruti,Swift,Unknown
1657,2016.0,73344,3,Petrol,Ts-02,Manual,Hatchback,298000,Maruti,Alto K10,Unknown
1658,2017.0,70602,1,Petrol,Ka-02,Automatic,Hatchback,707000,Honda,Jazz,Unknown
1659,2017.0,105133,1,Diesel,Ts-07,Manual,Hatchback,593000,Maruti,Swift,Unknown
1660,2017.0,52520,2,Petrol,Ka-04,Automatic,Hatchback,385000,Renault,Kwid,Unknown
1661,2014.0,48407,1,Petrol,Tn-43,Manual,Hatchback,293000,Hyundai,Eon,Unknown
1662,2017.0,23991,1,Petrol,Mh-04,Manual,Hatchback,463000,Maruti,Celerio X,Unknown
1663,2018.0,16568,1,Petrol,Hr-29,Automatic,Sedan,615000,Maruti,Dzire,Unknown
1664,2018.0,71658,1,Petrol,Dl-8C,Automatic,Suv,986000,Hyundai,Creta,Unknown
1665,2022.0,3742,1,Petrol,Up-78,Manual,Hatchback,605000,Maruti,Celerio,Unknown
1666,2015.0,75360,1,Petrol,Mh-49,Manual,Sedan,401000,Hyundai,Xcent,Unknown
1667,2016.0,46894,3,Petrol,Ka-01,Manual,Hatchback,488000,Hyundai,Grand I10,Unknown
1668,2018.0,23405,1,Petrol,Ts-15,Manual,Hatchback,483000,Maruti,Celerio,Unknown
1669,2015.0,69690,1,Petrol,Dl-12,Automatic,Sedan,932000,Maruti,Swift Dzire,Unknown
1670,2018.0,55483,1,Petrol,Dl-1C,Manual,Hatchback,495000,Maruti,Swift,Unknown
1671,2021.0,17189,1,Cng,Dl-3C,Manual,Hatchback,599000,Maruti,New Wagon-R,Unknown
1672,2013.0,92389,2,Diesel,Ap-22,Manual,Hatchback,401000,Maruti,Swift,Unknown
1673,2017.0,35740,1,Petrol,Mh-12,Manual,Hatchback,526000,Hyundai,Grand I10,Unknown
1674,2019.0,26274,1,Petrol,Tn-07,Manual,Hatchback,526000,Nissan,Micra Active,Unknown
1675,2022.0,11850,1,Petrol,Pb-27,Manual,Suv,718000,Nissan,Magnite,Unknown
1676,2018.0,70689,1,Petrol,Kl-40,Automatic,Hatchback,495000,Maruti,Celerio,Unknown
1677,2021.0,36798,1,Petrol,Hr-87,Manual,Hatchback,674000,Maruti,Baleno,Unknown
1678,2011.0,25928,1,Petrol,Ka-05,Manual,Hatchback,248000,Maruti,Alto K10,Unknown
1679,2020.0,82366,1,Cng,Gj-05,Manual,Hatchback,452000,Maruti,S Presso,Unknown
1680,2016.0,50947,1,Petrol,Dl-3C,Manual,Suv,792000,Hyundai,Creta,Unknown
1681,2011.0,108793,2,Petrol,Unknown,Manual,Hatchback,267000,Hyundai,I10,Unknown
1682,2015.0,96295,2,Cng,Dl-6C,Automatic,Hatchback,332000,Maruti,Celerio,Unknown
1683,2018.0,42849,1,Petrol,Rj-45,Manual,Hatchback,554000,Hyundai,Elite I20,Unknown
1684,2016.0,10724,1,Petrol,Mh-01,Manual,Hatchback,253000,Datsun,Redi Go,Unknown
1685,2018.0,44386,1,Petrol,Tn-45,Manual,Hatchback,429000,Datsun,Go Plus,Unknown
1686,2020.0,25179,2,Petrol,Ka-02,Manual,Suv,619000,Renault,Triber,Unknown
1687,2019.0,95338,1,Diesel,Up-14,Manual,Lux_Suv,885000,Mahindra,Xuv500,Unknown
1688,2017.0,85831,1,Petrol,Kl-22,Manual,Hatchback,279000,Renault,Kwid,Unknown
1689,2014.0,94591,1,Diesel,Gj-05,Manual,Sedan,480000,Honda,Amaze,Unknown
1690,2010.0,91626,1,Petrol,Kl-01,Manual,Hatchback,163000,Maruti,Zen Estilo,Unknown
1691,2021.0,22928,1,Diesel,Mh-04,Manual,Suv,1776000,Hyundai,Alcazar,Unknown
1692,2018.0,47140,2,Petrol,Mh-01,Automatic,Sedan,621000,Toyota,Yaris,Unknown
1693,2018.0,78994,1,Petrol,Dl-9C,Manual,Sedan,529000,Hyundai,Verna,Unknown
1694,2015.0,66694,1,Petrol,Dl-1C,Manual,Sedan,445000,Maruti,Swift Dzire,Unknown
1695,2021.0,19706,2,Petrol,Rj-18,Manual,Hatchback,786000,Renault,Kiger,Unknown
1696,2019.0,23797,2,Diesel,Dl-1C,Manual,Suv,827000,Hyundai,Venue,Unknown
1697,2016.0,110103,1,Diesel,Ka-05,Manual,Sedan,650000,Maruti,Ciaz,Unknown
1698,2018.0,120607,1,Petrol,Unknown,Manual,Hatchback,559000,Hyundai,I20 Active,Unknown
1699,2019.0,10175,1,Petrol,Wb-10,Manual,Suv,614000,Renault,Triber,Unknown
1700,2017.0,45915,1,Petrol,Mh-12,Manual,Sedan,874000,Honda,City,Unknown
1701,2018.0,55847,1,Petrol,Hr-20,Manual,Hatchback,457000,Maruti,Celerio,Unknown
1702,2016.0,47045,1,Petrol,Tn-20,Manual,Hatchback,648000,Hyundai,Elite I20,Unknown
1703,2015.0,58583,1,Petrol,Ts-07,Manual,Hatchback,504000,Hyundai,Elite I20,Unknown
1704,2017.0,37701,1,Petrol,Dl-1C,Manual,Hatchback,512000,Hyundai,Elite I20,Unknown
1705,2018.0,95329,1,Petrol,Rj-45,Manual,Sedan,843000,Hyundai,Verna,Unknown
1706,2013.0,153870,3,Diesel,Ch-01,Automatic,Lux_Sedan,1005000,Bmw,3 Series,Unknown
1707,2014.0,57000,1,Petrol,Br-01,Manual,Sedan,340000,Hyundai,Xcent,Unknown
1708,2015.0,71877,2,Petrol,Ka-25,Manual,Suv,708000,Maruti,Ertiga,Unknown
1709,2019.0,39839,1,Petrol,Pb-10,Automatic,Hatchback,861000,Hyundai,Elite I20,Unknown
1710,2010.0,115008,1,Petrol,Unknown,Manual,Hatchback,212000,Maruti,Swift,Unknown
1711,2018.0,43119,2,Petrol,Up-16,Automatic,Sedan,825000,Volkswagen,Vento,Unknown
1712,2019.0,58973,1,Petrol,Br-01,Manual,Sedan,334000,Hyundai,Xcent,Unknown
1713,2018.0,61326,1,Petrol,Dl-2C,Automatic,Hatchback,616000,Maruti,Swift,Unknown
1714,2020.0,11274,2,Petrol,Up-32,Manual,Hatchback,397750,Maruti,S Presso,Unknown
1715,2017.0,74006,1,Petrol,Wb-02,Manual,Hatchback,413000,Maruti,Baleno,Unknown
1716,2021.0,15869,1,Petrol,Mh-40,Automatic,Hatchback,539000,Hyundai,New Santro,Unknown
1717,2018.0,39525,2,Petrol,Hr-13,Manual,Hatchback,453000,Hyundai,Grand I10,Unknown
1718,2022.0,6624,1,Petrol,Dl-12,Manual,Hatchback,509000,Renault,Kwid,Unknown
1719,2020.0,21801,1,Petrol,Tn-40,Automatic,Suv,752000,Renault,Triber,Unknown
1720,2013.0,13626,2,Cng,Mh-04,Manual,Hatchback,280000,Maruti,Alto 800,Unknown
1721,2015.0,77569,1,Petrol,Ka-41,Manual,Hatchback,393000,Hyundai,I10,Unknown
1722,2020.0,53587,2,Cng,Mh-05,Manual,Hatchback,451000,Maruti,S Presso,Unknown
1723,2018.0,49578,1,Petrol,Ka-41,Automatic,Hatchback,711000,Maruti,Swift,Unknown
1724,2021.0,41428,1,Petrol,Ka-02,Automatic,Sedan,834000,Hyundai,Aura,Unknown
1725,2010.0,72199,2,Petrol,Dl-2C,Manual,Hatchback,160000,Maruti,Ritz,Unknown
1726,2019.0,89221,1,Cng,Dl-11,Manual,Hatchback,341000,Maruti,S Presso,Unknown
1727,2017.0,96391,1,Diesel,Ts-07,Manual,Hatchback,601000,Maruti,Swift,Unknown
1728,2017.0,30623,1,Petrol,Tn-02,Automatic,Hatchback,494000,Maruti,Celerio,Unknown
1729,2017.0,93767,2,Diesel,Mh-27,Manual,Suv,617000,Honda,Wr-V,Unknown
1730,2017.0,66609,1,Petrol,Hr-26,Manual,Hatchback,549000,Maruti,Baleno,Unknown
1731,2021.0,9087,1,Petrol,Gj-01,Automatic,Suv,1585000,Mahindra,Thar,Unknown
1732,2019.0,84035,1,Petrol,Dl-12,Manual,Suv,722000,Ford,Ecosport,Unknown
1733,2014.0,62031,1,Petrol,Hr-26,Manual,Hatchback,298000,Maruti,Ritz,Unknown
1734,2019.0,45245,1,Petrol,Hr-51,Automatic,Sedan,685000,Honda,Amaze,Unknown
1735,2015.0,28744,2,Petrol,Mp-09,Manual,Hatchback,382000,Hyundai,Grand I10,Unknown
1736,2012.0,76739,2,Cng,Gj-26,Manual,Sedan,535000,Honda,City,Unknown
1737,2014.0,93416,1,Petrol,Dl-1C,Manual,Sedan,342000,Honda,Amaze,Unknown
1738,2014.0,54827,2,Petrol,Mh-12,Manual,Hatchback,342000,Hyundai,I10,Unknown
1739,2021.0,19693,1,Cng,Up-16,Manual,Hatchback,649000,Hyundai,Grand I10 Nios,Unknown
1740,2015.0,42000,2,Petrol,Wb-06,Manual,Hatchback,393000,Hyundai,Elite I20,Unknown
1741,2011.0,78858,1,Petrol,Dl-8C,Manual,Hatchback,219000,Maruti,Swift,Unknown
1742,2013.0,94581,2,Petrol,Tn-04,Manual,Hatchback,355000,Maruti,Wagon R 1.0,Unknown
1743,2022.0,25222,1,Petrol,Tn-14,Manual,Sedan,848000,Honda,Amaze,Unknown
1744,2018.0,61960,2,Petrol,Mh-08,Manual,Sedan,469000,Maruti,Ciaz,Unknown
1745,2011.0,71957,1,Petrol,Mh-05,Manual,Hatchback,249000,Maruti,Wagon R 1.0,Unknown
1746,2019.0,39413,1,Petrol,Gj-38,Automatic,Suv,932000,Hyundai,Venue,Unknown
1747,2016.0,24731,1,Petrol,Mh-14,Automatic,Sedan,647000,Maruti,Ciaz,Unknown
1748,2018.0,46509,1,Petrol,Ka-03,Automatic,Hatchback,676000,Maruti,Swift,Unknown
1749,2017.0,52539,1,Petrol,Mh-02,Automatic,Hatchback,516000,Hyundai,Grand I10,Unknown
1750,2016.0,43803,1,Petrol,Mh-12,Automatic,Sedan,873000,Honda,Amaze,Unknown
1751,2011.0,42508,1,Petrol,Mh-12,Manual,Sedan,555000,Toyota,Etios,Unknown
1752,2014.0,73889,1,Petrol,Ts-07,Manual,Hatchback,471000,Maruti,Swift,Unknown
1753,2020.0,40687,1,Petrol,Ts-02,Manual,Suv,990000,Maruti,S Cross,Unknown
1754,2013.0,84171,2,Petrol,Ap-09,Manual,Hatchback,241000,Hyundai,Eon,Unknown
1755,2018.0,54937,2,Diesel,Wb-02,Manual,Suv,668000,Ford,Ecosport,Unknown
1756,2016.0,80664,1,Petrol,Up-78,Manual,Hatchback,379000,Maruti,Swift,Unknown
1757,2016.0,72918,1,Diesel,Rj-14,Automatic,Sedan,741000,Honda,Amaze,Unknown
1758,2017.0,48612,1,Diesel,Mh-04,Manual,Sedan,1409000,Hyundai,Verna,Unknown
1759,2017.0,59541,1,Petrol,Mh-02,Automatic,Hatchback,588000,Honda,Jazz,Unknown
1760,2019.0,53439,1,Diesel,Dl-4C,Manual,Suv,608000,Honda,Wr-V,Unknown
1761,2016.0,58454,2,Diesel,Wb-02,Manual,Sedan,386000,Hyundai,Verna,Unknown
1762,2019.0,57265,1,Petrol,Ka-19,Manual,Hatchback,643000,Maruti,Swift,Unknown
1763,2016.0,51975,1,Petrol,Hr-29,Manual,Sedan,464000,Honda,Amaze,Unknown
1764,2019.0,33340,1,Petrol,Hr-36,Automatic,Suv,887000,Maruti,Ertiga,Unknown
1765,2014.0,40940,2,Petrol,Mh-16,Manual,Hatchback,438000,Hyundai,Grand I10,Unknown
1766,2020.0,95678,1,Petrol,Ka-32,Manual,Suv,1056000,Renault,Duster,Unknown
1767,2015.0,22677,1,Petrol,Ka-05,Manual,Hatchback,345000,Renault,Kwid,Unknown
1768,2020.0,22610,1,Petrol,Up-14,Manual,Hatchback,654000,Maruti,Baleno,Unknown
1769,2016.0,70593,1,Petrol,Rj-14,Manual,Hatchback,345000,Hyundai,I10,Unknown
1770,2018.0,59405,1,Diesel,Dl-10,Manual,Suv,502000,Ford,Freestyle,Unknown
1771,2016.0,56003,2,Diesel,Ka-01,Automatic,Suv,767000,Renault,Duster,Unknown
1772,2019.0,94786,2,Diesel,Mh-14,Manual,Sedan,1359000,Honda,Civic,Unknown
1773,2018.0,83195,2,Petrol,Gj-01,Automatic,Lux_Sedan,1332000,Hyundai,New Elantra,Unknown
1774,2016.0,116897,1,Diesel,Mh-47,Automatic,Sedan,629000,Volkswagen,Vento,Unknown
1775,2013.0,105210,1,Petrol,Unknown,Manual,Sedan,576000,Volkswagen,Vento,Unknown
1776,2019.0,110999,3,Diesel,Tn-19,Manual,Sedan,494000,Maruti,Ciaz,Unknown
1777,2016.0,52783,1,Petrol,Tn-07,Manual,Hatchback,514000,Maruti,Swift,Unknown
1778,2015.0,83408,1,Cng,Mh-12,Manual,Hatchback,432000,Maruti,Celerio,Unknown
1779,2017.0,66442,1,Petrol,Br-31,Manual,Hatchback,383000,Hyundai,Grand I10,Unknown
1780,2015.0,60817,2,Petrol,Ts-08,Manual,Hatchback,475000,Hyundai,Grand I10,Unknown
1781,2017.0,32419,1,Petrol,Ts-09,Manual,Hatchback,306000,Datsun,Redi Go,Unknown
1782,2020.0,71274,1,Cng,Mh-43,Manual,Hatchback,436000,Maruti,S Presso,Unknown
1783,2017.0,70528,1,Petrol,Tn-14,Automatic,Hatchback,705000,Maruti,Baleno,Unknown
1784,2017.0,82305,1,Cng,Mh-03,Manual,Hatchback,440000,Maruti,Celerio,Unknown
1785,2016.0,49441,1,Petrol,Hr-26,Manual,Hatchback,556000,Hyundai,Elite I20,Unknown
1786,2021.0,54210,1,Diesel,Mh-46,Manual,Suv,1022000,Hyundai,Venue,Unknown
1787,2015.0,58131,1,Petrol,Ka-05,Manual,Hatchback,553000,Maruti,Swift,Unknown
1788,2019.0,78651,1,Diesel,Hr-26,Manual,Suv,647000,Tata,Nexon,Unknown
1789,2021.0,17079,1,Petrol,Up-21,Automatic,Hatchback,1119000,Hyundai,New I20 N Line,Unknown
1790,2018.0,51413,2,Petrol,Dl-12,Manual,Hatchback,506000,Maruti,Baleno,Unknown
1791,2011.0,49855,2,Cng,Dl-5C,Manual,Hatchback,230000,Maruti,Wagon R 1.0,Unknown
1792,2018.0,16206,2,Petrol,Tn-02,Manual,Sedan,431000,Honda,Amaze,Unknown
1793,2013.0,84558,2,Cng,Mh-43,Manual,Suv,585350,Maruti,Ertiga,Unknown
1794,2016.0,48042,1,Petrol,Mh-12,Automatic,Hatchback,642000,Maruti,Baleno,Unknown
1795,2015.0,61337,1,Petrol,Wb-02,Manual,Hatchback,316000,Hyundai,Grand I10,Unknown
1796,2015.0,97135,2,Petrol,Dl-3C,Manual,Sedan,392000,Honda,Amaze,Unknown
1797,2018.0,56291,1,Petrol,Hr-29,Manual,Hatchback,572000,Maruti,Swift,Unknown
1798,2017.0,58070,1,Petrol,Mh-47,Automatic,Hatchback,605000,Honda,Jazz,Unknown
1799,2020.0,38169,1,Cng,Rj-02,Manual,Hatchback,491000,Maruti,S Presso,Unknown
1800,2012.0,58228,2,Cng,Mh-04,Manual,Hatchback,308000,Maruti,Wagon R 1.0,Unknown
1801,2020.0,62948,1,Petrol,Mh-10,Manual,Hatchback,436000,Hyundai,New Santro,Unknown
1802,2016.0,47680,1,Petrol,Tn-02,Manual,Sedan,714000,Volkswagen,Vento,Unknown
1803,2015.0,20630,1,Petrol,Ka-53,Automatic,Sedan,1347000,Skoda,Rapid,Unknown
1804,2019.0,45739,1,Diesel,Hr-87,Automatic,Suv,783800,Maruti,Vitara Brezza,Unknown
1805,2016.0,40841,1,Petrol,Ts-10,Manual,Hatchback,699000,Hyundai,Elite I20,Unknown
1806,2012.0,79695,1,Petrol,Hr-26,Manual,Hatchback,323000,Maruti,Swift,Unknown
1807,2015.0,73002,2,Petrol,Dl-1C,Automatic,Sedan,513000,Maruti,Swift Dzire,Unknown
1808,2018.0,47248,1,Petrol,Pb-19,Manual,Hatchback,375000,Maruti,Alto K10,Unknown
1809,2019.0,44954,1,Diesel,Ka-02,Automatic,Hatchback,810000,Maruti,Swift,Unknown
1810,2013.0,99860,1,Diesel,Ap-13,Manual,Sedan,444000,Maruti,Swift Dzire,Unknown
1811,2015.0,29293,1,Petrol,Dl-3C,Automatic,Hatchback,343000,Maruti,Alto K10,Unknown
1812,2014.0,99227,1,Petrol,Ka-50,Automatic,Hatchback,372000,Maruti,Celerio,Unknown
1813,2018.0,64638,1,Petrol,Gj-01,Automatic,Sedan,748000,Toyota,Yaris,Unknown
1814,2018.0,15063,1,Petrol,Br-01,Manual,Hatchback,601000,Maruti,Baleno,Unknown
1815,2019.0,51964,1,Cng,Dl-12,Manual,Hatchback,389000,Maruti,Alto,Unknown
1816,2015.0,55145,1,Petrol,Ka-09,Automatic,Hatchback,587000,Honda,Jazz,Unknown
1817,2018.0,90619,1,Petrol,Pb-08,Manual,Sedan,700000,Toyota,Yaris,Unknown
1818,2011.0,56317,1,Petrol,Ka-02,Manual,Hatchback,394000,Maruti,Swift,Unknown
1819,2021.0,76506,2,Petrol,Mh-14,Automatic,Sedan,877000,Hyundai,Aura,Unknown
1820,2019.0,70065,1,Diesel,Ts-08,Manual,Suv,809000,Mahindra,Tuv300,Unknown
1821,2018.0,14382,2,Petrol,Gj-01,Manual,Hatchback,508000,Honda,Brio,Unknown
1822,2020.0,17216,1,Petrol,Mh-12,Automatic,Sedan,952000,Hyundai,Verna,Unknown
1823,2015.0,59470,1,Petrol,Ka-05,Manual,Hatchback,658000,Hyundai,Elite I20,Unknown
1824,2014.0,23915,1,Petrol,Ka-51,Automatic,Hatchback,440000,Maruti,Celerio,Unknown
1825,2012.0,39155,1,Petrol,Mh-12,Manual,Hatchback,397000,Maruti,Swift,Unknown
1826,2017.0,87814,2,Petrol,Kl-43,Automatic,Hatchback,456000,Maruti,Celerio,Unknown
1827,2019.0,18014,2,Cng,Mh-04,Manual,Suv,823000,Ford,Ecosport,Unknown
1828,2021.0,37400,1,Cng,Mh-05,Manual,Hatchback,451000,Maruti,Alto,Unknown
1829,2016.0,88437,1,Cng,Dl-1C,Manual,Sedan,651000,Honda,City,Unknown
1830,2019.0,36785,2,Petrol,Up-16,Manual,Hatchback,639000,Honda,Jazz,Unknown
1831,2018.0,74256,1,Petrol,Gj-18,Manual,Hatchback,463000,Hyundai,Grand I10,Unknown
1832,2018.0,63618,1,Petrol,Ka-05,Manual,Hatchback,523000,Maruti,Celerio X,Unknown
1833,2019.0,53713,1,Diesel,Dl-10,Manual,Sedan,714000,Maruti,Ciaz,Unknown
1834,2018.0,43353,1,Petrol,Ka-05,Automatic,Sedan,1298000,Honda,Amaze,Unknown
1835,2018.0,60525,1,Petrol,Hr-13,Manual,Hatchback,527000,Maruti,Baleno,Unknown
1836,2019.0,51442,1,Petrol,Ch-01,Automatic,Suv,778000,Ford,Ecosport,Unknown
1837,2016.0,111247,2,Petrol,Unknown,Manual,Sedan,460000,Honda,Amaze,Unknown
1838,2019.0,40424,1,Petrol,Ts-07,Manual,Hatchback,727000,Hyundai,Elite I20,Unknown
1839,2016.0,38385,1,Petrol,Dl-2C,Manual,Hatchback,513000,Maruti,Baleno,Unknown
1840,2021.0,76725,1,Petrol,Wb-02,Manual,Sedan,336000,Maruti,Dzire,Unknown
1841,2015.0,81098,1,Petrol,Ka-25,Manual,Sedan,687000,Honda,City,Unknown
1842,2016.0,81009,3,Diesel,Tn-69,Manual,Hatchback,620000,Volkswagen,Polo,Unknown
1843,2017.0,78928,2,Petrol,Gj-05,Manual,Hatchback,491000,Maruti,Baleno,Unknown
1844,2017.0,59949,1,Petrol,Gj-01,Manual,Sedan,681800,Hyundai,Verna,Unknown
1845,2014.0,77192,1,Petrol,Hr-26,Manual,Sedan,496000,Honda,City,Unknown
1846,2019.0,93516,1,Petrol,Rj-47,Manual,Hatchback,371000,Maruti,S Presso,Unknown
1847,2016.0,64851,2,Petrol,Up-14,Manual,Sedan,411000,Volkswagen,Ameo,Unknown
1848,2013.0,46225,1,Petrol,Mh-12,Manual,Hatchback,343000,Maruti,Wagon R 1.0,Unknown
1849,2017.0,124644,1,Diesel,Up-16,Manual,Hatchback,486000,Maruti,Swift,Unknown
1850,2015.0,73259,2,Diesel,Tn-23,Manual,Suv,555000,Renault,Duster,Unknown
1851,2019.0,22382,1,Petrol,Dl-3C,Manual,Sedan,662000,Honda,Amaze,Unknown
1852,2018.0,18334,2,Petrol,Mh-05,Automatic,Hatchback,420000,Renault,Kwid,Unknown
1853,2018.0,68036,1,Petrol,Dl-1C,Automatic,Suv,991000,Hyundai,Creta,Unknown
1854,2016.0,62526,1,Cng,Hr-29,Manual,Hatchback,552000,Honda,Jazz,Unknown
1855,2014.0,57121,1,Petrol,Mh-02,Manual,Sedan,375000,Honda,Amaze,Unknown
1856,2021.0,20730,1,Petrol,Hr-30,Manual,Sedan,800000,Maruti,Ciaz,Unknown
1857,2014.0,24027,1,Petrol,Mh-02,Manual,Hatchback,211000,Maruti,Alto 800,Unknown
1858,2018.0,57389,1,Petrol,Dl-1C,Manual,Hatchback,345000,Renault,Kwid,Unknown
1859,2017.0,12324,1,Petrol,Dl-2C,Manual,Sedan,565000,Maruti,Dzire,Unknown
1860,2019.0,10242,1,Petrol,Ka-42,Automatic,Sedan,1009000,Honda,City,Unknown
1861,2019.0,52076,1,Petrol,Up-32,Manual,Suv,945000,Hyundai,Creta,Unknown
1862,2020.0,21656,1,Petrol,Gj-04,Manual,Hatchback,414000,Maruti,S Presso,Unknown
1863,2019.0,71277,1,Petrol,Ts-08,Manual,Hatchback,682000,Hyundai,Elite I20,Unknown
1864,2022.0,76165,1,Diesel,Tn-04,Automatic,Sedan,932000,Maruti,Ciaz,Unknown
1865,2013.0,61249,1,Petrol,Gj-01,Manual,Hatchback,402000,Maruti,Swift,Unknown
1866,2017.0,125006,1,Diesel,Mh-04,Automatic,Lux_Sedan,1267000,Skoda,Octavia,Unknown
1867,2019.0,17763,1,Petrol,Dl-3C,Manual,Sedan,397000,Honda,Amaze,Unknown
1868,2021.0,24093,1,Petrol,Hr-98,Manual,Suv,941000,Tata,Nexon,Unknown
1869,2019.0,56506,1,Cng,Hr-26,Manual,Hatchback,378000,Maruti,Alto K10,Unknown
1870,2016.0,87976,1,Petrol,Dl-8C,Manual,Suv,776000,Hyundai,Creta,Unknown
1871,2019.0,11722,1,Petrol,Tn-11,Manual,Hatchback,403000,Renault,Kwid,Unknown
1872,2019.0,64660,1,Petrol,Tn-07,Manual,Hatchback,641000,Maruti,Swift,Unknown
1873,2022.0,25586,1,Cng,Up-32,Manual,Hatchback,564000,Hyundai,New Santro,Unknown
1874,2021.0,25844,1,Petrol,Up-32,Manual,Hatchback,426000,Maruti,S Presso,Unknown
1875,2015.0,96488,2,Petrol,Ka-12,Manual,Sedan,520000,Honda,City,Unknown
1876,2018.0,23079,2,Petrol,Ka-51,Manual,Hatchback,493000,Maruti,Celerio,Unknown
1877,2010.0,80183,3,Petrol,Mh-04,Manual,Sedan,287000,Maruti,Swift Dzire,Unknown
1878,2018.0,27933,1,Petrol,Mh-01,Manual,Hatchback,628000,Hyundai,Elite I20,Unknown
1879,2017.0,35381,1,Petrol,Hr-26,Automatic,Hatchback,480000,Maruti,Celerio,Unknown
1880,2017.0,84712,1,Petrol,Hr-26,Manual,Sedan,508000,Maruti,Dzire,Unknown
1881,2015.0,75168,3,Diesel,Tn-01,Manual,Sedan,395000,Maruti,Ciaz,Unknown
1882,2018.0,73059,1,Diesel,Pb-10,Manual,Suv,676000,Ford,Ecosport,Unknown
1883,2013.0,84319,2,Diesel,Ka-05,Manual,Hatchback,435000,Toyota,Etios Liva,Unknown
1884,2021.0,24619,2,Petrol,Tn-14,Automatic,Hatchback,531000,Renault,Kwid,Unknown
1885,2017.0,44990,2,Petrol,Ts-07,Manual,Hatchback,300000,Maruti,Alto 800,Unknown
1886,2018.0,97326,1,Petrol,Tn-11,Manual,Hatchback,601000,Hyundai,Elite I20,Unknown
1887,2016.0,51264,2,Petrol,Mh-05,Manual,Hatchback,550000,Hyundai,Elite I20,Unknown
1888,2012.0,105524,2,Cng,Hr-26,Manual,Sedan,335600,Hyundai,Verna,Unknown
1889,2021.0,17929,1,Petrol,Ts-08,Manual,Hatchback,533000,Maruti,Celerio,Unknown
1890,2014.0,45798,1,Petrol,Ka-19,Manual,Hatchback,333000,Hyundai,I10,Unknown
1891,2015.0,27588,1,Petrol,Mp-19,Manual,Hatchback,372000,Maruti,Wagon R 1.0,Unknown
1892,2016.0,65780,1,Petrol,Ts-07,Manual,Sedan,643000,Hyundai,Verna,Unknown
1893,2020.0,25264,2,Petrol,Mh-12,Automatic,Suv,673000,Renault,Triber,Unknown
1894,2014.0,113521,1,Petrol,Unknown,Manual,Hatchback,488000,Maruti,Swift,Unknown
1895,2017.0,66709,1,Cng,Mh-43,Manual,Hatchback,460000,Maruti,Celerio,Unknown
1896,2019.0,54683,1,Petrol,Dl-12,Automatic,Suv,1186000,Hyundai,Creta,Unknown
1897,2019.0,47008,1,Petrol,Mh-12,Manual,Hatchback,407000,Renault,Kwid,Unknown
1898,2021.0,21344,1,Diesel,Br-06,Manual,Suv,849000,Tata,Nexon,Unknown
1899,2019.0,80459,1,Diesel,Up-14,Automatic,Suv,1100000,Hyundai,Creta,Unknown
1900,2020.0,49264,1,Petrol,Tn-29,Automatic,Suv,972000,Renault,Duster,Unknown
1901,2019.0,49409,1,Petrol,Up-32,Manual,Hatchback,593000,Hyundai,Elite I20,Unknown
1902,2021.0,86630,2,Petrol,Dl-9C,Manual,Sedan,431000,Toyota,Yaris,Unknown
1903,2012.0,35101,3,Petrol,Kl-07,Automatic,Hatchback,348000,Hyundai,I10,Unknown
1904,2018.0,34380,1,Petrol,Ka-05,Manual,Suv,653000,Ford,Freestyle,Unknown
1905,2019.0,77461,1,Diesel,Tn-74,Manual,Suv,803000,Maruti,Vitara Brezza,Unknown
1906,2018.0,59599,1,Diesel,Hr-36,Manual,Suv,657000,Tata,Nexon,Unknown
1907,2011.0,70117,2,Petrol,Mh-12,Manual,Hatchback,245000,Hyundai,I10,Unknown
1908,2018.0,52286,1,Petrol,Up-42,Manual,Hatchback,391000,Maruti,Wagon R 1.0,Unknown
1909,2016.0,54708,1,Petrol,Ts-08,Manual,Hatchback,694000,Hyundai,Elite I20,Unknown
1910,2017.0,104073,2,Petrol,Unknown,Manual,Sedan,623000,Maruti,Ciaz,Unknown
1911,2017.0,36405,1,Petrol,Up-32,Automatic,Hatchback,542000,Hyundai,Grand I10,Unknown
1912,2015.0,82273,1,Petrol,Mh-12,Manual,Hatchback,271000,Hyundai,Eon,Unknown
1913,2018.0,47802,1,Petrol,Mh-14,Automatic,Sedan,934000,Honda,City,Unknown
1914,2018.0,66802,1,Petrol,Gj-01,Manual,Hatchback,342000,Maruti,Alto K10,Unknown
1915,2019.0,89573,1,Cng,Mh-14,Manual,Hatchback,501700,Maruti,Celerio,Unknown
1916,2018.0,56873,1,Petrol,Up-16,Manual,Sedan,317000,Maruti,Dzire,Unknown
1917,2017.0,79240,1,Diesel,Mh-14,Automatic,Sedan,771000,Maruti,Dzire,Unknown
1918,2018.0,37399,1,Petrol,Hr-51,Automatic,Hatchback,388000,Datsun,Redi Go,Unknown
1919,2018.0,52948,1,Diesel,Hr-29,Manual,Hatchback,581000,Maruti,Baleno,Unknown
1920,2018.0,96475,1,Petrol,Ts-29,Manual,Hatchback,373000,Renault,Kwid,Unknown
1921,2013.0,50493,1,Petrol,Mh-01,Manual,Sedan,417000,Maruti,Swift Dzire,Unknown
1922,2015.0,92777,1,Diesel,Wb-24,Manual,Hatchback,389000,Maruti,Swift,Unknown
1923,2011.0,56992,1,Petrol,Rj-14,Automatic,Hatchback,269000,Maruti,A Star,Unknown
1924,2012.0,99913,1,Diesel,Mh-01,Manual,Hatchback,306000,Volkswagen,Polo,Unknown
1925,2019.0,29679,1,Petrol,Up-14,Manual,Hatchback,639000,Maruti,Baleno,Unknown
1926,2019.0,68865,1,Cng,Dl-3C,Manual,Hatchback,478000,Hyundai,New Santro,Unknown
1927,2021.0,16936,1,Petrol,Mh-04,Manual,Suv,739000,Nissan,Magnite,Unknown
1928,2012.0,64934,2,Petrol,Ap-11,Manual,Hatchback,205000,Maruti,Alto,Unknown
1929,2017.0,54407,1,Petrol,Hr-26,Manual,Hatchback,564000,Maruti,Baleno,Unknown
1930,2012.0,48563,2,Petrol,Gj-06,Manual,Sedan,578000,Maruti,Swift Dzire,Unknown
1931,2016.0,56282,1,Petrol,Dl-2C,Manual,Sedan,618000,Maruti,Ciaz,Unknown
1932,2019.0,21779,1,Cng,Dl-2C,Manual,Hatchback,576000,Maruti,New Wagon-R,Unknown
1933,2021.0,58508,1,Petrol,Rj-23,Manual,Hatchback,708000,Toyota,Glanza,Unknown
1934,2015.0,54592,1,Petrol,Ka-05,Manual,Hatchback,512000,Hyundai,Grand I10,Unknown
1935,2017.0,63510,1,Diesel,Up-16,Manual,Suv,685000,Mahindra,Thar,Unknown
1936,2018.0,70698,1,Petrol,Mp-09,Manual,Hatchback,514000,Hyundai,New Santro,Unknown
1937,2021.0,15512,2,Petrol,Ka-51,Manual,Hatchback,467000,Renault,Kwid,Unknown
1938,2016.0,90022,1,Petrol,Mh-20,Manual,Suv,366000,Mahindra,Kuv100,Unknown
1939,2022.0,7271,1,Petrol,Ch-01,Manual,Hatchback,938000,Hyundai,New I20,Unknown
1940,2018.0,91442,1,Petrol,Gj-01,Automatic,Hatchback,498000,Tata,Tiago,Unknown
1941,2018.0,56919,1,Petrol,Ts-04,Manual,Hatchback,623000,Volkswagen,Polo,Unknown
1942,2018.0,117924,1,Petrol,Unknown,Automatic,Hatchback,495000,Maruti,Celerio,Unknown
1943,2019.0,25591,1,Petrol,Mp-41,Manual,Hatchback,420000,Datsun,Go,Unknown
1944,2014.0,52550,1,Diesel,Mh-02,Manual,Suv,625000,Renault,Duster,Unknown
1945,2017.0,22308,2,Petrol,Ka-05,Automatic,Hatchback,478000,Maruti,Celerio,Unknown
1946,2019.0,13083,2,Petrol,Ts-07,Manual,Hatchback,611000,Tata,Tiago,Unknown
1947,2016.0,91935,1,Petrol,Ts-07,Manual,Hatchback,407000,Maruti,Wagon R 1.0,Unknown
1948,2019.0,34005,1,Petrol,Gj-01,Manual,Hatchback,566000,Hyundai,Grand I10,Unknown
1949,2015.0,35537,3,Petrol,Rj-14,Automatic,Hatchback,422000,Hyundai,Grand I10,Unknown
1950,2019.0,26039,1,Petrol,Ka-50,Manual,Hatchback,472000,Renault,Kwid,Unknown
1951,2020.0,64212,1,Cng,Ts-07,Manual,Hatchback,592000,Maruti,New Wagon-R,Unknown
1952,2021.0,3948,1,Petrol,Gj-38,Automatic,Suv,952000,Tata,Nexon,Unknown
1953,2021.0,95356,2,Petrol,Wb-08,Manual,Sedan,345000,Maruti,Ciaz,Unknown
1954,2020.0,68433,1,Petrol,Pb-91,Manual,Sedan,714000,Maruti,Ciaz,Unknown
1955,2015.0,94059,2,Petrol,Mh-46,Manual,Hatchback,497000,Hyundai,Elite I20,Unknown
1956,2019.0,37428,2,Petrol,Gj-18,Automatic,Lux_Sedan,1539000,Hyundai,New Elantra,Unknown
1957,2013.0,85808,1,Petrol,Kl-22,Manual,Hatchback,243000,Maruti,Alto K10,Unknown
1958,2016.0,64642,1,Petrol,Dl-2C,Manual,Hatchback,359000,Maruti,Wagon R 1.0,Unknown
1959,2021.0,61651,1,Cng,Mh-05,Manual,Hatchback,558000,Maruti,New Wagon-R,Unknown
1960,2012.0,21063,1,Petrol,Up-14,Manual,Hatchback,257000,Hyundai,I10,Unknown
1961,2020.0,38751,1,Cng,Mh-12,Manual,Hatchback,573000,Hyundai,New Santro,Unknown
1962,2019.0,18784,1,Petrol,Mh-14,Manual,Hatchback,711000,Hyundai,Elite I20,Unknown
1963,2017.0,31476,1,Petrol,Ka-03,Automatic,Hatchback,545000,Nissan,Micra,Unknown
1964,2017.0,30033,1,Petrol,Tn-06,Manual,Suv,798000,Honda,Wr-V,Unknown
1965,2018.0,18326,1,Petrol,Pb-70,Manual,Sedan,733000,Toyota,Yaris,Unknown
1966,2017.0,29220,1,Petrol,Pb-10,Manual,Hatchback,219000,Datsun,Redi Go,Unknown
1967,2012.0,92682,2,Petrol,Kl-02,Manual,Hatchback,206000,Maruti,Alto K10,Unknown
1968,2016.0,48652,2,Petrol,Ts-07,Manual,Hatchback,299000,Renault,Kwid,Unknown
1969,2018.0,83294,2,Diesel,Hr-26,Manual,Lux_Suv,1086000,Mahindra,Xuv500,Unknown
1970,2017.0,78566,1,Petrol,Ts-08,Automatic,Sedan,726000,Maruti,Dzire,Unknown
1971,2017.0,51405,3,Petrol,Ka-19,Manual,Hatchback,423000,Tata,Tiago,Unknown
1972,2016.0,34820,2,Cng,Mh-14,Automatic,Hatchback,610000,Maruti,Baleno,Unknown
1973,2021.0,63146,1,Diesel,Up-32,Manual,Suv,833000,Mahindra,Bolero Neo,Unknown
1974,2018.0,76855,2,Petrol,Ka-05,Automatic,Hatchback,499000,Hyundai,New Santro,Unknown
1975,2021.0,13808,1,Petrol,Tn-03,Manual,Hatchback,837000,Renault,Kiger,Unknown
1976,2019.0,30098,1,Petrol,Tn-09,Manual,Hatchback,539000,Maruti,Ignis,Unknown
1977,2017.0,69587,1,Petrol,Ka-05,Manual,Sedan,680000,Honda,City,Unknown
1978,2016.0,62894,2,Petrol,Ka-51,Automatic,Hatchback,602000,Maruti,Baleno,Unknown
1979,2016.0,30940,2,Petrol,Mh-47,Automatic,Hatchback,336000,Maruti,Celerio,Unknown
1980,2017.0,71649,1,Diesel,Mh-12,Manual,Suv,809000,Honda,Wr-V,Unknown
1981,2018.0,59589,1,Diesel,Mh-47,Manual,Suv,794000,Ford,Ecosport,Unknown
1982,2020.0,102002,1,Diesel,Tn-73,Manual,Sedan,478700,Honda,City,Unknown
1983,2021.0,33789,1,Petrol,Up-16,Automatic,Sedan,1387000,Honda,City,Unknown
1984,2018.0,29151,2,Petrol,Gj-01,Manual,Hatchback,513000,Honda,Jazz,Unknown
1985,2016.0,81031,1,Petrol,Up-32,Manual,Hatchback,378000,Volkswagen,Polo,Unknown
1986,2017.0,55676,2,Petrol,Tn-01,Manual,Hatchback,423000,Maruti,Wagon R 1.0,Unknown
1987,2017.0,120703,2,Petrol,Unknown,Automatic,Hatchback,407000,Maruti,Celerio,Unknown
1988,2021.0,42516,1,Petrol,Tn-85,Manual,Hatchback,660000,Maruti,Swift,Unknown
1989,2018.0,23154,1,Petrol,Tn-56,Manual,Hatchback,414000,Datsun,Go Plus,Unknown
1990,2019.0,38825,1,Petrol,Wb-02,Manual,Hatchback,392000,Renault,Kwid,Unknown
1991,2021.0,50380,1,Cng,Dl-9C,Manual,Hatchback,644000,Hyundai,Grand I10 Nios,Unknown
1992,2018.0,17875,2,Petrol,Ka-42,Manual,Sedan,1015000,Toyota,Yaris,Unknown
1993,2016.0,56022,1,Petrol,Ts-07,Manual,Hatchback,502000,Hyundai,Grand I10,Unknown
1994,2019.0,48657,1,Petrol,Hr-26,Manual,Suv,1007000,Hyundai,Creta,Unknown
1995,2019.0,22797,1,Petrol,Up-78,Manual,Sedan,782000,Maruti,Dzire,Unknown
1996,2015.0,74759,1,Petrol,Mh-05,Manual,Hatchback,342000,Maruti,Wagon R 1.0,Unknown
1997,2010.0,62726,1,Petrol,Ka-03,Manual,Hatchback,276000,Hyundai,I10,Unknown
1998,2018.0,29314,1,Petrol,Wb-02,Manual,Hatchback,523000,Maruti,Baleno,Unknown
1999,2012.0,51873,2,Petrol,Gj-06,Manual,Hatchback,367000,Maruti,Swift,Unknown
2000,2015.0,46499,2,Petrol,Pb-09,Manual,Hatchback,261000,Maruti,Alto K10,Unknown
2001,2016.0,40561,2,Cng,Mh-46,Automatic,Hatchback,379000,Maruti,Wagon R 1.0,Unknown
2002,2014.0,50161,1,Petrol,Wb-02,Manual,Sedan,408000,Honda,City,Unknown
2003,2018.0,89047,1,Diesel,Hr-26,Manual,Suv,574000,Maruti,Vitara Brezza,Unknown
2004,2019.0,30109,2,Petrol,Tn-14,Automatic,Hatchback,492000,Maruti,Celerio,Unknown
2005,2014.0,24316,1,Petrol,Tn-22,Manual,Sedan,760000,Maruti,Swift Dzire,Unknown
2006,2019.0,68382,1,Petrol,Ch-01,Manual,Sedan,565000,Honda,City,Unknown
2007,2018.0,13826,2,Petrol,Mh-01,Manual,Suv,711000,Honda,Wr-V,Unknown
2008,2017.0,109832,2,Petrol,Unknown,Manual,Sedan,525000,Hyundai,Verna,Unknown
2009,2021.0,63818,1,Cng,Hr-26,Manual,Hatchback,564200,Maruti,New Wagon-R,Unknown
2010,2013.0,91983,2,Petrol,Dl-3C,Manual,Hatchback,297000,Hyundai,I20,Unknown
2011,2015.0,40751,1,Petrol,Ka-51,Manual,Hatchback,524000,Hyundai,Grand I10,Unknown
2012,2017.0,104774,1,Diesel,Up-32,Manual,Sedan,687800,Skoda,Rapid,Unknown
2013,2020.0,56330,1,Petrol,Ts-08,Automatic,Suv,1138000,Kia,Sonet,Unknown
2014,2021.0,14771,1,Petrol,Ka-03,Manual,Hatchback,463000,Maruti,Alto,Unknown
2015,2021.0,51220,1,Petrol,Mh-06,Manual,Hatchback,814000,Hyundai,New I20,Unknown
2016,2017.0,46667,2,Petrol,Tn-13,Automatic,Hatchback,488000,Tata,Tiago,Unknown
2017,2017.0,54838,1,Petrol,Mh-01,Manual,Sedan,348000,Maruti,Swift Dzire,Unknown
2018,2012.0,75621,1,Petrol,Up-16,Manual,Hatchback,253000,Hyundai,I10,Unknown
2019,2018.0,3504,1,Petrol,Mh-03,Manual,Hatchback,366000,Maruti,Alto K10,Unknown
2020,2013.0,46873,1,Petrol,Wb-02,Manual,Hatchback,216000,Maruti,Wagon R 1.0,Unknown
2021,2015.0,37158,1,Petrol,Up-16,Automatic,Sedan,712000,Maruti,Swift Dzire,Unknown
2022,2015.0,43785,1,Petrol,Hr-30,Manual,Hatchback,378000,Hyundai,Grand I10,Unknown
2023,2016.0,22977,1,Petrol,Ka-51,Manual,Hatchback,527000,Hyundai,Grand I10,Unknown
2024,2022.0,10592,1,Petrol,Pb-08,Manual,Hatchback,469000,Maruti,S Presso,Unknown
2025,2015.0,46720,2,Petrol,Ka-03,Manual,Hatchback,334000,Maruti,Alto K10,Unknown
2026,2013.0,51515,1,Petrol,Up-14,Manual,Sedan,357000,Maruti,Swift Dzire,Unknown
2027,2021.0,7171,1,Petrol,Mh-14,Manual,Hatchback,860000,Honda,Jazz,Unknown
2028,2019.0,54125,2,Diesel,Hr-26,Automatic,Suv,746000,Maruti,Vitara Brezza,Unknown
2029,2016.0,53789,1,Petrol,Ka-53,Manual,Hatchback,706000,Hyundai,Elite I20,Unknown
2030,2018.0,36212,1,Petrol,Gj-02,Automatic,Sedan,1186000,Honda,City,Unknown
2031,2022.0,2747,1,Petrol,Br-01,Manual,Suv,1150000,Hyundai,Creta,Unknown
2032,2019.0,24495,2,Petrol,Dl-2C,Manual,Sedan,593000,Maruti,Dzire,Unknown
2033,2018.0,50946,2,Petrol,Hr-26,Manual,Sedan,659000,Maruti,Ciaz,Unknown
2034,2012.0,57606,1,Diesel,Mh-03,Manual,Sedan,860000,Maruti,Swift Dzire,Unknown
2035,2020.0,63060,1,Petrol,Gj-06,Manual,Hatchback,605000,Maruti,Baleno,Unknown
2036,2013.0,43278,1,Petrol,Gj-06,Manual,Hatchback,402000,Maruti,Swift,Unknown
2037,2019.0,90671,1,Cng,Hr-29,Manual,Hatchback,476000,Maruti,New Wagon-R,Unknown
2038,2014.0,53014,1,Petrol,Gj-13,Manual,Hatchback,429000,Hyundai,I20,Unknown
2039,2013.0,59301,1,Petrol,Dl-9C,Manual,Sedan,358000,Maruti,Swift Dzire,Unknown
2040,2019.0,25928,1,Petrol,Gj-06,Automatic,Sedan,872000,Honda,Amaze,Unknown
2041,2017.0,88004,1,Petrol,Tn-18,Manual,Hatchback,441000,Maruti,Wagon R 1.0,Unknown
2042,2011.0,45040,2,Cng,Dl-8C,Manual,Hatchback,234000,Maruti,Wagon R 1.0,Unknown
2043,2017.0,81135,2,Diesel,Ts-09,Automatic,Hatchback,596000,Maruti,Ignis,Unknown
2044,2021.0,22273,1,Petrol,Up-32,Manual,Suv,795000,Maruti,S Cross,Unknown
2045,2010.0,66354,1,Petrol,Dl-9C,Manual,Hatchback,178000,Maruti,Swift,Unknown
2046,2021.0,17210,1,Petrol,Dl-3C,Automatic,Hatchback,922000,Renault,Kiger,Unknown
2047,2016.0,72160,1,Petrol,Mh-48,Manual,Hatchback,530000,Maruti,Baleno,Unknown
2048,2018.0,54154,1,Petrol,Ka-59,Automatic,Hatchback,565000,Tata,Tiago,Unknown
2049,2021.0,17916,1,Petrol,Up-85,Manual,Suv,839000,Maruti,S Cross,Unknown
2050,2018.0,61598,2,Petrol,Ka-53,Manual,Hatchback,517000,Hyundai,Grand I10,Unknown
2051,2022.0,39316,1,Petrol,Ts-08,Manual,Suv,687000,Renault,Triber,Unknown
2052,2016.0,24189,2,Petrol,Ts-07,Automatic,Hatchback,447000,Maruti,Celerio,Unknown
2053,2014.0,76853,1,Petrol,Ka-19,Manual,Hatchback,416000,Hyundai,Grand I10,Unknown
2054,2019.0,23690,1,Petrol,Dl-3C,Automatic,Lux_Suv,1645000,Jeep,Compass,Unknown
2055,2018.0,37418,2,Petrol,Ka-53,Manual,Hatchback,402000,Renault,Kwid,Unknown
2056,2015.0,74704,1,Diesel,Mh-14,Manual,Hatchback,613000,Maruti,Swift,Unknown
2057,2019.0,87938,1,Diesel,Br-01,Manual,Suv,741000,Ford,Ecosport,Unknown
2058,2012.0,48223,2,Petrol,Dl-7C,Manual,Hatchback,213000,Hyundai,I10,Unknown
2059,2013.0,108714,3,Petrol,Unknown,Manual,Sedan,522000,Maruti,Swift Dzire,Unknown
2060,2021.0,77450,1,Cng,Up-32,Manual,Hatchback,655000,Hyundai,Grand I10 Nios,Unknown
2061,2012.0,68907,2,Petrol,Dl-3C,Manual,Hatchback,290000,Hyundai,I20,Unknown
2062,2015.0,58464,2,Petrol,Mh-12,Manual,Hatchback,457000,Maruti,Swift,Unknown
2063,2019.0,12153,1,Petrol,Dl-12,Manual,Hatchback,444000,Renault,Kwid,Unknown
2064,2017.0,28749,1,Petrol,Dl-8C,Manual,Hatchback,494000,Hyundai,Grand I10,Unknown
2065,2019.0,15551,1,Petrol,Mh-12,Manual,Hatchback,701000,Maruti,Baleno,Unknown
2066,2012.0,52842,2,Petrol,Mh-06,Manual,Hatchback,257000,Hyundai,I10,Unknown
2067,2019.0,16926,2,Petrol,Ka-20,Manual,Hatchback,440000,Renault,Kwid,Unknown
2068,2019.0,28991,1,Petrol,Dl-2C,Manual,Hatchback,567000,Maruti,Baleno,Unknown
2069,2018.0,31426,1,Petrol,Up-78,Manual,Sedan,824000,Hyundai,Verna,Unknown
2070,2017.0,38035,1,Petrol,Gj-19,Automatic,Hatchback,404000,Maruti,Wagon R 1.0,Unknown
2071,2014.0,101543,1,Petrol,Unknown,Manual,Sedan,456000,Maruti,Swift Dzire,Unknown
2072,2018.0,43692,1,Petrol,Mh-47,Automatic,Sedan,802000,Honda,City,Unknown
2073,2017.0,89464,1,Diesel,Ts-08,Manual,Lux_Suv,1103000,Jeep,Compass,Unknown
2074,2013.0,75251,1,Diesel,Gj-03,Manual,Sedan,719000,Hyundai,Verna,Unknown
2075,2016.0,58515,1,Petrol,Dl-8C,Manual,Hatchback,434000,Maruti,Baleno,Unknown
2076,2020.0,57109,1,Petrol,Gj-27,Manual,Hatchback,592000,Maruti,Swift,Unknown
2077,2019.0,38273,2,Petrol,Up-85,Manual,Suv,675200,Honda,Wr-V,Unknown
2078,2016.0,51825,1,Petrol,Tn-10,Manual,Hatchback,306000,Maruti,Alto K10,Unknown
2079,2016.0,37125,1,Petrol,Mh-31,Manual,Hatchback,283000,Maruti,Alto 800,Unknown
2080,2018.0,68132,1,Diesel,Wb-02,Manual,Suv,732000,Renault,Captur,Unknown
2081,2018.0,120112,2,Diesel,Mh-18,Manual,Sedan,534000,Honda,Amaze,Unknown
2082,2021.0,71423,1,Petrol,Ka-53,Manual,Sedan,615000,Honda,Amaze,Unknown
2083,2019.0,19675,2,Petrol,Gj-21,Automatic,Suv,1027000,Maruti,Xl6,Unknown
2084,2018.0,59296,2,Diesel,Ka-53,Manual,Sedan,656000,Tata,Tigor,Unknown
2085,2020.0,17415,1,Petrol,Mh-02,Automatic,Suv,1717000,Kia,Seltos,Unknown
2086,2010.0,81176,2,Petrol,Ch-01,Manual,Hatchback,170000,Hyundai,I10,Unknown
2087,2021.0,17632,1,Petrol,Up-62,Manual,Hatchback,778000,Renault,Kiger,Unknown
2088,2020.0,40817,2,Petrol,Ts-08,Automatic,Hatchback,591000,Hyundai,New Santro,Unknown
2089,2020.0,28867,1,Petrol,Tn-18,Manual,Hatchback,376000,Maruti,Alto,Unknown
2090,2014.0,65187,1,Petrol,Up-78,Automatic,Hatchback,310000,Maruti,Celerio,Unknown
2091,2018.0,87503,1,Diesel,Mh-04,Manual,Sedan,500000,Hyundai,Verna,Unknown
2092,2018.0,30209,1,Petrol,Gj-05,Manual,Hatchback,330000,Renault,Kwid,Unknown
2093,2018.0,58057,2,Diesel,Up-16,Automatic,Suv,1007000,Hyundai,Creta,Unknown
2094,2016.0,122542,1,Diesel,Mh-05,Manual,Suv,627000,Maruti,S Cross,Unknown
2095,2016.0,40188,1,Petrol,Gj-01,Manual,Hatchback,497000,Maruti,Baleno,Unknown
2096,2018.0,33366,1,Cng,Gj-04,Manual,Hatchback,372000,Hyundai,Eon,Unknown
2097,2017.0,44726,1,Diesel,Up-78,Manual,Suv,648000,Maruti,Vitara Brezza,Unknown
2098,2010.0,104950,1,Petrol,Unknown,Manual,Hatchback,227000,Hyundai,I10,Unknown
2099,2021.0,3895,1,Petrol,Tn-12,Manual,Hatchback,753000,Tata,Altroz,Unknown
2100,2018.0,74169,1,Petrol,Dl-4C,Automatic,Sedan,676000,Maruti,Dzire,Unknown
2101,2017.0,68757,2,Petrol,Tn-04,Manual,Hatchback,505000,Hyundai,Grand I10,Unknown
2102,2020.0,49220,1,Petrol,Up-78,Manual,Sedan,490000,Skoda,Rapid,Unknown
2103,2017.0,51426,1,Petrol,Tn-85,Manual,Hatchback,351000,Renault,Kwid,Unknown
2104,2016.0,61881,1,Petrol,Ts-13,Manual,Hatchback,550000,Maruti,Swift,Unknown
2105,2018.0,31458,2,Petrol,Ka-03,Automatic,Sedan,601000,Maruti,Dzire,Unknown
2106,2022.0,5120,1,Petrol,Gj-01,Manual,Suv,1244000,Kia,Sonet,Unknown
2107,2018.0,69846,2,Petrol,Ka-01,Automatic,Sedan,589000,Maruti,Ciaz,Unknown
2108,2010.0,244253,1,Petrol,Unknown,Manual,Hatchback,192000,Maruti,Alto,Unknown
2109,2012.0,20752,1,Petrol,Dl-4C,Manual,Sedan,578000,Skoda,Rapid,Unknown
2110,2017.0,80140,1,Petrol,Kl-43,Manual,Sedan,608000,Maruti,Dzire,Unknown
2111,2016.0,97383,2,Petrol,Wb-12,Manual,Hatchback,285000,Maruti,Celerio,Unknown
2112,2017.0,62826,1,Petrol,Hr-12,Manual,Hatchback,267000,Renault,Kwid,Unknown
2113,2021.0,76654,1,Diesel,Ts-07,Automatic,Sedan,1012000,Skoda,Rapid,Unknown
2114,2015.0,91771,2,Diesel,Mh-15,Manual,Sedan,488000,Honda,Amaze,Unknown
2115,2021.0,13923,1,Petrol,Tn-07,Automatic,Hatchback,817000,Ford,New Figo,Unknown
2116,2018.0,65411,1,Diesel,Br-01,Manual,Sedan,491000,Tata,Tigor,Unknown
2117,2018.0,62543,1,Petrol,Up-25,Manual,Sedan,366000,Maruti,Dzire,Unknown
2118,2020.0,60058,1,Petrol,Ka-03,Manual,Hatchback,676000,Maruti,Baleno,Unknown
2119,2018.0,77819,2,Diesel,Wb-44,Manual,Suv,737000,Ford,Ecosport,Unknown
2120,2019.0,85140,1,Petrol,Tn-20,Manual,Hatchback,421000,Maruti,Celerio X,Unknown
2121,2012.0,35007,2,Petrol,Ap-28,Manual,Hatchback,259000,Maruti,Alto 800,Unknown
2122,2019.0,89899,1,Petrol,Ts-09,Automatic,Hatchback,711000,Maruti,Swift,Unknown
2123,2021.0,17847,1,Petrol,Dl-10,Automatic,Hatchback,531000,Renault,Kwid,Unknown
2124,2015.0,25960,1,Petrol,Gj-01,Automatic,Sedan,968000,Maruti,Swift Dzire,Unknown
2125,2019.0,33978,1,Petrol,Hr-26,Automatic,Suv,853000,Tata,Nexon,Unknown
2126,2020.0,67846,1,Petrol,Up-32,Manual,Hatchback,474000,Maruti,New Wagon-R,Unknown
2127,2021.0,13454,1,Petrol,Hr-51,Manual,Hatchback,362000,Datsun,Redi Go,Unknown
2128,2014.0,50650,2,Petrol,Wb-08,Manual,Hatchback,275000,Honda,Brio,Unknown
2129,2017.0,90153,1,Petrol,Ka-04,Manual,Hatchback,295000,Hyundai,Eon,Unknown
2130,2018.0,52130,1,Petrol,Wb-02,Manual,Sedan,626000,Maruti,Ciaz,Unknown
2131,2017.0,69895,1,Petrol,Gj-23,Manual,Hatchback,479000,Maruti,Swift,Unknown
2132,2011.0,54682,1,Petrol,Dl-12,Manual,Hatchback,241000,Hyundai,I10,Unknown
2133,2021.0,5097,2,Petrol,Gj-03,Automatic,Suv,1547000,Mahindra,Thar,Unknown
2134,2019.0,44546,1,Petrol,Dl-5C,Manual,Sedan,635000,Maruti,Dzire,Unknown
2135,2012.0,116973,1,Petrol,Unknown,Manual,Hatchback,316000,Maruti,Swift,Unknown
2136,2021.0,31793,1,Diesel,Ka-03,Automatic,Suv,1295000,Tata,Nexon,Unknown
2137,2017.0,30728,1,Diesel,Ka-03,Automatic,Lux_Suv,1531000,Mahindra,Xuv500,Unknown
2138,2018.0,81300,1,Diesel,Mh-05,Manual,Suv,1713000,Toyota,Innova Crysta,Unknown
2139,2019.0,58031,1,Petrol,Mh-12,Manual,Hatchback,639000,Volkswagen,Polo,Unknown
2140,2016.0,8187,2,Petrol,Ka-41,Manual,Hatchback,366000,Hyundai,Eon,Unknown
2141,2016.0,54628,2,Diesel,Ka-05,Manual,Lux_Suv,1012000,Mahindra,Xuv500,Unknown
2142,2017.0,52450,2,Petrol,Hr-26,Manual,Suv,551000,Ford,Ecosport,Unknown
2143,2016.0,40133,3,Petrol,Tn-33,Manual,Hatchback,277000,Maruti,Alto 800,Unknown
2144,2018.0,36428,1,Diesel,Hr-10,Automatic,Suv,779000,Maruti,Vitara Brezza,Unknown
2145,2016.0,42285,1,Petrol,Br-01,Manual,Hatchback,203000,Datsun,Go,Unknown
2146,2020.0,35053,1,Petrol,Dl-3C,Manual,Hatchback,655000,Maruti,Baleno,Unknown
2147,2015.0,56389,2,Petrol,Dl-3C,Automatic,Sedan,316000,Maruti,Swift Dzire,Unknown
2148,2021.0,58989,1,Petrol,Dl-14,Automatic,Sedan,913000,Toyota,Yaris,Unknown
2149,2019.0,35146,1,Petrol,Ka-41,Automatic,Sedan,731000,Maruti,Dzire,Unknown
2150,2019.0,62596,1,Petrol,Pb-91,Manual,Hatchback,685000,Hyundai,Elite I20,Unknown
2151,2020.0,26852,1,Petrol,Ts-07,Manual,Suv,1019000,Maruti,S Cross,Unknown
2152,2015.0,13681,1,Petrol,Tn-12,Manual,Sedan,926000,Honda,City,Unknown
2153,2011.0,84199,2,Petrol,Hr-26,Manual,Hatchback,168000,Maruti,Alto K10,Unknown
2154,2022.0,11077,1,Petrol,Hr-98,Automatic,Hatchback,830000,Honda,Jazz,Unknown
2155,2019.0,38201,1,Petrol,Pb-70,Manual,Hatchback,510000,Maruti,New Wagon-R,Unknown
2156,2013.0,62091,3,Petrol,Dl-3C,Manual,Hatchback,290000,Hyundai,I20,Unknown
2157,2017.0,44339,1,Petrol,Ts-08,Manual,Hatchback,658000,Maruti,Baleno,Unknown
2158,2017.0,87581,1,Petrol,Dl-3C,Manual,Suv,613000,Honda,Wr-V,Unknown
2159,2010.0,38464,2,Petrol,Tn-72,Automatic,Sedan,1049000,Maruti,Swift Dzire,Unknown
2160,2021.0,30111,1,Diesel,Ts-07,Manual,Suv,1877000,Hyundai,Alcazar,Unknown
2161,2021.0,13241,1,Petrol,Pb-70,Automatic,Suv,1118000,Hyundai,Venue,Unknown
2162,2017.0,28675,1,Petrol,Gj-05,Automatic,Hatchback,337000,Renault,Kwid,Unknown
2163,2017.0,86527,1,Petrol,Up-80,Manual,Hatchback,446000,Hyundai,Grand I10,Unknown
2164,2018.0,66438,1,Cng,Hr-26,Manual,Hatchback,424000,Maruti,Wagon R 1.0,Unknown
2165,2018.0,24379,1,Petrol,Ts-11,Manual,Hatchback,356000,Maruti,Alto K10,Unknown
2166,2013.0,95303,1,Petrol,Gj-05,Manual,Sedan,674000,Honda,Amaze,Unknown
2167,2013.0,61360,1,Petrol,Mh-01,Automatic,Hatchback,467000,Volkswagen,Polo,Unknown
2168,2021.0,61289,1,Petrol,Gj-27,Manual,Hatchback,696000,Maruti,Baleno,Unknown
2169,2019.0,48162,1,Petrol,Hr-51,Manual,Sedan,566000,Honda,Amaze,Unknown
2170,2018.0,70968,1,Petrol,Ka-03,Manual,Sedan,617000,Honda,Amaze,Unknown
2171,2016.0,61813,3,Petrol,Mh-47,Automatic,Sedan,603000,Honda,City,Unknown
2172,2017.0,85982,2,Petrol,Tn-01,Automatic,Suv,694000,Ford,Ecosport,Unknown
2173,2015.0,79769,1,Cng,Mh-47,Manual,Hatchback,353000,Maruti,Wagon R 1.0,Unknown
2174,2017.0,93975,1,Petrol,Ka-03,Manual,Hatchback,699000,Hyundai,Elite I20,Unknown
2175,2022.0,4164,1,Diesel,Mh-14,Manual,Suv,1449000,Hyundai,Creta,Unknown
2176,2015.0,73634,1,Petrol,Ka-05,Manual,Hatchback,413000,Honda,Brio,Unknown
2177,2012.0,50816,2,Petrol,Ka-09,Automatic,Sedan,797000,Maruti,Swift Dzire,Unknown
2178,2010.0,49743,1,Petrol,Mh-03,Manual,Hatchback,164000,Maruti,A Star,Unknown
2179,2017.0,114844,1,Petrol,Unknown,Manual,Sedan,591000,Volkswagen,Ameo,Unknown
2180,2019.0,57203,1,Petrol,Up-78,Manual,Hatchback,610000,Maruti,Baleno,Unknown
2181,2019.0,113624,1,Diesel,Gj-01,Manual,Sedan,631000,Honda,Civic,Unknown
2182,2017.0,53119,1,Petrol,Dl-1C,Manual,Sedan,502000,Maruti,Dzire,Unknown
2183,2018.0,31424,1,Petrol,Tn-59,Manual,Hatchback,529000,Maruti,Celerio,Unknown
2184,2019.0,55065,1,Petrol,Mh-48,Automatic,Hatchback,428000,Renault,Kwid,Unknown
2185,2010.0,97453,1,Petrol,Kl-41,Manual,Hatchback,311000,Volkswagen,Polo,Unknown
2186,2017.0,57938,1,Petrol,Gj-01,Manual,Hatchback,467000,Maruti,Swift,Unknown
2187,2011.0,100075,2,Petrol,Unknown,Manual,Lux_Sedan,394000,Toyota,Corolla Altis,Unknown
2188,2018.0,50870,1,Cng,Mh-46,Manual,Hatchback,519000,Maruti,Celerio,Unknown
2189,2018.0,79019,1,Diesel,Ka-43,Manual,Sedan,758000,Maruti,Dzire,Unknown
2190,2013.0,104563,2,Petrol,Unknown,Manual,Lux_Sedan,353000,Toyota,Corolla Altis,Unknown
2191,2014.0,76899,1,Petrol,Ka-01,Manual,Sedan,397000,Honda,City,Unknown
2192,2020.0,92154,1,Petrol,Tn-03,Manual,Sedan,551000,Hyundai,Aura,Unknown
2193,2017.0,62422,2,Petrol,Ts-07,Manual,Hatchback,574000,Maruti,Baleno,Unknown
2194,2017.0,28200,1,Petrol,Ts-08,Automatic,Hatchback,364000,Maruti,Alto K10,Unknown
2195,2011.0,93658,2,Petrol,Dl-4C,Manual,Hatchback,207000,Hyundai,I20,Unknown
2196,2016.0,95184,2,Petrol,Gj-01,Automatic,Sedan,533000,Hyundai,Verna,Unknown
2197,2018.0,32795,2,Petrol,Mh-12,Automatic,Sedan,633000,Honda,City,Unknown
2198,2019.0,9026,1,Petrol,Ka-05,Manual,Hatchback,695000,Hyundai,Grand I10 Nios,Unknown
2199,2019.0,38010,1,Petrol,Ts-07,Automatic,Hatchback,710000,Hyundai,Grand I10 Nios,Unknown
2200,2021.0,69050,2,Petrol,Ka-05,Manual,Sedan,733000,Honda,Amaze,Unknown
2201,2018.0,71824,1,Petrol,Mp-48,Automatic,Hatchback,522000,Maruti,Swift,Unknown
2202,2020.0,42372,1,Petrol,Ts-08,Manual,Suv,1339000,Kia,Seltos,Unknown
2203,2020.0,34579,1,Diesel,Ka-02,Manual,Hatchback,1031000,Hyundai,New I20,Unknown
2204,2014.0,44106,1,Petrol,Ka-53,Manual,Hatchback,425000,Hyundai,Grand I10,Unknown
2205,2016.0,22747,2,Petrol,Dl-1C,Manual,Hatchback,290000,Maruti,Alto K10,Unknown
2206,2017.0,71220,1,Cng,Hr-10,Manual,Hatchback,386000,Maruti,Wagon R 1.0,Unknown
2207,2015.0,59657,1,Diesel,Dl-8C,Automatic,Sedan,690000,Honda,Amaze,Unknown
2208,2017.0,26404,1,Petrol,Ka-03,Manual,Hatchback,691000,Hyundai,I20 Active,Unknown
2209,2018.0,53715,4,Cng,Ts-08,Manual,Hatchback,651000,Maruti,Baleno,Unknown
2210,2019.0,67591,1,Petrol,Gj-05,Manual,Hatchback,435000,Maruti,S Presso,Unknown
2211,2015.0,105339,1,Diesel,Up-16,Manual,Sedan,708000,Hyundai,Xcent,Unknown
2212,2020.0,104681,1,Petrol,Unknown,Manual,Sedan,469000,Honda,City,Unknown
2213,2017.0,81369,1,Petrol,Hr-03,Manual,Sedan,553000,Maruti,Dzire,Unknown
2214,2019.0,63460,1,Petrol,Ka-05,Automatic,Hatchback,794000,Honda,Jazz,Unknown
2215,2019.0,34284,1,Cng,Dl-8C,Manual,Hatchback,533000,Hyundai,New Santro,Unknown
2216,2018.0,76198,1,Diesel,Gj-01,Manual,Suv,760000,Ford,Ecosport,Unknown
2217,2019.0,22695,1,Petrol,Gj-18,Manual,Hatchback,563000,Hyundai,Grand I10,Unknown
2218,2017.0,41497,1,Petrol,Gj-27,Manual,Hatchback,658000,Hyundai,Elite I20,Unknown
2219,2018.0,70312,3,Petrol,Mh-48,Manual,Hatchback,415000,Maruti,Celerio X,Unknown
2220,2018.0,49258,1,Cng,Mh-01,Manual,Hatchback,555000,Hyundai,New Santro,Unknown
2221,2013.0,94424,1,Petrol,Dl-12,Manual,Hatchback,319000,Hyundai,I20,Unknown
2222,2018.0,36714,1,Petrol,Ka-04,Manual,Hatchback,580000,Maruti,Ignis,Unknown
2223,2019.0,9067,2,Petrol,Ka-25,Manual,Hatchback,507000,Maruti,Celerio,Unknown
2224,2020.0,47781,1,Cng,Ch-01,Manual,Hatchback,515000,Maruti,New Wagon-R,Unknown
2225,2021.0,12441,1,Petrol,Tn-23,Automatic,Suv,1311000,Renault,Duster,Unknown
2226,2015.0,89268,2,Petrol,Gj-01,Manual,Hatchback,448000,Hyundai,Grand I10,Unknown
2227,2013.0,45247,1,Petrol,Dl-4C,Manual,Hatchback,250000,Maruti,Wagon R 1.0,Unknown
2228,2017.0,101647,3,Diesel,Gj-01,Manual,Suv,716000,Maruti,Ertiga,Unknown
2229,2016.0,57626,1,Diesel,Ka-01,Manual,Lux_Suv,1274000,Mahindra,Xuv500,Unknown
2230,2015.0,44589,1,Petrol,Kl-39,Manual,Hatchback,320000,Maruti,Alto K10,Unknown
2231,2017.0,39429,2,Petrol,Mh-01,Automatic,Sedan,574000,Honda,City,Unknown
2232,2018.0,90213,1,Petrol,Gj-18,Manual,Suv,685000,Honda,Wr-V,Unknown
2233,2015.0,25452,1,Petrol,Ka-02,Manual,Hatchback,542000,Hyundai,Grand I10,Unknown
2234,2015.0,38272,1,Petrol,Mh-02,Automatic,Sedan,885000,Maruti,Swift Dzire,Unknown
2235,2017.0,34483,1,Petrol,Mh-46,Manual,Sedan,511000,Maruti,Ciaz,Unknown
2236,2014.0,71218,1,Petrol,Ka-05,Manual,Hatchback,295000,Maruti,Alto 800,Unknown
2237,2017.0,65287,1,Petrol,Tn-10,Manual,Hatchback,458000,Tata,Tiago,Unknown
2238,2022.0,73980,2,Petrol,Gj-01,Manual,Sedan,573000,Maruti,Dzire,Unknown
2239,2016.0,36954,3,Petrol,Gj-10,Manual,Hatchback,375000,Maruti,Wagon R 1.0,Unknown
2240,2022.0,5107,1,Petrol,Tn-12,Automatic,Hatchback,952000,Tata,Altroz,Unknown
2241,2017.0,33789,1,Petrol,Gj-05,Manual,Hatchback,399000,Maruti,Wagon R 1.0,Unknown
2242,2017.0,7281,1,Petrol,Ka-05,Automatic,Sedan,1373000,Maruti,Dzire,Unknown
2243,2019.0,24945,1,Petrol,Tn-19,Manual,Suv,626000,Renault,Triber,Unknown
2244,2017.0,67646,1,Diesel,Up-65,Manual,Suv,644000,Maruti,Vitara Brezza,Unknown
2245,2018.0,74352,1,Petrol,Tn-01,Manual,Sedan,367000,Maruti,Dzire,Unknown
2246,2021.0,33234,1,Petrol,Gj-05,Automatic,Hatchback,748000,Renault,Kiger,Unknown
2247,2017.0,57559,1,Petrol,Dl-8C,Manual,Hatchback,496000,Maruti,Baleno,Unknown
2248,2016.0,38706,1,Petrol,Ka-03,Manual,Sedan,724000,Honda,City,Unknown
2249,2018.0,75647,1,Diesel,Up-14,Manual,Suv,580000,Maruti,Vitara Brezza,Unknown
2250,2019.0,59517,1,Diesel,Mh-44,Manual,Suv,900000,Maruti,Vitara Brezza,Unknown
2251,2018.0,72152,2,Diesel,Ka-30,Automatic,Suv,930000,Maruti,Vitara Brezza,Unknown
2252,2018.0,30526,1,Petrol,Gj-15,Manual,Sedan,645000,Maruti,Ciaz,Unknown
2253,2022.0,19466,1,Petrol,Ts-05,Manual,Suv,1347000,Maruti,Brezza,Unknown
2254,2018.0,57485,1,Petrol,Mp-05,Manual,Hatchback,306000,Hyundai,Eon,Unknown
2255,2015.0,34204,1,Cng,Mh-02,Manual,Hatchback,377000,Maruti,Wagon R 1.0,Unknown
2256,2019.0,43174,1,Petrol,Mh-03,Manual,Sedan,463000,Hyundai,Verna,Unknown
2257,2020.0,14156,1,Petrol,Gj-06,Manual,Hatchback,393000,Renault,Kwid,Unknown
2258,2014.0,10861,1,Petrol,Dl-9C,Manual,Hatchback,264000,Hyundai,Santro Xing,Unknown
2259,2017.0,35925,1,Petrol,Ts-09,Automatic,Sedan,746000,Honda,City,Unknown
2260,2012.0,57686,2,Petrol,Mh-43,Manual,Hatchback,275000,Honda,Brio,Unknown
2261,2019.0,65131,2,Petrol,Pb-70,Manual,Sedan,564000,Maruti,Dzire,Unknown
2262,2017.0,69742,1,Petrol,Gj-05,Automatic,Sedan,873000,Tata,Tigor,Unknown
2263,2021.0,9934,1,Petrol,Mh-05,Manual,Hatchback,756000,Tata,Altroz,Unknown
2264,2016.0,28381,1,Petrol,Mh-12,Manual,Hatchback,279000,Maruti,Alto 800,Unknown
2265,2022.0,10478,1,Petrol,Hr-98,Automatic,Suv,905000,Nissan,Magnite,Unknown
2266,2012.0,73970,1,Diesel,Tn-02,Automatic,Sedan,976000,Maruti,Swift Dzire,Unknown
2267,2011.0,59680,1,Petrol,Dl-6C,Manual,Hatchback,192000,Maruti,Ritz,Unknown
2268,2019.0,33412,1,Petrol,Tn-09,Manual,Hatchback,501000,Maruti,New Wagon-R,Unknown
2269,2020.0,50209,2,Petrol,Ts-07,Manual,Hatchback,722000,Toyota,Glanza,Unknown
2270,2013.0,78947,3,Petrol,Tn-31,Manual,Hatchback,329000,Maruti,Wagon R 1.0,Unknown
2271,2021.0,18663,1,Petrol,Ka-04,Manual,Hatchback,469000,Maruti,Alto,Unknown
2272,2019.0,46013,2,Petrol,Pb-08,Automatic,Sedan,544000,Tata,Tigor,Unknown
2273,2021.0,32041,1,Cng,Hr-29,Manual,Hatchback,429000,Maruti,Alto,Unknown
2274,2015.0,47507,3,Petrol,Mh-03,Manual,Hatchback,462000,Maruti,Swift,Unknown
2275,2010.0,35782,1,Petrol,Mp-09,Manual,Sedan,738000,Maruti,Swift Dzire,Unknown
2276,2019.0,15480,1,Petrol,Hr-26,Manual,Hatchback,624000,Maruti,Baleno,Unknown
2277,2019.0,15680,1,Petrol,Gj-38,Automatic,Sedan,1102000,Honda,Amaze,Unknown
2278,2019.0,29390,1,Petrol,Ka-03,Manual,Hatchback,508000,Hyundai,New Santro,Unknown
2279,2012.0,92796,1,Petrol,Ka-01,Manual,Hatchback,338000,Honda,Brio,Unknown
2280,2013.0,81618,1,Petrol,Up-14,Manual,Hatchback,212000,Hyundai,Santro Xing,Unknown
2281,2018.0,69705,1,Petrol,Up-40,Manual,Hatchback,382000,Maruti,Wagon R 1.0,Unknown
2282,2015.0,46332,2,Petrol,Ka-51,Manual,Hatchback,354000,Maruti,Wagon R 1.0,Unknown
2283,2014.0,69660,1,Petrol,Dl-4C,Manual,Sedan,350000,Honda,Amaze,Unknown
2284,2018.0,80955,1,Petrol,Ts-07,Manual,Hatchback,644000,Maruti,Swift,Unknown
2285,2018.0,54308,1,Petrol,Dl-10,Manual,Suv,695000,Ford,Ecosport,Unknown
2286,2018.0,20664,1,Petrol,Mh-04,Manual,Sedan,409000,Hyundai,Verna,Unknown
2287,2018.0,52080,2,Petrol,Tn-02,Automatic,Hatchback,462000,Maruti,Celerio,Unknown
2288,2019.0,33484,1,Petrol,Ts-11,Manual,Hatchback,429000,Maruti,S Presso,Unknown
2289,2017.0,99367,1,Diesel,Rj-20,Manual,Sedan,738000,Maruti,Dzire,Unknown
2290,2021.0,71880,1,Diesel,Tn-13,Manual,Suv,1026000,Honda,Wr-V,Unknown
2291,2022.0,18319,1,Diesel,Ts-08,Manual,Suv,2107000,Tata,Safari,Unknown
2292,2015.0,54154,1,Petrol,Ka-01,Manual,Hatchback,664000,Hyundai,Elite I20,Unknown
2293,2011.0,42527,2,Petrol,Mh-02,Manual,Hatchback,251000,Hyundai,I10,Unknown
2294,2017.0,81025,1,Petrol,Hr-85,Manual,Hatchback,557000,Hyundai,Elite I20,Unknown
2295,2013.0,100432,2,Petrol,Unknown,Manual,Hatchback,223000,Hyundai,Eon,Unknown
2296,2017.0,20815,1,Petrol,Tn-05,Manual,Hatchback,306000,Maruti,Alto 800,Unknown
2297,2018.0,36036,1,Petrol,Mh-03,Manual,Suv,759000,Honda,Wr-V,Unknown
2298,2020.0,21336,1,Petrol,Dl-8C,Manual,Hatchback,398000,Maruti,S Presso,Unknown
2299,2019.0,22950,1,Petrol,Wb-08,Manual,Hatchback,311000,Maruti,Alto 800,Unknown
2300,2015.0,97812,1,Diesel,Ts-09,Manual,Hatchback,504000,Maruti,Swift,Unknown
2301,2018.0,50481,1,Diesel,Hr-26,Automatic,Suv,772000,Maruti,Vitara Brezza,Unknown
2302,2017.0,72313,2,Petrol,Ka-51,Manual,Suv,956000,Hyundai,Creta,Unknown
2303,2011.0,59559,2,Petrol,Mh-12,Manual,Hatchback,257000,Hyundai,I10,Unknown
2304,2018.0,41825,1,Petrol,Hr-26,Manual,Suv,670650,Honda,Wr-V,Unknown
2305,2022.0,10988,1,Petrol,Ka-11,Manual,Suv,1660000,Kia,Carens,Unknown
2306,2015.0,93593,1,Petrol,Ts-07,Manual,Hatchback,395000,Hyundai,I10,Unknown
2307,2017.0,73927,1,Petrol,Ka-03,Automatic,Hatchback,554000,Maruti,Ignis,Unknown
2308,2017.0,120754,1,Diesel,Ka-63,Automatic,Sedan,781000,Skoda,Rapid,Unknown
2309,2013.0,70569,1,Petrol,Gj-05,Manual,Hatchback,328000,Honda,Brio,Unknown
2310,2013.0,66983,1,Petrol,Rj-41,Manual,Hatchback,326000,Hyundai,Grand I10,Unknown
2311,2020.0,44093,1,Diesel,Up-16,Automatic,Suv,1416000,Hyundai,Creta,Unknown
2312,2018.0,51706,1,Petrol,Dl-3C,Automatic,Hatchback,564000,Maruti,Swift,Unknown
2313,2021.0,25576,2,Petrol,Ts-06,Manual,Suv,1022000,Ford,Ecosport,Unknown
2314,2020.0,87480,1,Petrol,Gj-05,Manual,Sedan,342000,Maruti,Dzire,Unknown
2315,2012.0,87214,1,Petrol,Dl-7C,Manual,Hatchback,220000,Maruti,Ritz,Unknown
2316,2021.0,36739,1,Diesel,Pb-02,Manual,Suv,1006000,Mahindra,Bolero,Unknown
2317,2012.0,65471,2,Petrol,Mh-03,Manual,Sedan,355000,Maruti,Swift Dzire,Unknown
2318,2015.0,59196,2,Petrol,Gj-01,Manual,Hatchback,480000,Maruti,Swift,Unknown
2319,2010.0,95457,1,Petrol,Dl-12,Manual,Hatchback,170000,Hyundai,I10,Unknown
2320,2017.0,72359,1,Diesel,Pb-23,Manual,Hatchback,458000,Hyundai,Grand I10,Unknown
2321,2015.0,89997,2,Diesel,Ts-07,Manual,Sedan,635000,Maruti,Swift Dzire,Unknown
2322,2015.0,47097,1,Petrol,Mh-12,Manual,Sedan,521000,Maruti,Swift Dzire,Unknown
2323,2010.0,114743,1,Petrol,Unknown,Manual,Hatchback,234000,Hyundai,I10,Unknown
2324,2014.0,55890,1,Petrol,Rj-14,Manual,Hatchback,405000,Hyundai,Grand I10,Unknown
2325,2014.0,51119,1,Petrol,Ka-01,Manual,Hatchback,313000,Hyundai,Eon,Unknown
2326,2021.0,56409,2,Petrol,Ka-50,Manual,Hatchback,733000,Maruti,Swift,Unknown
2327,2022.0,42206,1,Petrol,Up-32,Manual,Sedan,653000,Honda,Amaze,Unknown
2328,2010.0,49686,3,Petrol,Hr-26,Manual,Hatchback,180000,Hyundai,I20,Unknown
2329,2016.0,60999,1,Petrol,Ts-07,Manual,Hatchback,516000,Hyundai,Grand I10,Unknown
2330,2015.0,64186,2,Petrol,Ts-07,Automatic,Hatchback,405000,Maruti,Wagon R 1.0,Unknown
2331,2016.0,55632,1,Petrol,Mh-47,Manual,Sedan,496000,Maruti,Swift Dzire,Unknown
2332,2012.0,86543,3,Diesel,Ka-51,Manual,Sedan,343000,Maruti,Swift Dzire,Unknown
2333,2018.0,52829,2,Petrol,Ts-10,Manual,Hatchback,440000,Maruti,Celerio,Unknown
2334,2021.0,21150,1,Petrol,Pb-91,Manual,Suv,986000,Skoda,Kushaq,Unknown
2335,2017.0,67957,1,Diesel,Hr-30,Manual,Suv,698000,Maruti,Vitara Brezza,Unknown
2336,2015.0,61984,2,Diesel,Up-14,Manual,Sedan,500000,Toyota,Etios,Unknown
2337,2013.0,80134,3,Petrol,Ka-51,Manual,Hatchback,441000,Maruti,Swift,Unknown
2338,2020.0,70764,1,Petrol,Hr-29,Manual,Sedan,623000,Honda,City,Unknown
2339,2012.0,52944,1,Petrol,Dl-2C,Manual,Hatchback,290000,Maruti,Swift,Unknown
2340,2015.0,55382,2,Petrol,Gj-06,Manual,Hatchback,467000,Maruti,Swift,Unknown
2341,2019.0,32376,1,Petrol,Tn-77,Manual,Hatchback,432000,Maruti,S Presso,Unknown
2342,2012.0,27539,1,Petrol,Dl-3C,Manual,Hatchback,358000,Volkswagen,Polo,Unknown
2343,2015.0,85038,1,Petrol,Ka-04,Manual,Hatchback,562000,Maruti,Swift,Unknown
2344,2015.0,58321,3,Petrol,Ts-10,Manual,Hatchback,269000,Hyundai,Eon,Unknown
2345,2014.0,70030,1,Petrol,Up-16,Automatic,Sedan,837000,Maruti,Ciaz,Unknown
2346,2011.0,31380,1,Petrol,Dl-12,Manual,Hatchback,302000,Volkswagen,Polo,Unknown
2347,2018.0,38754,1,Petrol,Up-52,Manual,Sedan,824000,Maruti,Ciaz,Unknown
2348,2016.0,80912,2,Petrol,Ts-09,Manual,Hatchback,502000,Volkswagen,Polo,Unknown
2349,2020.0,32947,1,Petrol,Ts-09,Automatic,Sedan,1100000,Volkswagen,Vento,Unknown
2350,2013.0,56766,3,Petrol,Wb-02,Manual,Lux_Sedan,434000,Toyota,Corolla Altis,Unknown
2351,2017.0,41803,2,Petrol,Ka-02,Manual,Hatchback,550000,Hyundai,Grand I10,Unknown
2352,2021.0,24608,1,Petrol,Pb-70,Manual,Hatchback,407000,Maruti,S Presso,Unknown
2353,2017.0,73344,2,Petrol,Pb-09,Manual,Sedan,407000,Tata,Tigor,Unknown
2354,2011.0,83398,1,Petrol,Up-15,Manual,Sedan,295000,Toyota,Etios,Unknown
2355,2016.0,114119,1,Petrol,Unknown,Automatic,Sedan,614000,Maruti,Ciaz,Unknown
2356,2017.0,74344,1,Diesel,Gj-01,Manual,Sedan,697000,Maruti,Dzire,Unknown
2357,2017.0,31198,1,Petrol,Ka-01,Manual,Sedan,782000,Hyundai,Verna,Unknown
2358,2010.0,46559,1,Petrol,Wb-06,Manual,Hatchback,175000,Maruti,A Star,Unknown
2359,2017.0,27172,1,Petrol,Ts-08,Manual,Hatchback,693000,Hyundai,Elite I20,Unknown
2360,2012.0,121911,1,Diesel,Hr-01,Manual,Sedan,394000,Maruti,Swift Dzire,Unknown
2361,2016.0,95667,3,Diesel,Ts-12,Manual,Sedan,564000,Hyundai,Verna,Unknown
2362,2017.0,39577,1,Petrol,Pb-08,Manual,Hatchback,319000,Hyundai,Eon,Unknown
2363,2020.0,38595,1,Petrol,Up-16,Automatic,Sedan,963000,Honda,Amaze,Unknown
2364,2013.0,62217,1,Petrol,Ka-03,Manual,Hatchback,472000,Maruti,Swift,Unknown
2365,2019.0,48494,1,Cng,Hr-13,Automatic,Suv,1108000,Hyundai,Creta,Unknown
2366,2012.0,31474,1,Petrol,Ka-50,Automatic,Hatchback,398000,Hyundai,I10,Unknown
2367,2017.0,39595,1,Petrol,Ts-07,Manual,Hatchback,555000,Hyundai,Grand I10,Unknown
2368,2019.0,32764,1,Petrol,Br-01,Manual,Sedan,677000,Honda,City,Unknown
2369,2019.0,56261,1,Petrol,Pb-91,Manual,Hatchback,475000,Tata,Tiago,Unknown
2370,2017.0,40045,2,Petrol,Dl-3C,Automatic,Hatchback,389000,Maruti,Wagon R 1.0,Unknown
2371,2017.0,21736,1,Petrol,Gj-01,Manual,Hatchback,562000,Maruti,Swift,Unknown
2372,2018.0,37814,1,Petrol,Ts-15,Automatic,Hatchback,585000,Tata,Tiago,Unknown
2373,2017.0,31803,1,Petrol,Tn-07,Manual,Hatchback,332000,Hyundai,Eon,Unknown
2374,2017.0,80030,1,Petrol,Ts-08,Manual,Hatchback,661000,Hyundai,Elite I20,Unknown
2375,2018.0,61943,2,Diesel,Dl-5C,Manual,Suv,828000,Hyundai,Creta,Unknown
2376,2019.0,26880,2,Petrol,Gj-18,Manual,Hatchback,703000,Hyundai,Elite I20,Unknown
2377,2016.0,64115,1,Petrol,Tn-13,Manual,Hatchback,488000,Hyundai,Grand I10,Unknown
2378,2016.0,98376,1,Diesel,Gj-27,Manual,Sedan,691000,Skoda,Rapid,Unknown
2379,2015.0,21693,1,Petrol,Dl-10,Manual,Hatchback,570000,Hyundai,Elite I20,Unknown
2380,2015.0,79288,1,Petrol,Mh-47,Automatic,Sedan,501000,Volkswagen,Vento,Unknown
2381,2014.0,38529,1,Cng,Mh-02,Manual,Hatchback,366000,Maruti,Wagon R 1.0,Unknown
2382,2019.0,53085,1,Cng,Hr-29,Manual,Hatchback,519000,Maruti,New Wagon-R,Unknown
2383,2013.0,68384,1,Petrol,Dl-4C,Manual,Hatchback,269000,Honda,Brio,Unknown
2384,2016.0,95116,1,Diesel,Tn-37,Manual,Sedan,511000,Volkswagen,Ameo,Unknown
2385,2021.0,18457,1,Cng,Mh-14,Manual,Hatchback,623000,Maruti,New Wagon-R,Unknown
2386,2014.0,23760,1,Petrol,Dl-2C,Manual,Hatchback,276000,Maruti,Wagon R 1.0,Unknown
2387,2021.0,45873,1,Petrol,Gj-03,Manual,Hatchback,527000,Maruti,Ignis,Unknown
2388,2012.0,100100,1,Petrol,Unknown,Manual,Hatchback,236000,Maruti,Alto,Unknown
2389,2019.0,36675,2,Petrol,Gj-36,Automatic,Suv,937000,Hyundai,Venue,Unknown
2390,2017.0,61280,2,Petrol,Ts-07,Manual,Hatchback,594000,Maruti,Swift,Unknown
2391,2017.0,62419,1,Cng,Mh-02,Manual,Hatchback,392000,Maruti,Wagon R 1.0,Unknown
2392,2019.0,5933,1,Petrol,Ts-11,Automatic,Suv,852000,Renault,Duster,Unknown
2393,2017.0,35112,2,Petrol,Ka-22,Manual,Hatchback,345000,Maruti,Alto K10,Unknown
2394,2017.0,22294,1,Petrol,Gj-06,Manual,Hatchback,571000,Hyundai,Grand I10,Unknown
2395,2019.0,67449,2,Petrol,Gj-16,Manual,Hatchback,647000,Hyundai,Elite I20,Unknown
2396,2017.0,14010,1,Petrol,Gj-01,Automatic,Sedan,1144000,Maruti,Ciaz,Unknown
2397,2021.0,34714,1,Cng,Hr-98,Manual,Hatchback,701000,Hyundai,Grand I10 Nios,Unknown
2398,2012.0,87713,2,Petrol,Dl-4C,Manual,Hatchback,248000,Honda,Brio,Unknown
2399,2010.0,79176,2,Petrol,Mh-27,Manual,Hatchback,159000,Maruti,Zen Estilo,Unknown
2400,2017.0,106933,1,Petrol,Unknown,Manual,Sedan,322000,Honda,City,Unknown
2401,2018.0,35099,1,Petrol,Gj-01,Manual,Hatchback,610000,Honda,Jazz,Unknown
2402,2015.0,98051,1,Diesel,Mh-47,Manual,Hatchback,467000,Honda,Jazz,Unknown
2403,2017.0,74573,1,Petrol,Rj-40,Automatic,Sedan,746000,Honda,City,Unknown
2404,2018.0,21549,1,Petrol,Mp-09,Manual,Hatchback,313000,Maruti,Alto 800,Unknown
2405,2017.0,43926,1,Petrol,Wb-02,Manual,Hatchback,405000,Hyundai,Grand I10,Unknown
2406,2012.0,42762,1,Petrol,Ka-04,Manual,Hatchback,487000,Maruti,Swift,Unknown
2407,2016.0,57404,1,Diesel,Tn-07,Manual,Hatchback,632000,Maruti,Baleno,Unknown
2408,2018.0,67341,1,Diesel,Ts-09,Manual,Suv,1080000,Hyundai,Creta,Unknown
2409,2011.0,70937,3,Petrol,Mh-14,Manual,Hatchback,242000,Maruti,Wagon R 1.0,Unknown
2410,2014.0,50670,2,Petrol,Ts-12,Manual,Hatchback,418000,Honda,Brio,Unknown
2411,2016.0,63328,1,Petrol,Ka-01,Automatic,Hatchback,622000,Maruti,Baleno,Unknown
2412,2014.0,47025,1,Petrol,Mh-14,Manual,Hatchback,364000,Hyundai,I10,Unknown
2413,2013.0,45517,1,Diesel,Ap-28,Manual,Sedan,413000,Hyundai,Verna,Unknown
2414,2019.0,32402,1,Petrol,Wb-26,Manual,Hatchback,301000,Maruti,Alto 800,Unknown
2415,2016.0,73201,1,Diesel,Hr-36,Manual,Sedan,544000,Maruti,Swift Dzire,Unknown
2416,2016.0,47323,1,Petrol,Kl-45,Manual,Hatchback,212000,Datsun,Go,Unknown
2417,2017.0,67242,2,Petrol,Pb-10,Automatic,Hatchback,509000,Maruti,Ignis,Unknown
2418,2010.0,18589,1,Petrol,Dl-2C,Manual,Hatchback,150000,Maruti,A Star,Unknown
2419,2020.0,103777,1,Petrol,Unknown,Manual,Sedan,628000,Toyota,Yaris,Unknown
2420,2010.0,9129,1,Petrol,Wb-06,Manual,Hatchback,150000,Maruti,Alto,Unknown
2421,2016.0,90374,1,Petrol,Ts-08,Manual,Hatchback,624000,Hyundai,Elite I20,Unknown
2422,2015.0,50934,1,Petrol,Mh-12,Automatic,Hatchback,390000,Maruti,Celerio,Unknown
2423,2017.0,69745,1,Petrol,Gj-01,Manual,Hatchback,498000,Honda,Jazz,Unknown
2424,2018.0,32406,2,Petrol,Ts-10,Manual,Hatchback,578000,Volkswagen,Polo,Unknown
2425,2021.0,40394,2,Petrol,Ka-04,Automatic,Sedan,731000,Maruti,Dzire,Unknown
2426,2017.0,119490,1,Petrol,Unknown,Manual,Hatchback,279000,Hyundai,Eon,Unknown
2427,2017.0,80702,1,Diesel,Ka-41,Automatic,Suv,1098000,Hyundai,Creta,Unknown
2428,2021.0,34541,1,Petrol,Pb-65,Manual,Suv,907000,Maruti,Vitara Brezza,Unknown
2429,2019.0,46210,2,Petrol,Kl-73,Manual,Hatchback,430000,Hyundai,Grand I10,Unknown
2430,2021.0,13342,1,Petrol,Gj-22,Manual,Suv,991000,Hyundai,Venue,Unknown
2431,2017.0,66207,1,Petrol,Mh-01,Automatic,Lux_Sedan,1086000,Toyota,Corolla Altis,Unknown
2432,2017.0,70930,1,Diesel,Mh-36,Manual,Suv,645000,Maruti,S Cross,Unknown
2433,2018.0,90753,1,Diesel,Up-16,Manual,Hatchback,508000,Toyota,Etios Liva,Unknown
2434,2011.0,55314,1,Petrol,Wb-06,Manual,Hatchback,213000,Toyota,Etios Liva,Unknown
2435,2018.0,18335,1,Petrol,Mh-02,Manual,Hatchback,636000,Maruti,Baleno,Unknown
2436,2019.0,48397,2,Petrol,Dl-8C,Manual,Hatchback,550000,Maruti,Baleno,Unknown
2437,2021.0,31271,1,Petrol,Mh-12,Automatic,Sedan,706000,Tata,Tigor,Unknown
2438,2016.0,56136,2,Petrol,Dl-10,Manual,Hatchback,523000,Hyundai,Elite I20,Unknown
2439,2010.0,35817,1,Petrol,Dl-9C,Manual,Hatchback,147000,Maruti,Zen Estilo,Unknown
2440,2017.0,77254,1,Diesel,Ka-51,Manual,Lux_Suv,1076350,Mahindra,Xuv500,Unknown
2441,2019.0,57202,1,Petrol,Ka-05,Manual,Suv,974000,Mahindra,Xuv 3Oo,Unknown
2442,2017.0,91641,1,Petrol,Hr-26,Automatic,Suv,651000,Ford,Ecosport,Unknown
2443,2014.0,32586,2,Petrol,Wb-02,Manual,Hatchback,216000,Maruti,Alto 800,Unknown
2444,2018.0,63556,1,Petrol,Tn-09,Manual,Hatchback,341000,Maruti,Alto 800,Unknown
2445,2011.0,63122,1,Petrol,Br-01,Manual,Hatchback,163000,Maruti,Alto K10,Unknown
2446,2017.0,66960,1,Petrol,Dl-14,Manual,Sedan,494000,Honda,City,Unknown
2447,2020.0,28328,1,Petrol,Rj-45,Manual,Hatchback,409000,Maruti,Alto,Unknown
2448,2017.0,51788,1,Cng,Mh-12,Automatic,Hatchback,613000,Maruti,Ignis,Unknown
2449,2017.0,56218,1,Petrol,Tn-11,Automatic,Hatchback,559000,Hyundai,Grand I10,Unknown
2450,2016.0,55437,2,Petrol,Ka-03,Manual,Sedan,661000,Maruti,Ciaz,Unknown
2451,2019.0,43236,2,Petrol,Br-01,Manual,Hatchback,467000,Maruti,New Wagon-R,Unknown
2452,2018.0,45911,1,Petrol,Ts-09,Automatic,Hatchback,729000,Maruti,Swift,Unknown
2453,2018.0,27862,3,Petrol,Gj-14,Manual,Hatchback,345000,Renault,Kwid,Unknown
2454,2021.0,20340,1,Cng,Tn-06,Manual,Hatchback,465000,Maruti,Alto,Unknown
2455,2021.0,21923,1,Petrol,Tn-03,Manual,Sedan,672000,Hyundai,Aura,Unknown
2456,2022.0,33151,1,Petrol,Ka-51,Automatic,Sedan,851000,Maruti,Ciaz,Unknown
2457,2019.0,103872,1,Cng,Mh-12,Manual,Hatchback,509000,Maruti,Celerio,Unknown
2458,2017.0,70952,1,Petrol,Ka-41,Manual,Hatchback,488000,Tata,Tiago,Unknown
2459,2017.0,49815,1,Petrol,Ka-01,Automatic,Hatchback,520000,Maruti,Celerio,Unknown
2460,2018.0,61426,2,Petrol,Tn-02,Manual,Suv,711000,Renault,Duster,Unknown
2461,2020.0,64086,1,Petrol,Ka-04,Automatic,Hatchback,705000,Maruti,Swift,Unknown
2462,2020.0,41003,1,Petrol,Gj-18,Automatic,Suv,1492000,Hyundai,Creta,Unknown
2463,2021.0,19497,1,Petrol,Ka-50,Manual,Sedan,1250000,Honda,City,Unknown
2464,2018.0,24567,2,Petrol,Ka-51,Manual,Suv,945000,Ford,Ecosport,Unknown
2465,2017.0,71763,1,Petrol,Hr-51,Manual,Hatchback,478000,Maruti,Swift,Unknown
2466,2018.0,71789,1,Petrol,Ka-05,Automatic,Hatchback,406000,Renault,Kwid,Unknown
2467,2017.0,25704,1,Petrol,Hr-26,Automatic,Hatchback,508000,Tata,Tiago,Unknown
2468,2016.0,51002,2,Petrol,Mh-43,Manual,Hatchback,531000,Maruti,Baleno,Unknown
2469,2021.0,12280,1,Petrol,Ts-08,Manual,Hatchback,792000,Tata,Altroz,Unknown
2470,2014.0,47140,1,Diesel,Ts-09,Manual,Hatchback,591000,Hyundai,Elite I20,Unknown
2471,2018.0,60684,1,Petrol,Mh-03,Manual,Hatchback,591000,Maruti,Baleno,Unknown
2472,2015.0,32168,1,Petrol,Ka-03,Manual,Hatchback,535000,Hyundai,Grand I10,Unknown
2473,2020.0,56485,1,Petrol,Ka-15,Manual,Hatchback,412000,Renault,Kwid,Unknown
2474,2020.0,51040,1,Petrol,Tn-14,Automatic,Hatchback,627000,Tata,Tiago,Unknown
2475,2014.0,12288,2,Petrol,Tn-10,Manual,Sedan,659000,Honda,Amaze,Unknown
2476,2014.0,76583,3,Petrol,Hr-51,Manual,Hatchback,410000,Volkswagen,Polo,Unknown
2477,2018.0,28388,1,Petrol,Ts-09,Manual,Sedan,781000,Hyundai,Verna,Unknown
2478,2020.0,21226,1,Petrol,Ka-63,Manual,Hatchback,485000,Maruti,S Presso,Unknown
2479,2021.0,1680,1,Petrol,Mh-12,Automatic,Hatchback,525000,Renault,Kwid,Unknown
2480,2013.0,6111,2,Petrol,Mh-43,Manual,Hatchback,226000,Hyundai,Santro Xing,Unknown
2481,2017.0,19924,1,Petrol,Dl-10,Manual,Hatchback,496000,Hyundai,Grand I10,Unknown
2482,2016.0,29966,1,Petrol,Hr-26,Manual,Hatchback,513000,Hyundai,Grand I10,Unknown
2483,2018.0,11097,1,Petrol,Dl-3C,Manual,Hatchback,503000,Hyundai,Grand I10,Unknown
2484,2016.0,42444,1,Petrol,Ka-51,Manual,Hatchback,396000,Hyundai,I10,Unknown
2485,2017.0,32289,2,Petrol,Ts-10,Automatic,Hatchback,687000,Hyundai,Elite I20,Unknown
2486,2016.0,65151,1,Petrol,Tn-10,Manual,Suv,795000,Maruti,Ertiga,Unknown
2487,2014.0,82749,2,Cng,Mh-03,Manual,Hatchback,292000,Maruti,Wagon R 1.0,Unknown
2488,2019.0,75000,1,Petrol,Gj-01,Manual,Hatchback,710000,Hyundai,Elite I20,Unknown
2489,2022.0,23005,1,Cng,Hr-87,Manual,Hatchback,749000,Hyundai,Grand I10 Nios,Unknown
2490,2020.0,27651,1,Petrol,Br-01,Manual,Hatchback,525000,Tata,Altroz,Unknown
2491,2014.0,66138,2,Petrol,Gj-24,Manual,Sedan,722000,Honda,City,Unknown
2492,2019.0,70632,1,Petrol,Dl-10,Automatic,Suv,862000,Tata,Nexon,Unknown
2493,2019.0,29095,2,Petrol,Wb-26,Manual,Hatchback,279000,Maruti,Alto 800,Unknown
2494,2018.0,9370,1,Petrol,Mh-46,Manual,Hatchback,336000,Maruti,Alto 800,Unknown
2495,2016.0,65117,1,Petrol,Mh-02,Manual,Suv,784000,Hyundai,Creta,Unknown
2496,2021.0,39295,1,Cng,Dl-9C,Manual,Hatchback,583000,Hyundai,New Santro,Unknown
2497,2018.0,27977,1,Petrol,Gj-01,Manual,Hatchback,334000,Datsun,Go Plus,Unknown
2498,2014.0,54379,1,Petrol,Dl-10,Manual,Suv,480000,Ford,Ecosport,Unknown
2499,2018.0,71764,1,Diesel,Up-16,Manual,Suv,1122000,Hyundai,Creta,Unknown
2500,2019.0,20981,1,Petrol,Dl-3C,Manual,Sedan,646000,Maruti,Dzire,Unknown
2501,2019.0,74504,1,Petrol,Rj-02,Manual,Hatchback,404000,Hyundai,New Santro,Unknown
2502,2020.0,44001,1,Cng,Mh-04,Manual,Hatchback,486000,Maruti,S Presso,Unknown
2503,2015.0,57441,3,Petrol,Rj-14,Manual,Hatchback,342000,Maruti,Wagon R 1.0,Unknown
2504,2017.0,59453,1,Petrol,Mh-47,Automatic,Hatchback,583000,Honda,Jazz,Unknown
2505,2018.0,70839,1,Diesel,Tn-10,Manual,Hatchback,634000,Maruti,Swift,Unknown
2506,2015.0,52544,1,Petrol,Hr-51,Manual,Hatchback,422000,Honda,Jazz,Unknown
2507,2018.0,12882,1,Petrol,Mp-09,Manual,Suv,383000,Mahindra,Kuv 100 Nxt,Unknown
2508,2016.0,61631,2,Petrol,Mh-46,Manual,Hatchback,482000,Hyundai,I20 Active,Unknown
2509,2014.0,69351,1,Petrol,Mh-02,Manual,Hatchback,430000,Hyundai,Elite I20,Unknown
2510,2016.0,33329,1,Petrol,Dl-8C,Manual,Hatchback,577000,Hyundai,Elite I20,Unknown
2511,2014.0,38385,1,Petrol,Mh-01,Manual,Hatchback,215000,Hyundai,Eon,Unknown
2512,2020.0,23731,2,Petrol,Kl-65,Manual,Hatchback,469000,Hyundai,New Santro,Unknown
2513,2020.0,29716,1,Petrol,Gj-38,Manual,Hatchback,586000,Maruti,Baleno,Unknown
2514,2017.0,39801,2,Petrol,Wb-24,Manual,Hatchback,550000,Hyundai,Elite I20,Unknown
2515,2019.0,4884,2,Petrol,Mh-05,Automatic,Suv,817000,Tata,Nexon,Unknown
2516,2021.0,33411,1,Diesel,Up-14,Manual,Hatchback,842000,Tata,Altroz,Unknown
2517,2015.0,63330,1,Petrol,Ka-53,Manual,Hatchback,296600,Maruti,Alto 800,Unknown
2518,2013.0,108633,1,Diesel,Kl-67,Manual,Sedan,503000,Maruti,Swift Dzire,Unknown
2519,2017.0,35417,1,Petrol,Kl-01,Manual,Hatchback,307000,Renault,Kwid,Unknown
2520,2013.0,56364,1,Petrol,Up-78,Manual,Sedan,340000,Honda,Amaze,Unknown
2521,2020.0,94796,1,Petrol,Gj-38,Manual,Hatchback,548000,Volkswagen,Polo,Unknown
2522,2018.0,40673,1,Petrol,Mh-48,Manual,Hatchback,656000,Hyundai,Elite I20,Unknown
2523,2018.0,56838,2,Petrol,Mp-04,Manual,Hatchback,522000,Hyundai,Elite I20,Unknown
2524,2018.0,57187,1,Petrol,Dl-4C,Manual,Sedan,270000,Hyundai,Verna,Unknown
2525,2013.0,39461,1,Petrol,Ts-07,Automatic,Sedan,746000,Hyundai,Verna,Unknown
2526,2021.0,25692,1,Petrol,Gj-18,Automatic,Suv,1139000,Maruti,Xl6,Unknown
2527,2016.0,48071,1,Petrol,Ts-08,Manual,Hatchback,322000,Maruti,Alto 800,Unknown
2528,2011.0,104145,1,Petrol,Unknown,Manual,Hatchback,196000,Hyundai,I10,Unknown
2529,2021.0,16466,1,Petrol,Ts-09,Manual,Hatchback,637750,Renault,Kiger,Unknown
2530,2020.0,40560,1,Petrol,Ka-51,Manual,Hatchback,790000,Hyundai,Elite I20,Unknown
2531,2017.0,25405,1,Petrol,Hr-10,Manual,Hatchback,546000,Maruti,Baleno,Unknown
2532,2018.0,54616,1,Petrol,Mp-09,Manual,Hatchback,390000,Tata,Tiago,Unknown
2533,2015.0,35133,1,Petrol,Hr-26,Manual,Suv,574000,Ford,Ecosport,Unknown
2534,2019.0,43008,1,Petrol,Gj-27,Automatic,Suv,1153000,Hyundai,Creta,Unknown
2535,2019.0,14052,1,Petrol,Hr-72,Manual,Hatchback,425000,Renault,Kwid,Unknown
2536,2020.0,66712,1,Petrol,Wb-02,Manual,Sedan,589650,Honda,Amaze,Unknown
2537,2016.0,70940,1,Petrol,Tn-14,Manual,Sedan,582000,Maruti,Swift Dzire,Unknown
2538,2021.0,48096,1,Petrol,Ts-10,Manual,Suv,989000,Mahindra,Xuv 3Oo,Unknown
2539,2019.0,43760,1,Diesel,Hr-36,Manual,Suv,802000,Ford,Ecosport,Unknown
2540,2019.0,20606,2,Petrol,Ka-51,Manual,Hatchback,564000,Hyundai,Grand I10,Unknown
2541,2015.0,97286,1,Petrol,Up-16,Manual,Hatchback,405000,Maruti,Swift,Unknown
2542,2012.0,43507,1,Petrol,Tn-09,Manual,Hatchback,225000,Hyundai,Eon,Unknown
2543,2017.0,60136,1,Petrol,Ka-01,Manual,Hatchback,692000,Hyundai,Elite I20,Unknown
2544,2012.0,55894,2,Petrol,Br-01,Manual,Hatchback,222000,Toyota,Etios Liva,Unknown
2545,2018.0,34935,1,Petrol,Tn-73,Manual,Sedan,708000,Maruti,Ciaz,Unknown
2546,2011.0,91841,1,Petrol,Tn-87,Manual,Sedan,772000,Maruti,Swift Dzire,Unknown
2547,2017.0,17127,1,Petrol,Up-14,Manual,Hatchback,529000,Hyundai,Elite I20,Unknown
2548,2018.0,42024,1,Petrol,Gj-01,Manual,Suv,571000,Ford,Freestyle,Unknown
2549,2018.0,28048,1,Petrol,Gj-01,Manual,Sedan,820000,Maruti,Ciaz,Unknown
2550,2021.0,10444,1,Petrol,Wb-06,Manual,Hatchback,781000,Hyundai,New I20,Unknown
2551,2017.0,58216,1,Petrol,Tn-07,Manual,Suv,668000,Honda,Wr-V,Unknown
2552,2018.0,46688,1,Petrol,Pb-06,Manual,Sedan,672000,Hyundai,Verna,Unknown
2553,2018.0,34217,1,Diesel,Mh-20,Manual,Hatchback,616000,Tata,Tiago,Unknown
2554,2014.0,55842,2,Petrol,Wb-08,Manual,Hatchback,361000,Hyundai,Grand I10,Unknown
2555,2018.0,25869,3,Petrol,Mh-03,Automatic,Hatchback,402000,Tata,Tiago,Unknown
2556,2013.0,76606,1,Petrol,Up-14,Manual,Hatchback,335000,Maruti,Swift,Unknown
2557,2017.0,25467,1,Petrol,Mh-04,Manual,Hatchback,586000,Hyundai,I20 Active,Unknown
2558,2017.0,17427,1,Petrol,Dl-4C,Manual,Hatchback,483000,Hyundai,Grand I10,Unknown
2559,2017.0,39175,1,Petrol,Mh-02,Manual,Hatchback,616000,Maruti,Baleno,Unknown
2560,2017.0,60372,1,Petrol,Mh-46,Manual,Hatchback,567000,Hyundai,Elite I20,Unknown
2561,2015.0,31093,1,Diesel,Ka-05,Automatic,Sedan,717000,Maruti,Ciaz,Unknown
2562,2020.0,13074,1,Petrol,Kl-01,Manual,Hatchback,815000,Maruti,Baleno,Unknown
2563,2014.0,117617,1,Cng,Mh-01,Manual,Hatchback,321000,Maruti,Celerio,Unknown
2564,2018.0,26502,2,Petrol,Ka-04,Manual,Sedan,805000,Honda,Amaze,Unknown
2565,2015.0,43948,1,Petrol,Mh-14,Manual,Hatchback,504200,Hyundai,Elite I20,Unknown
2566,2015.0,19508,2,Petrol,Mh-05,Manual,Hatchback,275000,Hyundai,Eon,Unknown
2567,2021.0,3005,1,Petrol,Up-32,Automatic,Suv,1098000,Toyota,Urban Cruiser,Unknown
2568,2017.0,35228,2,Petrol,Hr-51,Manual,Hatchback,496000,Honda,Jazz,Unknown
2569,2020.0,21540,1,Petrol,Mh-12,Manual,Suv,1026000,Maruti,S Cross,Unknown
2570,2014.0,70330,2,Diesel,Mh-02,Manual,Sedan,404000,Honda,City,Unknown
2571,2014.0,67081,2,Petrol,Gj-01,Manual,Hatchback,390000,Maruti,Swift,Unknown
2572,2015.0,17140,1,Petrol,Mh-12,Manual,Hatchback,439000,Maruti,Celerio,Unknown
2573,2022.0,6951,1,Petrol,Tn-06,Manual,Hatchback,875000,Maruti,Baleno,Unknown
2574,2021.0,52604,1,Cng,Up-32,Manual,Hatchback,435000,Maruti,Alto,Unknown
2575,2012.0,52633,1,Petrol,Mh-05,Manual,Hatchback,265000,Maruti,Wagon R 1.0,Unknown
2576,2013.0,24632,1,Petrol,Ts-08,Manual,Sedan,697000,Skoda,Rapid,Unknown
2577,2019.0,16068,2,Petrol,Ka-05,Manual,Hatchback,509000,Maruti,Celerio,Unknown
2578,2016.0,89634,1,Petrol,Hr-82,Manual,Hatchback,292000,Maruti,Alto 800,Unknown
2579,2018.0,94375,2,Petrol,Gj-01,Manual,Sedan,590000,Skoda,Rapid,Unknown
2580,2010.0,41235,3,Petrol,Mh-02,Manual,Hatchback,207000,Hyundai,I20,Unknown
2581,2013.0,85326,2,Diesel,Ap-09,Manual,Hatchback,416000,Maruti,Swift,Unknown
2582,2020.0,80772,1,Petrol,Up-14,Manual,Sedan,617000,Volkswagen,Vento,Unknown
2583,2018.0,65083,1,Petrol,Ts-07,Manual,Hatchback,288000,Maruti,Alto 800,Unknown
2584,2017.0,39051,1,Petrol,Dl-1C,Automatic,Sedan,912000,Maruti,Dzire,Unknown
2585,2014.0,42866,2,Petrol,Wb-08,Manual,Hatchback,371000,Hyundai,Grand I10,Unknown
2586,2019.0,26416,2,Petrol,Ts-07,Automatic,Hatchback,845000,Hyundai,Elite I20,Unknown
2587,2016.0,92864,1,Diesel,Gj-18,Manual,Sedan,525000,Maruti,Swift Dzire,Unknown
2588,2019.0,56187,1,Petrol,Hr-26,Manual,Hatchback,537000,Maruti,Swift,Unknown
2589,2022.0,55313,2,Petrol,Dl-10,Automatic,Sedan,873000,Maruti,Dzire,Unknown
2590,2018.0,21558,2,Petrol,Tn-14,Manual,Hatchback,510000,Hyundai,Grand I10,Unknown
2591,2018.0,42864,1,Petrol,Hr-26,Manual,Lux_Suv,1485000,Hyundai,Tucson New,Unknown
2592,2017.0,116844,1,Petrol,Unknown,Automatic,Suv,883000,Hyundai,Creta,Unknown
2593,2021.0,37842,1,Petrol,Ts-12,Automatic,Sedan,1360000,Hyundai,Verna,Unknown
2594,2020.0,49931,1,Petrol,Rj-10,Manual,Sedan,611000,Hyundai,Aura,Unknown
2595,2016.0,62577,1,Petrol,Up-16,Manual,Sedan,736000,Volkswagen,Jetta,Unknown
2596,2020.0,9739,1,Petrol,Dl-8C,Manual,Hatchback,507000,Maruti,New Wagon-R,Unknown
2597,2014.0,50109,1,Petrol,Ka-01,Manual,Hatchback,572000,Maruti,Swift,Unknown
2598,2021.0,30423,2,Petrol,Ts-34,Manual,Hatchback,836000,Renault,Kiger,Unknown
2599,2014.0,60391,2,Petrol,Dl-3C,Automatic,Sedan,389000,Maruti,Swift Dzire,Unknown
2600,2014.0,63385,1,Petrol,Rj-18,Manual,Sedan,502000,Maruti,Swift Dzire,Unknown
2601,2017.0,51536,1,Petrol,Mh-48,Automatic,Hatchback,653000,Maruti,Baleno,Unknown
2602,2015.0,71332,1,Petrol,Ka-04,Manual,Hatchback,533000,Hyundai,Elite I20,Unknown
2603,2014.0,47092,2,Petrol,Ka-03,Manual,Hatchback,525000,Hyundai,I20,Unknown
2604,2018.0,84419,1,Petrol,Rj-21,Automatic,Hatchback,452000,Maruti,Celerio X,Unknown
2605,2018.0,100624,1,Petrol,Unknown,Manual,Hatchback,505000,Hyundai,Grand I10,Unknown
2606,2019.0,26671,1,Petrol,Ka-42,Automatic,Sedan,1027000,Maruti,Dzire,Unknown
2607,2021.0,26508,1,Petrol,Gj-06,Manual,Suv,814000,Hyundai,Venue,Unknown
2608,2018.0,77588,1,Petrol,Hr-36,Manual,Hatchback,436000,Maruti,Ignis,Unknown
2609,2011.0,71209,1,Cng,Dl-9C,Manual,Hatchback,216000,Maruti,Wagon R 1.0,Unknown
2610,2016.0,75049,1,Petrol,Br-31,Manual,Hatchback,344000,Maruti,Wagon R 1.0,Unknown
2611,2010.0,86997,1,Diesel,Ka-05,Manual,Hatchback,329000,Maruti,Ritz,Unknown
2612,2019.0,47296,1,Petrol,Ka-01,Manual,Hatchback,710000,Maruti,Swift,Unknown
2613,2019.0,87576,1,Diesel,Hr-87,Automatic,Suv,754000,Maruti,Vitara Brezza,Unknown
2614,2010.0,29255,1,Petrol,Dl-5C,Manual,Hatchback,181000,Maruti,Alto K10,Unknown
2615,2011.0,15985,1,Petrol,Dl-8C,Manual,Hatchback,196000,Maruti,Alto K10,Unknown
2616,2015.0,66578,2,Petrol,Mh-42,Manual,Hatchback,348000,Hyundai,I10,Unknown
2617,2016.0,92135,2,Petrol,Tn-86,Manual,Hatchback,545000,Hyundai,Elite I20,Unknown
2618,2018.0,24008,1,Petrol,Mh-12,Manual,Sedan,798000,Maruti,Dzire,Unknown
2619,2016.0,23687,1,Petrol,Gj-05,Manual,Sedan,822000,Maruti,Swift Dzire,Unknown
2620,2015.0,112978,1,Diesel,Ka-05,Manual,Hatchback,593000,Hyundai,Elite I20,Unknown
2621,2017.0,65109,1,Petrol,Gj-05,Manual,Sedan,536000,Hyundai,Xcent,Unknown
2622,2018.0,72590,1,Petrol,Gj-01,Automatic,Hatchback,457000,Maruti,Wagon R 1.0,Unknown
2623,2021.0,24218,1,Petrol,Rj-23,Automatic,Suv,1049000,Tata,Nexon,Unknown
2624,2018.0,98769,1,Petrol,Mh-12,Manual,Sedan,409000,Hyundai,Verna,Unknown
2625,2020.0,24520,1,Petrol,Mh-01,Automatic,Sedan,1728000,Maruti,Dzire,Unknown
2626,2016.0,60745,1,Petrol,Ka-02,Manual,Hatchback,581000,Hyundai,Elite I20,Unknown
2627,2018.0,38419,1,Petrol,Wb-10,Manual,Hatchback,275000,Hyundai,Eon,Unknown
2628,2018.0,95966,1,Petrol,Mh-20,Manual,Hatchback,458000,Tata,Tiago,Unknown
2629,2015.0,125152,2,Diesel,Tn-86,Manual,Sedan,601000,Volkswagen,Vento,Unknown
2630,2016.0,5392,1,Petrol,Gj-05,Manual,Hatchback,536000,Maruti,Baleno,Unknown
2631,2013.0,42634,1,Petrol,Br-01,Manual,Hatchback,245000,Honda,Brio,Unknown
2632,2020.0,18705,2,Petrol,Ka-05,Manual,Hatchback,612000,Ford,New Figo,Unknown
2633,2014.0,52520,2,Diesel,Pb-10,Manual,Suv,504000,Maruti,Ertiga,Unknown
2634,2014.0,110457,2,Diesel,Tn-01,Manual,Sedan,460000,Volkswagen,Vento,Unknown
2635,2021.0,32288,1,Cng,Up-65,Manual,Hatchback,647000,Hyundai,Grand I10 Nios,Unknown
2636,2013.0,69948,1,Cng,Mh-04,Manual,Hatchback,310000,Maruti,Wagon R 1.0,Unknown
2637,2019.0,68082,2,Petrol,Tn-11,Manual,Hatchback,606000,Maruti,Swift,Unknown
2638,2019.0,34785,1,Petrol,Tn-40,Manual,Hatchback,559000,Maruti,Swift,Unknown
2639,2016.0,12527,1,Petrol,Dl-3C,Manual,Hatchback,461000,Maruti,Swift,Unknown
2640,2019.0,99127,1,Cng,Dl-12,Manual,Sedan,467000,Maruti,Dzire,Unknown
2641,2019.0,18254,2,Petrol,Tn-59,Manual,Hatchback,449000,Datsun,Go Plus,Unknown
2642,2016.0,76459,1,Petrol,Mh-14,Manual,Hatchback,418000,Maruti,Wagon R 1.0,Unknown
2643,2019.0,67441,1,Diesel,Hr-81,Manual,Sedan,616000,Maruti,Swift Dzire,Unknown
2644,2022.0,29196,1,Petrol,Ts-04,Manual,Suv,948000,Tata,Nexon,Unknown
2645,2019.0,21284,1,Petrol,Gj-06,Manual,Hatchback,566000,Hyundai,Grand I10,Unknown
2646,2015.0,96896,1,Petrol,Ka-02,Automatic,Hatchback,577000,Honda,Jazz,Unknown
2647,2017.0,47598,1,Diesel,Mh-08,Automatic,Lux_Sedan,1505000,Hyundai,New Elantra,Unknown
2648,2019.0,54264,1,Diesel,Up-32,Manual,Suv,801000,Maruti,Vitara Brezza,Unknown
2649,2011.0,47797,1,Petrol,Dl-8C,Manual,Hatchback,213000,Maruti,Swift,Unknown
2650,2014.0,3812,1,Petrol,Tn-10,Manual,Sedan,727000,Honda,City,Unknown
2651,2016.0,21598,1,Petrol,Gj-05,Automatic,Hatchback,617000,Honda,Jazz,Unknown
2652,2019.0,15144,1,Petrol,Hr-30,Manual,Hatchback,338000,Maruti,Alto 800,Unknown
2653,2014.0,83271,1,Diesel,Ka-51,Manual,Hatchback,346000,Renault,Pulse,Unknown
2654,2016.0,37586,2,Petrol,Mh-03,Manual,Hatchback,289000,Hyundai,Eon,Unknown
2655,2014.0,70060,1,Petrol,Mh-43,Manual,Hatchback,209000,Maruti,Alto K10,Unknown
2656,2022.0,31445,1,Petrol,Tn-02,Manual,Sedan,911000,Maruti,Ciaz,Unknown
2657,2021.0,23628,1,Petrol,Ka-09,Automatic,Hatchback,525000,Renault,Kwid,Unknown
2658,2019.0,25411,1,Petrol,Hr-26,Manual,Hatchback,445000,Hyundai,New Santro,Unknown
2659,2019.0,89757,1,Petrol,Tn-19,Manual,Sedan,723000,Honda,City,Unknown
2660,2019.0,43012,1,Petrol,Gj-27,Manual,Hatchback,580000,Maruti,Swift,Unknown
2661,2021.0,17959,1,Petrol,Tn-01,Manual,Sedan,917000,Ford,Figo Aspire,Unknown
2662,2019.0,92170,1,Petrol,Dl-3C,Manual,Sedan,527000,Honda,Amaze,Unknown
2663,2018.0,51809,2,Petrol,Dl-5C,Manual,Sedan,525000,Honda,Amaze,Unknown
2664,2018.0,39573,1,Petrol,Gj-18,Automatic,Sedan,1203000,Volkswagen,Ameo,Unknown
2665,2020.0,19253,1,Petrol,Kl-21,Manual,Hatchback,405000,Renault,Kwid,Unknown
2666,2019.0,86031,1,Diesel,Ts-08,Manual,Sedan,755000,Honda,City,Unknown
2667,2019.0,86433,1,Petrol,Up-14,Automatic,Suv,871000,Hyundai,Venue,Unknown
2668,2018.0,57960,1,Petrol,Gj-09,Manual,Sedan,577000,Toyota,Yaris,Unknown
2669,2016.0,60318,2,Petrol,Ka-50,Manual,Sedan,609350,Maruti,Ciaz,Unknown
2670,2015.0,79097,1,Petrol,Kl-07,Manual,Hatchback,224000,Hyundai,Eon,Unknown
2671,2012.0,51068,1,Lpg,Ap-11,Manual,Hatchback,317000,Hyundai,I10,Unknown
2672,2018.0,35687,2,Petrol,Kl-38,Automatic,Sedan,535000,Tata,Tigor,Unknown
2673,2017.0,37554,1,Petrol,Tn-11,Automatic,Hatchback,473000,Maruti,Wagon R 1.0,Unknown
2674,2022.0,19760,1,Diesel,Gj-01,Automatic,Suv,1874000,Tata,Safari,Unknown
2675,2016.0,100486,1,Petrol,Unknown,Manual,Hatchback,438000,Maruti,Baleno,Unknown
2676,2021.0,26440,1,Cng,Pb-70,Manual,Hatchback,570000,Maruti,New Wagon-R,Unknown
2677,2016.0,23352,1,Petrol,Up-78,Manual,Hatchback,514000,Maruti,Baleno,Unknown
2678,2021.0,37121,1,Petrol,Ts-08,Manual,Hatchback,798000,Renault,Kiger,Unknown
2679,2017.0,91069,1,Petrol,Mh-12,Automatic,Hatchback,445000,Tata,Tiago,Unknown
2680,2013.0,106752,2,Cng,Mh-48,Manual,Suv,564000,Maruti,Ertiga,Unknown
2681,2018.0,66349,1,Petrol,Dl-1C,Automatic,Lux_Sedan,1289000,Toyota,Corolla Altis,Unknown
2682,2016.0,49677,1,Petrol,Ka-03,Manual,Hatchback,493000,Tata,Tiago,Unknown
2683,2018.0,18367,2,Petrol,Tn-04,Manual,Hatchback,347000,Maruti,Alto K10,Unknown
2684,2018.0,104655,1,Petrol,Unknown,Manual,Sedan,482000,Toyota,Yaris,Unknown
2685,2017.0,41912,1,Petrol,Gj-05,Automatic,Sedan,892000,Maruti,Ciaz,Unknown
2686,2016.0,85577,3,Petrol,Ka-19,Automatic,Hatchback,382000,Maruti,Wagon R 1.0,Unknown
2687,2021.0,18496,1,Petrol,Ts-07,Automatic,Suv,1760000,Hyundai,Creta,Unknown
2688,2011.0,73354,2,Petrol,Ka-04,Manual,Hatchback,292000,Hyundai,I10,Unknown
2689,2017.0,46027,2,Petrol,Dl-9C,Manual,Sedan,598000,Maruti,Dzire,Unknown
2690,2020.0,8683,1,Petrol,Mh-12,Manual,Hatchback,698000,Hyundai,Grand I10 Nios,Unknown
2691,2017.0,59323,1,Petrol,Up-32,Manual,Hatchback,294250,Maruti,Alto K10,Unknown
2692,2019.0,12355,2,Petrol,Ka-04,Manual,Suv,822000,Honda,Wr-V,Unknown
2693,2017.0,101863,3,Petrol,Unknown,Manual,Hatchback,648000,Maruti,Baleno,Unknown
2694,2017.0,53003,1,Cng,Mh-47,Manual,Hatchback,441000,Maruti,Celerio,Unknown
2695,2016.0,87335,1,Petrol,Ts-08,Manual,Sedan,653000,Honda,City,Unknown
2696,2015.0,75688,1,Cng,Dl-8C,Manual,Hatchback,312000,Maruti,Wagon R 1.0,Unknown
2697,2018.0,100047,1,Diesel,Ka-51,Manual,Sedan,525000,Maruti,Dzire,Unknown
2698,2018.0,121406,1,Diesel,Gj-01,Manual,Suv,1025000,Hyundai,Creta,Unknown
2699,2017.0,67633,1,Petrol,Ka-20,Manual,Hatchback,692000,Honda,Jazz,Unknown
2700,2014.0,64108,2,Petrol,Ka-51,Manual,Hatchback,391000,Maruti,Celerio,Unknown
2701,2018.0,22251,1,Petrol,Ts-07,Manual,Sedan,755000,Toyota,Yaris,Unknown
2702,2016.0,42093,1,Petrol,Mh-01,Manual,Sedan,798000,Honda,City,Unknown
2703,2019.0,33666,1,Petrol,Gj-05,Manual,Sedan,719000,Honda,City,Unknown
2704,2019.0,61195,2,Petrol,Up-14,Manual,Hatchback,550000,Maruti,Baleno,Unknown
2705,2017.0,32243,2,Petrol,Wb-08,Manual,Hatchback,497000,Hyundai,Elite I20,Unknown
2706,2019.0,61935,1,Cng,Hr-51,Manual,Hatchback,387000,Maruti,Alto K10,Unknown
2707,2019.0,24147,1,Petrol,Wb-06,Manual,Hatchback,482000,Maruti,New Wagon-R,Unknown
2708,2019.0,85836,1,Diesel,Dl-12,Manual,Suv,837000,Mahindra,Xuv 3Oo,Unknown
2709,2010.0,86709,1,Petrol,Up-14,Manual,Hatchback,142000,Maruti,Ritz,Unknown
2710,2015.0,60607,1,Petrol,Wb-02,Manual,Hatchback,337000,Hyundai,Grand I10,Unknown
2711,2011.0,58834,1,Petrol,Mh-12,Manual,Hatchback,292000,Hyundai,I10,Unknown
2712,2018.0,85867,1,Diesel,Ka-32,Manual,Suv,572000,Ford,Freestyle,Unknown
2713,2014.0,71318,1,Petrol,Ka-05,Manual,Hatchback,475000,Maruti,Swift,Unknown
2714,2017.0,44269,1,Petrol,Mh-02,Manual,Hatchback,592000,Hyundai,Elite I20,Unknown
2715,2017.0,17035,2,Petrol,Ts-09,Manual,Hatchback,354000,Maruti,Alto 800,Unknown
2716,2018.0,46534,1,Petrol,Ka-04,Automatic,Hatchback,501000,Maruti,Celerio,Unknown
2717,2022.0,21656,1,Cng,Mh-16,Manual,Hatchback,640200,Maruti,New Wagon-R,Unknown
2718,2018.0,48089,3,Petrol,Rj-45,Manual,Suv,615000,Honda,Wr-V,Unknown
2719,2018.0,76611,1,Petrol,Gj-10,Automatic,Sedan,689000,Maruti,Dzire,Unknown
2720,2019.0,67570,1,Petrol,Mh-49,Manual,Hatchback,333000,Renault,Kwid,Unknown
2721,2022.0,18977,1,Petrol,Ts-11,Manual,Hatchback,578000,Maruti,Celerio,Unknown
2722,2022.0,3781,1,Petrol,Hr-01,Manual,Hatchback,459000,Maruti,S Presso,Unknown
2723,2016.0,90102,1,Diesel,Ap-09,Manual,Sedan,553000,Hyundai,Verna,Unknown
2724,2015.0,89218,1,Petrol,Ts-11,Manual,Hatchback,379000,Maruti,Wagon R 1.0,Unknown
2725,2015.0,45212,1,Petrol,Mh-03,Manual,Suv,855000,Hyundai,Creta,Unknown
2726,2014.0,73371,1,Petrol,Dl-1C,Manual,Hatchback,296000,Maruti,Wagon R 1.0,Unknown
2727,2014.0,52676,2,Petrol,Ka-04,Automatic,Hatchback,480000,Hyundai,Grand I10,Unknown
2728,2018.0,38017,1,Petrol,Up-32,Manual,Hatchback,419000,Tata,Tiago,Unknown
2729,2017.0,38444,2,Petrol,Mh-04,Automatic,Hatchback,529000,Hyundai,Grand I10,Unknown
2730,2015.0,73299,2,Cng,Mh-05,Manual,Suv,721000,Maruti,Ertiga,Unknown
2731,2018.0,70690,1,Diesel,Ka-09,Automatic,Hatchback,745000,Maruti,Swift,Unknown
2732,2021.0,10723,1,Petrol,Up-63,Manual,Hatchback,603000,Maruti,Celerio,Unknown
2733,2011.0,63086,1,Diesel,Ka-04,Manual,Hatchback,405000,Maruti,Swift,Unknown
2734,2021.0,44203,1,Cng,Dl-3C,Manual,Hatchback,590000,Maruti,New Wagon-R,Unknown
2735,2015.0,99625,1,Cng,Gj-03,Manual,Sedan,681000,Hyundai,Xcent,Unknown
2736,2019.0,18809,1,Petrol,Mh-40,Manual,Hatchback,650000,Maruti,Baleno,Unknown
2737,2021.0,24021,1,Petrol,Ts-11,Manual,Hatchback,477000,Datsun,Redi Go,Unknown
2738,2017.0,41720,1,Petrol,Dl-2C,Automatic,Hatchback,551000,Maruti,Ignis,Unknown
2739,2015.0,38892,1,Petrol,Rj-01,Manual,Hatchback,372000,Maruti,Wagon R 1.0,Unknown
2740,2021.0,16318,1,Petrol,Tn-11,Manual,Suv,1020000,Tata,Nexon,Unknown
2741,2014.0,17960,2,Petrol,Tn-31,Automatic,Sedan,673000,Honda,Amaze,Unknown
2742,2013.0,95381,1,Cng,Mh-02,Manual,Hatchback,267000,Maruti,Wagon R 1.0,Unknown
2743,2013.0,92529,1,Petrol,Ka-19,Manual,Hatchback,436000,Maruti,Swift,Unknown
2744,2022.0,8751,2,Diesel,Tn-10,Manual,Suv,1204000,Mahindra,Xuv 3Oo,Unknown
2745,2018.0,12424,1,Petrol,Gj-27,Manual,Hatchback,329000,Datsun,Go Plus,Unknown
2746,2018.0,43348,1,Petrol,Wb-06,Manual,Hatchback,549000,Maruti,Swift,Unknown
2747,2017.0,117881,1,Diesel,Up-78,Automatic,Sedan,473000,Volkswagen,Ameo,Unknown
2748,2016.0,73208,1,Petrol,Ts-07,Automatic,Suv,1011000,Hyundai,Creta,Unknown
2749,2018.0,53605,1,Petrol,Ka-01,Manual,Hatchback,489650,Hyundai,New Santro,Unknown
2750,2017.0,46910,1,Diesel,Gj-05,Manual,Suv,748000,Honda,Wr-V,Unknown
2751,2013.0,81689,3,Petrol,Dl-10,Manual,Sedan,234000,Toyota,Etios,Unknown
2752,2017.0,45938,2,Petrol,Ka-03,Manual,Hatchback,597000,Honda,Jazz,Unknown
2753,2021.0,52703,1,Cng,Hr-30,Manual,Hatchback,526000,Maruti,Celerio,Unknown
2754,2017.0,21221,1,Petrol,Gj-01,Automatic,Hatchback,524000,Maruti,Ignis,Unknown
2755,2012.0,48766,1,Cng,Mh-46,Manual,Hatchback,301000,Maruti,Wagon R 1.0,Unknown
2756,2011.0,80496,1,Petrol,Mh-04,Manual,Hatchback,305000,Hyundai,I20,Unknown
2757,2016.0,60497,1,Petrol,Tn-99,Manual,Hatchback,307000,Maruti,Alto 800,Unknown
2758,2017.0,83663,1,Petrol,Mh-47,Automatic,Hatchback,472650,Hyundai,Grand I10,Unknown
2759,2021.0,17552,2,Petrol,Br-01,Manual,Sedan,767000,Maruti,Dzire,Unknown
2760,2013.0,60757,2,Diesel,Br-01,Manual,Sedan,212000,Honda,City,Unknown
2761,2019.0,49294,2,Petrol,Mh-48,Automatic,Hatchback,563000,Maruti,Swift,Unknown
2762,2017.0,41032,1,Petrol,Dl-8C,Manual,Sedan,796000,Maruti,Dzire,Unknown
2763,2019.0,29511,1,Petrol,Ka-07,Manual,Hatchback,672000,Hyundai,Elite I20,Unknown
2764,2012.0,46032,1,Petrol,Mh-12,Manual,Hatchback,305000,Maruti,Wagon R 1.0,Unknown
2765,2021.0,32520,1,Petrol,Up-32,Manual,Sedan,763000,Maruti,Dzire,Unknown
2766,2020.0,14094,1,Petrol,Gj-03,Manual,Hatchback,463000,Maruti,S Presso,Unknown
2767,2013.0,107347,1,Petrol,Unknown,Manual,Hatchback,221000,Hyundai,Eon,Unknown
2768,2017.0,33434,1,Petrol,Mh-12,Automatic,Sedan,739000,Skoda,Rapid,Unknown
2769,2019.0,15918,1,Petrol,Dl-14,Manual,Hatchback,328000,Maruti,Alto 800,Unknown
2770,2018.0,56733,1,Cng,Mh-03,Manual,Hatchback,429000,Maruti,Wagon R 1.0,Unknown
2771,2021.0,11027,1,Petrol,Br-01,Automatic,Sedan,835000,Tata,Tigor,Unknown
2772,2022.0,33567,1,Petrol,Pb-10,Manual,Hatchback,739000,Hyundai,New I20,Unknown
2773,2015.0,47618,1,Petrol,Ts-13,Manual,Hatchback,423000,Volkswagen,Polo,Unknown
2774,2013.0,74181,1,Petrol,Mh-02,Manual,Hatchback,303000,Hyundai,I10,Unknown
2775,2019.0,111198,1,Diesel,Tn-14,Manual,Suv,822000,Mahindra,Tuv300,Unknown
2776,2018.0,37160,1,Petrol,Dl-4C,Manual,Suv,625000,Honda,Wr-V,Unknown
2777,2017.0,27468,1,Petrol,Hr-26,Manual,Hatchback,470000,Maruti,Swift,Unknown
2778,2018.0,90496,2,Petrol,Mh-11,Manual,Hatchback,320000,Hyundai,Eon,Unknown
2779,2018.0,72274,1,Diesel,Ka-50,Manual,Sedan,706000,Maruti,Dzire,Unknown
2780,2017.0,66853,1,Diesel,Tn-01,Manual,Hatchback,604000,Maruti,Baleno,Unknown
2781,2018.0,23563,1,Petrol,Mh-01,Manual,Hatchback,350000,Maruti,Alto 800,Unknown
2782,2017.0,104113,2,Petrol,Unknown,Manual,Sedan,358000,Tata,Zest,Unknown
2783,2019.0,44489,1,Petrol,Tn-34,Manual,Hatchback,663000,Maruti,Baleno,Unknown
2784,2019.0,27652,2,Petrol,Tn-05,Manual,Sedan,724000,Toyota,Yaris,Unknown
2785,2014.0,61741,1,Petrol,Mh-02,Automatic,Lux_Suv,922000,Honda,Crv,Unknown
2786,2019.0,86434,1,Petrol,Gj-01,Manual,Suv,449000,Maruti,Eeco,Unknown
2787,2021.0,39615,1,Cng,Gj-16,Manual,Hatchback,709000,Hyundai,Grand I10 Nios,Unknown
2788,2019.0,16856,1,Petrol,Mp-09,Manual,Hatchback,673000,Maruti,Baleno,Unknown
2789,2017.0,77579,1,Cng,Mh-03,Manual,Hatchback,402000,Maruti,Wagon R 1.0,Unknown
2790,2013.0,47583,1,Petrol,Wb-02,Manual,Hatchback,196000,Maruti,Alto 800,Unknown
2791,2020.0,25437,1,Petrol,Mh-14,Automatic,Sedan,1262000,Honda,City,Unknown
2792,2020.0,68754,1,Diesel,Mh-12,Manual,Suv,942000,Ford,Ecosport,Unknown
2793,2016.0,21825,1,Petrol,Wb-02,Manual,Hatchback,479000,Maruti,Baleno,Unknown
2794,2018.0,19244,1,Petrol,Dl-8C,Automatic,Hatchback,650000,Maruti,Baleno,Unknown
2795,2019.0,61148,1,Petrol,Gj-01,Automatic,Sedan,1052000,Honda,City,Unknown
2796,2018.0,55412,1,Petrol,Up-32,Automatic,Hatchback,720000,Honda,Jazz,Unknown
2797,2020.0,52055,1,Petrol,Pb-10,Manual,Suv,877000,Maruti,Vitara Brezza,Unknown
2798,2019.0,22758,1,Petrol,Dl-3C,Manual,Sedan,362000,Honda,City,Unknown
2799,2022.0,17658,1,Petrol,Tn-73,Manual,Sedan,1211000,Skoda,Slavia,Unknown
2800,2021.0,29261,1,Diesel,Ts-11,Automatic,Suv,1965000,Hyundai,Alcazar,Unknown
2801,2019.0,37093,1,Petrol,Dl-8C,Manual,Hatchback,568000,Maruti,Ignis,Unknown
2802,2018.0,36816,1,Petrol,Ka-03,Manual,Sedan,800000,Honda,City,Unknown
2803,2021.0,11850,1,Petrol,Mh-49,Manual,Suv,832000,Hyundai,Venue,Unknown
2804,2018.0,14434,1,Petrol,Ka-04,Automatic,Hatchback,768000,Hyundai,Elite I20,Unknown
2805,2015.0,23093,1,Petrol,Wb-06,Manual,Hatchback,310000,Maruti,Wagon R 1.0,Unknown
2806,2018.0,56112,1,Petrol,Mh-04,Manual,Sedan,299000,Honda,Amaze,Unknown
2807,2017.0,29164,2,Petrol,Hr-26,Automatic,Hatchback,625000,Maruti,Baleno,Unknown
2808,2016.0,35991,1,Petrol,Mh-49,Manual,Hatchback,531000,Hyundai,Elite I20,Unknown
2809,2020.0,13864,1,Petrol,Wb-02,Manual,Hatchback,336000,Maruti,Alto,Unknown
2810,2022.0,13614,1,Petrol,Kl-48,Manual,Suv,688000,Nissan,Magnite,Unknown
2811,2022.0,79633,1,Petrol,Gj-01,Manual,Sedan,670000,Honda,Amaze,Unknown
2812,2015.0,82549,2,Petrol,Tn-01,Automatic,Hatchback,406000,Nissan,Micra,Unknown
2813,2019.0,116988,1,Diesel,Tn-12,Manual,Suv,765000,Hyundai,Venue,Unknown
2814,2010.0,42521,2,Petrol,Ka-51,Manual,Hatchback,251000,Hyundai,I10,Unknown
2815,2021.0,11244,1,Petrol,Up-13,Automatic,Hatchback,792000,Renault,Kiger,Unknown
2816,2018.0,29165,1,Petrol,Mh-04,Manual,Hatchback,412000,Tata,Tiago,Unknown
2817,2018.0,121514,1,Petrol,Unknown,Manual,Sedan,346000,Honda,Amaze,Unknown
2818,2014.0,19842,1,Petrol,Wb-08,Manual,Hatchback,361000,Hyundai,I20,Unknown
2819,2017.0,54120,2,Diesel,Gj-16,Manual,Suv,546000,Ford,Ecosport,Unknown
2820,2018.0,59230,1,Petrol,Mh-14,Manual,Lux_Sedan,923000,Hyundai,New Elantra,Unknown
2821,2018.0,75764,2,Petrol,Ka-01,Automatic,Hatchback,649000,Maruti,Baleno,Unknown
2822,2016.0,90889,3,Petrol,Ka-50,Automatic,Hatchback,505000,Honda,Jazz,Unknown
2823,2015.0,84617,2,Diesel,Mh-40,Manual,Sedan,599000,Maruti,Ciaz,Unknown
2824,2010.0,31887,2,Petrol,Mh-01,Manual,Hatchback,238000,Hyundai,I10,Unknown
2825,2018.0,22865,1,Petrol,Tn-59,Automatic,Hatchback,424000,Renault,Kwid,Unknown
2826,2020.0,25268,1,Petrol,Mp-04,Manual,Hatchback,433000,Maruti,Celerio,Unknown
2827,2010.0,62932,1,Petrol,Ka-03,Manual,Hatchback,288000,Hyundai,I10,Unknown
2828,2020.0,30420,1,Petrol,Ka-41,Automatic,Suv,1697000,Hyundai,Creta,Unknown
2829,2018.0,122827,1,Diesel,Hr-26,Manual,Suv,637000,Maruti,S Cross,Unknown
2830,2019.0,2619,1,Petrol,Wb-02,Manual,Hatchback,298000,Maruti,Alto 800,Unknown
2831,2021.0,16168,2,Petrol,Dl-9C,Automatic,Suv,1091000,Hyundai,Venue,Unknown
2832,2017.0,86324,1,Diesel,Tn-13,Manual,Hatchback,668000,Hyundai,Elite I20,Unknown
2833,2018.0,68502,2,Diesel,Ka-01,Manual,Sedan,387000,Honda,Amaze,Unknown
2834,2013.0,87414,3,Petrol,Ka-05,Manual,Hatchback,231000,Maruti,Alto K10,Unknown
2835,2016.0,23573,1,Petrol,Dl-1C,Automatic,Hatchback,497000,Hyundai,Grand I10,Unknown
2836,2012.0,99479,1,Diesel,Mh-12,Manual,Hatchback,452000,Maruti,Swift,Unknown
2837,2020.0,18088,2,Cng,Hr-26,Manual,Hatchback,558000,Hyundai,New Santro,Unknown
2838,2017.0,43206,1,Petrol,Gj-01,Manual,Hatchback,640000,Hyundai,Elite I20,Unknown
2839,2018.0,50874,1,Petrol,Hr-26,Manual,Hatchback,559000,Maruti,Baleno,Unknown
2840,2015.0,70374,1,Petrol,Ka-19,Manual,Hatchback,444000,Hyundai,Grand I10,Unknown
2841,2016.0,35303,2,Petrol,Mh-12,Manual,Hatchback,417000,Maruti,Wagon R 1.0,Unknown
2842,2014.0,70344,1,Petrol,Up-32,Manual,Hatchback,378000,Maruti,Swift,Unknown
2843,2016.0,29413,2,Diesel,Ka-03,Manual,Suv,702000,Mahindra,Tuv300,Unknown
2844,2014.0,36474,1,Petrol,Dl-7C,Manual,Hatchback,355000,Hyundai,Grand I10,Unknown
2845,2017.0,107891,2,Petrol,Unknown,Manual,Hatchback,439000,Hyundai,Grand I10,Unknown
2846,2018.0,54223,1,Petrol,Rj-29,Manual,Hatchback,414000,Maruti,Celerio X,Unknown
2847,2011.0,86323,1,Petrol,Br-01,Manual,Hatchback,217000,Toyota,Etios Liva,Unknown
2848,2021.0,17759,1,Petrol,Ch-01,Manual,Hatchback,591000,Maruti,Celerio,Unknown
2849,2021.0,9490,1,Petrol,Dl-8C,Manual,Hatchback,469000,Renault,Kwid,Unknown
2850,2021.0,40565,1,Petrol,Br-01,Manual,Suv,917000,Hyundai,Venue,Unknown
2851,2018.0,62621,1,Petrol,Dl-6C,Manual,Sedan,566000,Maruti,Dzire,Unknown
2852,2020.0,23378,1,Petrol,Br-06,Automatic,Sedan,1058000,Honda,City,Unknown
2853,2019.0,38183,1,Petrol,Dl-5C,Manual,Hatchback,413000,Renault,Kwid,Unknown
2854,2014.0,66490,1,Petrol,Dl-10,Manual,Hatchback,294000,Hyundai,I10,Unknown
2855,2017.0,44843,1,Petrol,Ka-05,Manual,Hatchback,740000,Hyundai,Elite I20,Unknown
2856,2020.0,75084,1,Petrol,Ts-35,Manual,Hatchback,557000,Maruti,New Wagon-R,Unknown
2857,2016.0,58789,1,Petrol,Tn-12,Manual,Sedan,575000,Maruti,Swift Dzire,Unknown
2858,2018.0,98557,1,Diesel,Hr-27,Manual,Suv,591000,Maruti,Vitara Brezza,Unknown
2859,2018.0,111528,2,Cng,Mh-40,Manual,Hatchback,623000,Hyundai,Elite I20,Unknown
2860,2019.0,41599,1,Petrol,Hr-26,Manual,Hatchback,544000,Maruti,New Wagon-R,Unknown
2861,2017.0,51498,1,Petrol,Pb-10,Manual,Hatchback,314000,Maruti,Alto 800,Unknown
2862,2021.0,13473,1,Petrol,Dl-2C,Manual,Hatchback,723000,Maruti,Baleno,Unknown
2863,2019.0,25519,2,Petrol,Hr-07,Manual,Hatchback,319000,Renault,Kwid,Unknown
2864,2017.0,29591,1,Petrol,Ka-41,Manual,Hatchback,709000,Hyundai,Elite I20,Unknown
2865,2016.0,63863,1,Petrol,Up-32,Manual,Hatchback,553000,Hyundai,Elite I20,Unknown
2866,2017.0,55734,1,Petrol,Tn-12,Manual,Hatchback,477000,Hyundai,Grand I10,Unknown
2867,2018.0,40468,1,Petrol,Gj-01,Automatic,Hatchback,442000,Maruti,Wagon R 1.0,Unknown
2868,2010.0,46034,1,Petrol,Dl-4C,Manual,Lux_Sedan,269000,Toyota,Corolla Altis,Unknown
2869,2019.0,19001,1,Petrol,Wb-24,Manual,Hatchback,445000,Maruti,New Wagon-R,Unknown
2870,2016.0,93671,1,Diesel,Hr-26,Automatic,Suv,834000,Hyundai,Creta,Unknown
2871,2014.0,93441,1,Diesel,Tn-57,Manual,Sedan,565000,Honda,City,Unknown
2872,2021.0,32388,1,Petrol,Tn-85,Manual,Suv,907000,Hyundai,Venue,Unknown
2873,2021.0,73053,1,Diesel,Ts-34,Manual,Suv,991000,Tata,Nexon,Unknown
2874,2020.0,77547,1,Petrol,Pb-02,Manual,Suv,731000,Hyundai,Venue,Unknown
2875,2014.0,59025,1,Petrol,Dl-8C,Manual,Hatchback,409000,Hyundai,I20,Unknown
2876,2017.0,32301,1,Petrol,Ka-03,Manual,Suv,1086000,Hyundai,Creta,Unknown
2877,2010.0,28235,1,Petrol,Dl-9C,Manual,Hatchback,193000,Maruti,Wagon R 1.0,Unknown
2878,2015.0,11877,1,Petrol,Ka-02,Automatic,Sedan,937000,Honda,City,Unknown
2879,2012.0,99451,2,Petrol,Tn-01,Manual,Hatchback,319000,Maruti,Wagon R 1.0,Unknown
2880,2020.0,24616,1,Petrol,Ka-50,Manual,Hatchback,782000,Tata,Altroz,Unknown
2881,2018.0,83208,2,Petrol,Pb-13,Manual,Sedan,597000,Maruti,Dzire,Unknown
2882,2019.0,33615,1,Petrol,Tn-65,Manual,Hatchback,327000,Datsun,Redi Go,Unknown
2883,2014.0,51105,2,Petrol,Ka-03,Manual,Hatchback,472800,Maruti,Swift,Unknown
2884,2019.0,17513,1,Petrol,Ts-07,Manual,Sedan,974000,Honda,City,Unknown
2885,2018.0,93671,1,Diesel,Hr-72,Manual,Suv,710000,Ford,Ecosport,Unknown
2886,2014.0,54615,1,Petrol,Hr-26,Manual,Hatchback,315000,Maruti,Wagon R 1.0,Unknown
2887,2019.0,85747,1,Petrol,Gj-35,Manual,Hatchback,636000,Hyundai,Grand I10 Nios,Unknown
2888,2017.0,99536,1,Petrol,Wb-26,Manual,Hatchback,481300,Maruti,Baleno,Unknown
2889,2021.0,10663,1,Petrol,Mh-01,Manual,Hatchback,600000,Maruti,New Wagon-R,Unknown
2890,2022.0,15801,1,Petrol,Dl-12,Automatic,Hatchback,563000,Renault,Kwid,Unknown
2891,2022.0,42764,1,Cng,Hr-29,Manual,Hatchback,622000,Maruti,New Wagon-R,Unknown
2892,2018.0,76483,2,Petrol,Gj-06,Manual,Sedan,658000,Honda,City,Unknown
2893,2017.0,97675,1,Petrol,Mh-03,Automatic,Hatchback,343000,Renault,Kwid,Unknown
2894,2022.0,23403,1,Cng,Mh-12,Manual,Hatchback,711000,Maruti,New Wagon-R,Unknown
2895,2015.0,45815,1,Petrol,Mh-04,Manual,Hatchback,350000,Hyundai,I10,Unknown
2896,2019.0,42600,1,Petrol,Gj-18,Manual,Hatchback,560000,Volkswagen,Polo,Unknown
2897,2013.0,31462,2,Petrol,Mh-05,Manual,Hatchback,264000,Maruti,Wagon R 1.0,Unknown
2898,2020.0,25533,2,Petrol,Hr-29,Manual,Hatchback,553000,Maruti,Baleno,Unknown
2899,2014.0,65544,1,Petrol,Hr-51,Manual,Hatchback,419000,Maruti,Swift,Unknown
2900,2022.0,4614,1,Petrol,Tn-11,Manual,Suv,807000,Renault,Triber,Unknown
2901,2016.0,18822,2,Petrol,Mh-43,Manual,Hatchback,324000,Maruti,Alto K10,Unknown
2902,2020.0,21668,1,Petrol,Ch-01,Manual,Hatchback,362000,Hyundai,New Santro,Unknown
2903,2016.0,83384,1,Diesel,Mh-03,Manual,Sedan,398000,Maruti,Swift Dzire,Unknown
2904,2020.0,34624,1,Petrol,Ka-03,Manual,Suv,975000,Maruti,S Cross,Unknown
2905,2021.0,44641,1,Petrol,Ts-35,Manual,Suv,896000,Tata,Nexon,Unknown
2906,2019.0,7288,1,Petrol,Mh-02,Manual,Suv,870000,Ford,Ecosport,Unknown
2907,2019.0,57607,1,Cng,Gj-18,Manual,Hatchback,510000,Maruti,Celerio,Unknown
2908,2017.0,107963,1,Petrol,Unknown,Automatic,Hatchback,412000,Maruti,Celerio,Unknown
2909,2014.0,75360,2,Diesel,Ch-01,Manual,Hatchback,381000,Maruti,Swift,Unknown
2910,2014.0,35591,2,Petrol,Rj-14,Manual,Hatchback,242000,Maruti,Alto 800,Unknown
2911,2018.0,50388,2,Petrol,Mh-02,Manual,Suv,759000,Hyundai,Creta,Unknown
2912,2017.0,46783,1,Petrol,Up-14,Manual,Hatchback,471000,Hyundai,Grand I10,Unknown
2913,2017.0,77448,2,Petrol,Tn-75,Manual,Hatchback,538000,Hyundai,Elite I20,Unknown
2914,2018.0,49627,1,Diesel,Hr-03,Manual,Sedan,658000,Maruti,Dzire,Unknown
2915,2014.0,46798,2,Petrol,Ka-04,Manual,Hatchback,311000,Hyundai,Eon,Unknown
2916,2018.0,69510,1,Diesel,Ts-08,Manual,Hatchback,749000,Hyundai,Elite I20,Unknown
2917,2016.0,27993,2,Petrol,Gj-01,Manual,Hatchback,429000,Hyundai,Grand I10,Unknown
2918,2015.0,94013,1,Petrol,Ka-03,Manual,Hatchback,618000,Hyundai,Elite I20,Unknown
2919,2020.0,36392,1,Petrol,Up-16,Automatic,Sedan,1042000,Skoda,Rapid,Unknown
2920,2014.0,59440,1,Cng,Mh-02,Manual,Hatchback,393000,Maruti,Celerio,Unknown
2921,2017.0,86802,2,Diesel,Gj-12,Manual,Sedan,400000,Maruti,Dzire,Unknown
2922,2020.0,12461,1,Petrol,Dl-10,Manual,Suv,1209000,Kia,Sonet,Unknown
2923,2020.0,39269,1,Petrol,Mp-09,Manual,Hatchback,548000,Hyundai,Grand I10 Nios,Unknown
2924,2021.0,47055,1,Petrol,Ts-09,Manual,Hatchback,679000,Renault,Kiger,Unknown
2925,2019.0,12873,1,Petrol,Wb-12,Manual,Hatchback,390000,Renault,Kwid,Unknown
2926,2015.0,22985,2,Petrol,Ka-05,Manual,Hatchback,408000,Honda,Brio,Unknown
2927,2016.0,83485,1,Cng,Mh-14,Manual,Hatchback,410000,Maruti,Wagon R 1.0,Unknown
2928,2018.0,75603,1,Petrol,Dl-6C,Manual,Sedan,634000,Honda,City,Unknown
2929,2021.0,58536,1,Cng,Mh-02,Manual,Hatchback,592000,Maruti,Celerio,Unknown
2930,2014.0,34644,1,Petrol,Ka-51,Automatic,Sedan,892000,Honda,Amaze,Unknown
2931,2012.0,89503,2,Diesel,Ap-28,Manual,Hatchback,400000,Maruti,Swift,Unknown
2932,2019.0,42913,1,Petrol,Rj-41,Manual,Hatchback,425000,Hyundai,New Santro,Unknown
2933,2017.0,27168,1,Petrol,Ka-53,Manual,Hatchback,376000,Renault,Kwid,Unknown
2934,2020.0,52112,2,Petrol,Br-01,Manual,Hatchback,475000,Tata,Tiago,Unknown
2935,2014.0,47511,1,Petrol,Mh-12,Manual,Sedan,579000,Honda,City,Unknown
2936,2019.0,32692,2,Petrol,Dl-8C,Automatic,Hatchback,388000,Renault,Kwid,Unknown
2937,2019.0,23457,1,Petrol,Ts-07,Automatic,Lux_Suv,1690000,Jeep,Compass,Unknown
2938,2011.0,91984,2,Petrol,Br-01,Manual,Hatchback,245000,Maruti,Swift,Unknown
2939,2015.0,8038,2,Cng,Mh-46,Manual,Hatchback,353000,Maruti,Celerio,Unknown
2940,2018.0,44712,1,Petrol,Mh-02,Manual,Hatchback,614000,Maruti,Baleno,Unknown
2941,2014.0,43775,2,Petrol,Br-01,Manual,Hatchback,288000,Maruti,Wagon R 1.0,Unknown
2942,2016.0,47628,1,Petrol,Dl-8C,Automatic,Hatchback,505000,Maruti,Baleno,Unknown
2943,2018.0,17784,1,Petrol,Mh-48,Manual,Hatchback,340000,Maruti,Alto 800,Unknown
2944,2022.0,6267,1,Petrol,Br-01,Manual,Hatchback,448000,Maruti,S Presso,Unknown
2945,2018.0,46184,2,Petrol,Hr-16,Manual,Hatchback,574000,Hyundai,Elite I20,Unknown
2946,2019.0,23457,1,Petrol,Hr-26,Automatic,Suv,917000,Tata,Nexon,Unknown
2947,2020.0,14956,1,Petrol,Ts-07,Automatic,Hatchback,705000,Maruti,Ignis,Unknown
2948,2019.0,26026,1,Petrol,Dl-9C,Automatic,Hatchback,562000,Maruti,Celerio,Unknown
2949,2022.0,15122,1,Petrol,Hr-03,Manual,Hatchback,614000,Hyundai,Grand I10 Nios,Unknown
2950,2016.0,68584,1,Petrol,Dl-10,Manual,Hatchback,454000,Maruti,Baleno,Unknown
2951,2018.0,7500,1,Petrol,Mh-12,Manual,Hatchback,508000,Hyundai,New Santro,Unknown
2952,2016.0,26713,3,Petrol,Wb-02,Manual,Hatchback,314000,Hyundai,Grand I10,Unknown
2953,2018.0,54068,1,Petrol,Mh-01,Manual,Lux_Sedan,927000,Toyota,Corolla Altis,Unknown
2954,2021.0,28561,1,Petrol,Gj-06,Manual,Hatchback,805000,Maruti,Baleno,Unknown
2955,2013.0,77895,1,Petrol,Mh-02,Manual,Sedan,315000,Hyundai,Verna,Unknown
2956,2011.0,31584,2,Petrol,Hr-26,Manual,Hatchback,199000,Hyundai,I10,Unknown
2957,2018.0,64982,2,Petrol,Ts-07,Manual,Sedan,823000,Honda,City,Unknown
2958,2017.0,82374,1,Petrol,Dl-12,Manual,Hatchback,528000,Hyundai,Elite I20,Unknown
2959,2018.0,33851,1,Petrol,Mh-04,Manual,Sedan,411000,Maruti,Ciaz,Unknown
2960,2019.0,66211,1,Petrol,Kl-07,Manual,Sedan,401000,Maruti,Dzire,Unknown
2961,2018.0,54589,1,Petrol,Mh-47,Manual,Hatchback,422000,Maruti,Celerio,Unknown
2962,2018.0,66434,1,Diesel,Hr-36,Manual,Hatchback,654000,Maruti,Swift,Unknown
2963,2019.0,79501,1,Diesel,Ka-05,Manual,Sedan,905000,Hyundai,Verna,Unknown
2964,2020.0,40725,1,Petrol,Gj-24,Manual,Suv,862000,Maruti,Vitara Brezza,Unknown
2965,2019.0,65561,1,Cng,Mh-12,Manual,Suv,624000,Renault,Triber,Unknown
2966,2020.0,29864,3,Petrol,Tn-11,Automatic,Hatchback,512000,Maruti,Celerio,Unknown
2967,2017.0,28327,1,Petrol,Ka-53,Manual,Hatchback,541000,Hyundai,Grand I10,Unknown
2968,2014.0,62015,2,Petrol,Ap-13,Automatic,Sedan,622000,Honda,City,Unknown
2969,2022.0,2571,1,Petrol,Br-01,Manual,Suv,651000,Tata,Punch,Unknown
2970,2019.0,77171,1,Diesel,Mh-04,Manual,Sedan,648000,Skoda,Rapid,Unknown
2971,2014.0,94879,1,Diesel,Ts-07,Manual,Suv,454000,Renault,Duster,Unknown
2972,2015.0,35153,1,Petrol,Mh-01,Manual,Hatchback,333000,Maruti,Wagon R 1.0,Unknown
2973,2021.0,30247,1,Petrol,Tn-07,Manual,Sedan,1103000,Honda,City,Unknown
2974,2013.0,98142,2,Petrol,Dl-5C,Manual,Hatchback,325000,Maruti,Swift,Unknown
2975,2020.0,25115,1,Cng,Hr-76,Manual,Hatchback,423000,Maruti,Alto,Unknown
2976,2011.0,63418,1,Petrol,Rj-14,Manual,Hatchback,237000,Hyundai,I10,Unknown
2977,2017.0,32258,1,Petrol,Kl-48,Manual,Hatchback,228000,Datsun,Redi Go,Unknown
2978,2014.0,55011,1,Petrol,Up-78,Manual,Hatchback,256000,Hyundai,I10,Unknown
2979,2021.0,51558,1,Petrol,Hr-76,Manual,Hatchback,556000,Maruti,Swift,Unknown
2980,2011.0,83121,1,Petrol,Tn-22,Manual,Hatchback,294000,Hyundai,I20,Unknown
2981,2018.0,51272,1,Petrol,Pb-08,Manual,Hatchback,343000,Maruti,Alto 800,Unknown
2982,2015.0,27823,1,Petrol,Mh-04,Automatic,Hatchback,405000,Maruti,Celerio,Unknown
2983,2017.0,18369,1,Petrol,Mh-02,Manual,Hatchback,536000,Hyundai,Elite I20,Unknown
2984,2010.0,43703,1,Petrol,Dl-4C,Manual,Hatchback,188200,Hyundai,I20,Unknown
2985,2011.0,61609,2,Petrol,Ap-28,Automatic,Hatchback,328000,Hyundai,I10,Unknown
2986,2018.0,75980,1,Petrol,Mh-12,Automatic,Sedan,762000,Maruti,Ciaz,Unknown
2987,2016.0,74241,2,Diesel,Gj-27,Manual,Suv,611000,Mahindra,Tuv300,Unknown
2988,2021.0,21449,1,Petrol,Hr-26,Automatic,Sedan,1246000,Volkswagen,Vento,Unknown
2989,2018.0,68785,1,Petrol,Hr-11,Manual,Hatchback,405500,Maruti,Ignis,Unknown
2990,2018.0,11662,1,Petrol,Mh-14,Automatic,Hatchback,573000,Maruti,Ignis,Unknown
2991,2014.0,66156,2,Petrol,Mh-41,Manual,Hatchback,409000,Maruti,Swift,Unknown
2992,2017.0,44735,1,Petrol,Mh-40,Manual,Hatchback,376000,Honda,Brio,Unknown
2993,2020.0,29728,2,Petrol,Kl-46,Manual,Hatchback,614000,Tata,Altroz,Unknown
2994,2014.0,40408,1,Petrol,Ka-03,Manual,Hatchback,468000,Maruti,Swift,Unknown
2995,2017.0,110339,1,Petrol,Unknown,Manual,Suv,580000,Honda,Wr-V,Unknown
2996,2016.0,72027,1,Petrol,Br-02,Manual,Hatchback,271000,Hyundai,Eon,Unknown
2997,2014.0,44992,1,Petrol,Up-14,Manual,Hatchback,372000,Maruti,Swift,Unknown
2998,2016.0,41747,1,Petrol,Br-01,Manual,Hatchback,382000,Maruti,Wagon R 1.0,Unknown
2999,2017.0,37678,1,Petrol,Tn-14,Automatic,Hatchback,670000,Maruti,Baleno,Unknown
3000,2017.0,15523,2,Petrol,Ka-04,Manual,Hatchback,582000,Hyundai,Grand I10,Unknown
3001,2017.0,79564,1,Diesel,Gj-01,Manual,Sedan,688000,Hyundai,Verna,Unknown
3002,2019.0,53799,1,Petrol,Hr-26,Automatic,Hatchback,505650,Tata,Tiago,Unknown
3003,2017.0,14097,2,Petrol,Dl-8C,Manual,Hatchback,518000,Maruti,Swift,Unknown
3004,2019.0,19350,1,Petrol,Mh-12,Manual,Hatchback,561000,Hyundai,Grand I10,Unknown
3005,2010.0,91819,2,Petrol,Tn-07,Manual,Hatchback,328000,Maruti,Swift,Unknown
3006,2013.0,25328,1,Petrol,Mp-04,Manual,Sedan,638000,Hyundai,Verna,Unknown
3007,2016.0,25511,1,Petrol,Kl-36,Manual,Hatchback,546000,Hyundai,Elite I20,Unknown
3008,2020.0,34232,2,Petrol,Ka-03,Manual,Suv,1424000,Kia,Seltos,Unknown
3009,2019.0,41821,2,Petrol,Hr-51,Automatic,Suv,914000,Maruti,Xl6,Unknown
3010,2017.0,57454,2,Cng,Mh-03,Manual,Hatchback,497000,Maruti,Swift,Unknown
3011,2021.0,14792,1,Petrol,Ch-01,Manual,Sedan,668000,Hyundai,Aura,Unknown
3012,2019.0,10722,1,Petrol,Hr-26,Automatic,Hatchback,504000,Hyundai,New Santro,Unknown
3013,2012.0,123951,1,Petrol,Unknown,Manual,Hatchback,325000,Maruti,Swift,Unknown
3014,2020.0,78984,1,Petrol,Ts-09,Manual,Sedan,535000,Honda,Amaze,Unknown
3015,2016.0,45061,1,Petrol,Hr-51,Manual,Hatchback,498000,Maruti,Baleno,Unknown
3016,2018.0,76653,1,Petrol,Hr-34,Manual,Hatchback,580000,Hyundai,Elite I20,Unknown
3017,2019.0,41348,1,Petrol,Mh-12,Automatic,Suv,948000,Ford,Ecosport,Unknown
3018,2018.0,26632,1,Petrol,Ts-11,Automatic,Hatchback,571000,Hyundai,New Santro,Unknown
3019,2018.0,79151,1,Petrol,Ts-07,Automatic,Hatchback,641000,Maruti,Ignis,Unknown
3020,2018.0,17404,1,Diesel,Gj-03,Manual,Suv,806000,Maruti,Vitara Brezza,Unknown
3021,2018.0,67230,1,Petrol,Ts-09,Manual,Suv,735000,Honda,Wr-V,Unknown
3022,2016.0,69657,1,Petrol,Ka-05,Manual,Sedan,494000,Volkswagen,Ameo,Unknown
3023,2019.0,22261,1,Petrol,Gj-06,Automatic,Hatchback,579000,Hyundai,New Santro,Unknown
3024,2017.0,60719,1,Petrol,Dl-12,Manual,Hatchback,411000,Maruti,Ignis,Unknown
3025,2016.0,28023,1,Petrol,Ka-05,Manual,Hatchback,426000,Hyundai,I10,Unknown
3026,2018.0,24621,1,Petrol,Mh-02,Manual,Hatchback,610000,Maruti,Baleno,Unknown
3027,2018.0,44590,2,Petrol,Ka-04,Manual,Hatchback,636000,Maruti,Swift,Unknown
3028,2016.0,83127,2,Petrol,Gj-01,Manual,Sedan,410000,Volkswagen,Vento,Unknown
3029,2017.0,55378,1,Petrol,Ka-53,Manual,Hatchback,614000,Hyundai,Elite I20,Unknown
3030,2020.0,34580,1,Petrol,Up-14,Automatic,Hatchback,859000,Hyundai,New I20,Unknown
3031,2017.0,51768,1,Petrol,Mh-01,Manual,Hatchback,568000,Maruti,Baleno,Unknown
3032,2014.0,58055,2,Petrol,Ka-20,Manual,Sedan,430000,Skoda,Rapid,Unknown
3033,2018.0,28169,2,Petrol,Tn-22,Manual,Hatchback,477000,Tata,Tiago,Unknown
3034,2018.0,52626,1,Petrol,Ka-03,Manual,Suv,590000,Ford,Freestyle,Unknown
3035,2019.0,66499,1,Petrol,Up-16,Manual,Sedan,640000,Honda,Amaze,Unknown
3036,2013.0,60248,2,Petrol,Ka-41,Manual,Hatchback,299000,Maruti,Wagon R 1.0,Unknown
3037,2017.0,48752,2,Diesel,Wb-18,Manual,Suv,650000,Hyundai,Creta,Unknown
3038,2019.0,28026,2,Petrol,Tn-12,Manual,Suv,889000,Hyundai,Venue,Unknown
3039,2016.0,49548,1,Petrol,Hr-26,Manual,Hatchback,459000,Hyundai,Grand I10,Unknown
3040,2012.0,46802,2,Petrol,Mh-12,Manual,Hatchback,359000,Hyundai,I20,Unknown
3041,2020.0,19755,2,Diesel,Ts-27,Manual,Suv,895350,Ford,Ecosport,Unknown
3042,2017.0,21647,1,Petrol,Mh-12,Manual,Suv,765000,Honda,Wr-V,Unknown
3043,2019.0,56099,1,Petrol,Ts-07,Automatic,Hatchback,791000,Hyundai,Elite I20,Unknown
3044,2013.0,49714,2,Petrol,Mh-12,Manual,Hatchback,264000,Maruti,Alto 800,Unknown
3045,2021.0,11647,1,Petrol,Dl-14,Manual,Hatchback,838000,Renault,Kiger,Unknown
3046,2019.0,68236,1,Petrol,Gj-02,Manual,Hatchback,317000,Maruti,Alto,Unknown
3047,2021.0,14862,1,Petrol,Ka-20,Manual,Hatchback,519000,Renault,Kwid,Unknown
3048,2022.0,16717,1,Cng,Mh-03,Manual,Suv,639000,Maruti,Eeco,Unknown
3049,2012.0,33184,1,Petrol,Up-14,Manual,Sedan,600000,Maruti,Swift Dzire,Unknown
3050,2019.0,65372,1,Petrol,Mh-35,Manual,Hatchback,700000,Hyundai,Grand I10 Nios,Unknown
3051,2019.0,5375,1,Petrol,Hr-26,Manual,Suv,832000,Honda,Wr-V,Unknown
3052,2019.0,86649,1,Diesel,Tn-14,Manual,Suv,762000,Maruti,Vitara Brezza,Unknown
3053,2014.0,12675,1,Petrol,Gj-05,Manual,Hatchback,265000,Hyundai,Eon,Unknown
3054,2020.0,61578,1,Petrol,Ch-01,Manual,Hatchback,588000,Maruti,Baleno,Unknown
3055,2020.0,47464,1,Petrol,Tn-73,Manual,Hatchback,449800,Renault,Kwid,Unknown
3056,2011.0,93910,1,Petrol,Dl-7C,Manual,Hatchback,260000,Hyundai,I20,Unknown
3057,2015.0,41247,1,Petrol,Mh-12,Manual,Hatchback,263000,Maruti,Alto 800,Unknown
3058,2012.0,96607,1,Diesel,Ka-03,Manual,Hatchback,355000,Maruti,Ritz,Unknown
3059,2020.0,47513,1,Petrol,Tn-11,Manual,Hatchback,631000,Maruti,Swift,Unknown
3060,2017.0,31631,1,Petrol,Mh-12,Automatic,Hatchback,543000,Maruti,Ignis,Unknown
3061,2012.0,48374,1,Petrol,Gj-06,Manual,Sedan,387000,Maruti,Swift Dzire,Unknown
3062,2017.0,28568,1,Petrol,Mh-03,Manual,Hatchback,374000,Maruti,Wagon R 1.0,Unknown
3063,2018.0,45949,1,Petrol,Ts-08,Manual,Sedan,1133000,Maruti,Dzire,Unknown
3064,2021.0,20520,1,Diesel,Rj-45,Manual,Hatchback,697000,Hyundai,Grand I10 Nios,Unknown
3065,2013.0,82722,1,Petrol,Kl-40,Manual,Hatchback,224000,Maruti,Alto 800,Unknown
3066,2016.0,62202,1,Petrol,Wb-24,Manual,Hatchback,262000,Maruti,Alto 800,Unknown
3067,2012.0,93103,1,Petrol,Mh-12,Manual,Sedan,444750,Honda,City,Unknown
3068,2019.0,40291,2,Petrol,Pb-12,Manual,Suv,972000,Mahindra,Xuv 3Oo,Unknown
3069,2016.0,65602,2,Cng,Mh-14,Manual,Hatchback,310000,Maruti,Alto K10,Unknown
3070,2011.0,38856,1,Petrol,Ka-03,Manual,Hatchback,376000,Maruti,Ritz,Unknown
3071,2021.0,50153,1,Cng,Mh-12,Manual,Hatchback,575000,Maruti,Celerio,Unknown
3072,2021.0,29202,1,Petrol,Ka-05,Automatic,Hatchback,1110000,Hyundai,New I20,Unknown
3073,2019.0,40535,1,Petrol,Wb-02,Manual,Hatchback,590000,Maruti,Swift,Unknown
3074,2013.0,69155,1,Cng,Mh-02,Manual,Hatchback,324000,Maruti,Wagon R 1.0,Unknown
3075,2021.0,22931,1,Petrol,Ka-03,Manual,Sedan,681000,Honda,City,Unknown
3076,2016.0,52370,1,Petrol,Hr-26,Automatic,Sedan,891000,Volkswagen,Vento,Unknown
3077,2016.0,43834,2,Petrol,Wb-02,Manual,Hatchback,428000,Maruti,Baleno,Unknown
3078,2013.0,79513,1,Petrol,Wb-02,Manual,Sedan,467000,Honda,City,Unknown
3079,2012.0,90403,2,Petrol,Tn-01,Manual,Sedan,585000,Honda,City,Unknown
3080,2014.0,86439,2,Petrol,Dl-10,Manual,Sedan,332000,Toyota,Etios,Unknown
3081,2016.0,18681,1,Petrol,Ka-05,Automatic,Hatchback,485000,Maruti,Celerio,Unknown
3082,2021.0,16004,2,Petrol,Ts-03,Manual,Hatchback,459000,Renault,Kwid,Unknown
3083,2018.0,124452,2,Diesel,Gj-05,Manual,Sedan,401000,Hyundai,Verna,Unknown
3084,2017.0,30313,1,Petrol,Gj-01,Manual,Sedan,698000,Maruti,Dzire,Unknown
3085,2014.0,56357,1,Diesel,Hr-31,Manual,Sedan,424000,Maruti,Swift Dzire,Unknown
3086,2016.0,92380,1,Diesel,Pb-10,Manual,Suv,718000,Maruti,Vitara Brezza,Unknown
3087,2013.0,37987,1,Petrol,Dl-12,Manual,Hatchback,232000,Hyundai,Santro Xing,Unknown
3088,2016.0,75747,1,Diesel,Ts-08,Manual,Hatchback,634000,Hyundai,Elite I20,Unknown
3089,2011.0,62689,3,Petrol,Wb-06,Manual,Sedan,238000,Maruti,Swift Dzire,Unknown
3090,2021.0,38708,1,Petrol,Ch-01,Manual,Hatchback,737000,Maruti,Baleno,Unknown
3091,2016.0,39441,2,Petrol,Ka-05,Automatic,Suv,737000,Ford,Ecosport,Unknown
3092,2021.0,54602,1,Cng,Hr-29,Manual,Hatchback,536000,Maruti,New Wagon-R,Unknown
3093,2020.0,35153,2,Petrol,Tn-02,Manual,Suv,885000,Kia,Sonet,Unknown
3094,2017.0,71050,1,Petrol,Ts-10,Manual,Hatchback,542000,Maruti,Swift,Unknown
3095,2013.0,40188,1,Petrol,Mh-01,Manual,Hatchback,332000,Hyundai,I20,Unknown
3096,2015.0,64749,1,Petrol,Mh-31,Manual,Hatchback,384000,Maruti,Wagon R 1.0,Unknown
3097,2016.0,53628,2,Diesel,Ka-03,Manual,Hatchback,741000,Maruti,Baleno,Unknown
3098,2017.0,57138,1,Petrol,Up-62,Manual,Hatchback,337000,Maruti,Wagon R 1.0,Unknown
3099,2013.0,73996,3,Petrol,Up-32,Manual,Hatchback,225000,Hyundai,I10,Unknown
3100,2019.0,92418,1,Cng,Dl-12,Manual,Hatchback,483000,Maruti,New Wagon-R,Unknown
3101,2013.0,59845,1,Petrol,Ka-41,Manual,Hatchback,253000,Maruti,Alto 800,Unknown
3102,2019.0,15966,1,Petrol,Mh-46,Manual,Hatchback,763000,Volkswagen,Polo,Unknown
3103,2013.0,32789,1,Petrol,Mh-12,Manual,Hatchback,268000,Maruti,Alto K10,Unknown
3104,2016.0,25538,1,Petrol,Pb-65,Manual,Hatchback,395000,Honda,Brio,Unknown
3105,2018.0,89998,1,Diesel,Tn-58,Manual,Suv,828000,Ford,Ecosport,Unknown
3106,2019.0,10458,1,Petrol,Gj-01,Manual,Suv,847000,Hyundai,Venue,Unknown
3107,2019.0,18670,1,Petrol,Mp-09,Manual,Hatchback,593000,Maruti,Swift,Unknown
3108,2012.0,55529,1,Petrol,Ka-09,Manual,Hatchback,515000,Maruti,Swift,Unknown
3109,2012.0,36703,1,Petrol,Mh-31,Manual,Hatchback,274000,Maruti,Wagon R 1.0,Unknown
3110,2017.0,76526,1,Petrol,Mh-14,Manual,Sedan,584000,Maruti,Dzire,Unknown
3111,2010.0,41580,2,Petrol,Mh-02,Manual,Hatchback,241200,Hyundai,I20,Unknown
3112,2018.0,76196,1,Petrol,Gj-15,Manual,Suv,524000,Ford,Freestyle,Unknown
3113,2017.0,25247,1,Petrol,Tn-05,Manual,Hatchback,546000,Hyundai,Grand I10,Unknown
3114,2018.0,67013,1,Petrol,Ka-51,Automatic,Hatchback,695000,Maruti,Swift,Unknown
3115,2019.0,24163,1,Petrol,Ts-12,Automatic,Sedan,1305000,Honda,Amaze,Unknown
3116,2019.0,50750,1,Petrol,Wb-12,Manual,Hatchback,490000,Maruti,Baleno,Unknown
3117,2012.0,52013,2,Petrol,Ka-05,Automatic,Hatchback,350000,Hyundai,I10,Unknown
3118,2013.0,32823,1,Petrol,Mh-40,Manual,Hatchback,236000,Maruti,Alto 800,Unknown
3119,2019.0,15821,1,Petrol,Ka-03,Automatic,Sedan,1188000,Hyundai,Verna,Unknown
3120,2019.0,65118,1,Diesel,Pb-39,Automatic,Lux_Suv,1109000,Mahindra,Xuv500,Unknown
3121,2016.0,62233,2,Petrol,Gj-23,Manual,Hatchback,508000,Hyundai,Elite I20,Unknown
3122,2018.0,42607,1,Diesel,Ts-15,Automatic,Suv,822000,Maruti,Vitara Brezza,Unknown
3123,2020.0,18651,1,Petrol,Dl-14,Automatic,Suv,1567000,Kia,Seltos,Unknown
3124,2019.0,49217,1,Petrol,Gj-01,Manual,Hatchback,640000,Maruti,Baleno,Unknown
3125,2014.0,86391,1,Petrol,Dl-4C,Manual,Sedan,554000,Honda,City,Unknown
3126,2015.0,34026,1,Petrol,Dl-3C,Manual,Sedan,385000,Honda,Amaze,Unknown
3127,2020.0,22570,1,Petrol,Pb-08,Manual,Hatchback,424000,Maruti,Alto,Unknown
3128,2017.0,39616,1,Petrol,Mh-46,Manual,Hatchback,433000,Hyundai,Grand I10,Unknown
3129,2015.0,44212,2,Petrol,Ka-53,Manual,Hatchback,515000,Hyundai,Grand I10,Unknown
3130,2021.0,1415,2,Petrol,Up-32,Manual,Hatchback,375000,Datsun,Redi Go,Unknown
3131,2019.0,27844,1,Petrol,Gj-05,Manual,Hatchback,613000,Hyundai,Elite I20,Unknown
3132,2019.0,80511,1,Diesel,Ka-03,Automatic,Suv,857000,Maruti,Vitara Brezza,Unknown
3133,2017.0,20659,2,Petrol,Ka-04,Manual,Hatchback,381000,Maruti,Alto K10,Unknown
3134,2022.0,10773,1,Petrol,Pb-37,Manual,Hatchback,572000,Maruti,Celerio,Unknown
3135,2016.0,42203,2,Petrol,Ts-09,Manual,Hatchback,298000,Renault,Kwid,Unknown
3136,2015.0,37188,1,Petrol,Ts-07,Manual,Hatchback,374000,Hyundai,I10,Unknown
3137,2017.0,64235,2,Petrol,Ka-53,Manual,Hatchback,704000,Hyundai,Elite I20,Unknown
3138,2017.0,53486,1,Petrol,Tn-11,Manual,Hatchback,553000,Maruti,Swift,Unknown
3139,2018.0,34350,1,Petrol,Ts-15,Manual,Hatchback,494000,Hyundai,New Santro,Unknown
3140,2014.0,97980,1,Diesel,Wb-08,Manual,Sedan,267000,Honda,Amaze,Unknown
3141,2017.0,44626,1,Petrol,Tn-14,Automatic,Hatchback,634000,Maruti,Baleno,Unknown
3142,2018.0,44123,1,Petrol,Ts-09,Automatic,Lux_Sedan,1253000,Hyundai,New Elantra,Unknown
3143,2017.0,98700,2,Diesel,Ts-07,Automatic,Hatchback,584000,Maruti,Ignis,Unknown
3144,2017.0,45275,1,Petrol,Mh-01,Manual,Suv,694000,Honda,Wr-V,Unknown
3145,2015.0,62755,1,Petrol,Tn-02,Manual,Hatchback,400000,Maruti,Celerio,Unknown
3146,2015.0,99137,2,Diesel,Ka-02,Manual,Sedan,370000,Maruti,Ciaz,Unknown
3147,2018.0,43481,2,Petrol,Ka-04,Automatic,Suv,884000,Ford,Ecosport,Unknown
3148,2016.0,63789,1,Petrol,Wb-12,Manual,Hatchback,352000,Tata,Tiago,Unknown
3149,2019.0,64891,2,Petrol,Rj-46,Manual,Hatchback,569000,Maruti,Baleno,Unknown
3150,2015.0,56663,2,Petrol,Hr-26,Manual,Hatchback,324000,Honda,Brio,Unknown
3151,2012.0,91518,2,Cng,Gj-05,Manual,Hatchback,234000,Hyundai,I10,Unknown
3152,2022.0,2924,1,Petrol,Ts-08,Manual,Hatchback,515700,Maruti,Alto K10,Unknown
3153,2021.0,28231,1,Cng,Mh-14,Manual,Hatchback,596000,Maruti,New Wagon-R,Unknown
3154,2015.0,43013,1,Petrol,Gj-01,Manual,Hatchback,508000,Maruti,Swift,Unknown
3155,2010.0,77917,3,Petrol,Mh-02,Manual,Hatchback,204000,Maruti,Wagon R 1.0,Unknown
3156,2012.0,72395,2,Petrol,Ka-03,Manual,Hatchback,426000,Hyundai,I20,Unknown
3157,2010.0,92134,2,Petrol,Ka-41,Manual,Hatchback,235000,Maruti,Wagon R,Unknown
3158,2018.0,21738,1,Petrol,Ka-03,Automatic,Suv,912000,Ford,Ecosport,Unknown
3159,2022.0,11472,1,Petrol,Tn-07,Manual,Sedan,871000,Maruti,Ciaz,Unknown
3160,2016.0,49819,1,Petrol,Ka-05,Manual,Hatchback,412000,Hyundai,I10,Unknown
3161,2020.0,36427,1,Diesel,Tn-10,Automatic,Suv,1039000,Tata,Nexon,Unknown
3162,2018.0,69269,1,Petrol,Tn-21,Manual,Hatchback,710000,Maruti,Baleno,Unknown
3163,2018.0,42252,2,Diesel,Tn-79,Manual,Suv,752000,Maruti,Vitara Brezza,Unknown
3164,2014.0,33395,2,Petrol,Mh-04,Manual,Hatchback,371000,Maruti,Swift,Unknown
3165,2019.0,41565,2,Petrol,Wb-24,Manual,Sedan,348000,Honda,Amaze,Unknown
3166,2012.0,49341,1,Petrol,Ap-28,Manual,Hatchback,322000,Hyundai,I10,Unknown
3167,2021.0,89601,2,Diesel,Ka-53,Manual,Sedan,539000,Hyundai,Verna,Unknown
3168,2019.0,97574,1,Cng,Hr-51,Manual,Hatchback,476000,Maruti,New Wagon-R,Unknown
3169,2018.0,58870,1,Petrol,Ka-19,Automatic,Hatchback,487000,Maruti,Celerio,Unknown
3170,2015.0,77471,1,Diesel,Hr-36,Manual,Hatchback,472000,Maruti,Baleno,Unknown
3171,2021.0,118937,1,Petrol,Unknown,Manual,Hatchback,595000,Maruti,Swift,Unknown
3172,2015.0,91022,1,Petrol,Mp-09,Manual,Lux_Sedan,643000,Hyundai,New Elantra,Unknown
3173,2017.0,62153,1,Petrol,Ka-01,Automatic,Hatchback,684000,Honda,Jazz,Unknown
3174,2012.0,121602,1,Cng,Mh-02,Manual,Hatchback,321000,Maruti,Wagon R 1.0,Unknown
3175,2012.0,67527,1,Petrol,Ka-51,Manual,Hatchback,317000,Maruti,Wagon R 1.0,Unknown
3176,2017.0,97628,2,Petrol,Ts-07,Manual,Hatchback,224000,Datsun,Redi Go,Unknown
3177,2020.0,20946,2,Petrol,Wb-02,Manual,Sedan,780000,Skoda,Rapid,Unknown
3178,2015.0,68854,2,Petrol,Tn-09,Manual,Hatchback,275000,Maruti,Alto 800,Unknown
3179,2022.0,10380,1,Petrol,Gj-23,Manual,Suv,895000,Hyundai,Venue,Unknown
3180,2018.0,64822,1,Diesel,Mh-47,Automatic,Suv,827000,Maruti,Vitara Brezza,Unknown
3181,2021.0,26541,1,Diesel,Gj-05,Automatic,Suv,1939000,Hyundai,Alcazar,Unknown
3182,2018.0,25180,1,Petrol,Ka-01,Automatic,Hatchback,723000,Honda,Jazz,Unknown
3183,2016.0,75172,1,Petrol,Tn-14,Manual,Hatchback,629000,Hyundai,I20 Active,Unknown
3184,2015.0,95246,2,Diesel,Mp-13,Manual,Hatchback,461000,Hyundai,Elite I20,Unknown
3185,2014.0,110827,1,Diesel,Mh-02,Manual,Lux_Sedan,598000,Hyundai,New Elantra,Unknown
3186,2014.0,41368,1,Petrol,Mh-02,Manual,Hatchback,357000,Maruti,Wagon R 1.0,Unknown
3187,2019.0,39725,1,Petrol,Wb-08,Manual,Hatchback,586000,Maruti,Baleno,Unknown
3188,2016.0,32357,1,Petrol,Ka-51,Manual,Hatchback,454000,Maruti,Celerio,Unknown
3189,2016.0,46563,2,Petrol,Ts-11,Manual,Hatchback,401000,Maruti,Wagon R 1.0,Unknown
3190,2017.0,27924,1,Petrol,Mh-02,Automatic,Hatchback,545000,Hyundai,Grand I10,Unknown
3191,2016.0,52838,2,Petrol,Mh-14,Manual,Hatchback,428000,Hyundai,Grand I10,Unknown
3192,2021.0,15213,1,Diesel,Mh-14,Automatic,Suv,2054350,Tata,Harrier,Unknown
3193,2017.0,22182,2,Petrol,Mh-03,Automatic,Hatchback,476000,Maruti,Ignis,Unknown
3194,2019.0,12466,1,Petrol,Tn-20,Manual,Hatchback,361000,Maruti,Alto,Unknown
3195,2018.0,49805,1,Petrol,Up-16,Manual,Sedan,388000,Skoda,Rapid,Unknown
3196,2021.0,43444,1,Diesel,Mh-03,Manual,Hatchback,891000,Tata,Altroz,Unknown
3197,2016.0,46261,1,Petrol,Pb-10,Manual,Hatchback,490000,Honda,Jazz,Unknown
3198,2016.0,100505,1,Petrol,Unknown,Manual,Hatchback,490000,Maruti,Baleno,Unknown
3199,2017.0,54186,1,Petrol,Mh-12,Manual,Hatchback,622000,Maruti,Baleno,Unknown
3200,2019.0,29990,1,Petrol,Gj-03,Manual,Hatchback,566000,Hyundai,Grand I10,Unknown
3201,2017.0,65148,1,Petrol,Wb-12,Manual,Suv,648000,Honda,Wr-V,Unknown
3202,2018.0,30123,1,Petrol,Up-14,Automatic,Sedan,1054000,Maruti,Ciaz,Unknown
3203,2011.0,38071,2,Petrol,Wb-06,Manual,Sedan,239000,Maruti,Swift Dzire,Unknown
3204,2017.0,29404,1,Petrol,Dl-9C,Manual,Hatchback,521000,Maruti,Baleno,Unknown
3205,2014.0,52568,1,Petrol,Ka-03,Manual,Hatchback,527000,Maruti,Swift,Unknown
3206,2016.0,97152,1,Petrol,Up-32,Manual,Hatchback,454000,Hyundai,Elite I20,Unknown
3207,2022.0,7324,1,Petrol,Ka-02,Manual,Hatchback,526000,Maruti,S Presso,Unknown
3208,2021.0,48747,1,Diesel,Br-01,Manual,Sedan,553650,Honda,City,Unknown
3209,2015.0,32110,1,Petrol,Wb-06,Manual,Sedan,408000,Maruti,Swift Dzire,Unknown
3210,2021.0,9759,1,Petrol,Dl-3C,Manual,Hatchback,870000,Renault,Kiger,Unknown
3211,2017.0,59870,2,Petrol,Gj-01,Manual,Hatchback,567000,Maruti,Baleno,Unknown
3212,2019.0,109144,1,Diesel,Mh-04,Automatic,Sedan,618000,Honda,Amaze,Unknown
3213,2019.0,30627,1,Petrol,Ts-08,Manual,Hatchback,577000,Tata,Tiago,Unknown
3214,2018.0,55043,1,Petrol,Mh-12,Manual,Hatchback,477000,Maruti,Ignis,Unknown
3215,2017.0,34332,2,Cng,Hr-29,Manual,Hatchback,495000,Hyundai,Grand I10,Unknown
3216,2011.0,79945,2,Petrol,Ka-53,Manual,Hatchback,288000,Maruti,Wagon R 1.0,Unknown
3217,2019.0,47600,2,Petrol,Kl-08,Manual,Hatchback,516000,Tata,Tiago,Unknown
3218,2013.0,56022,3,Petrol,Tn-01,Manual,Hatchback,348000,Hyundai,I20,Unknown
3219,2015.0,67006,2,Cng,Mh-03,Manual,Hatchback,322000,Maruti,Wagon R 1.0,Unknown
3220,2020.0,25167,1,Petrol,Mp-09,Manual,Hatchback,363000,Maruti,Alto,Unknown
3221,2015.0,62690,2,Petrol,Dl-1C,Manual,Suv,704000,Hyundai,Creta,Unknown
3223,2016.0,56346,2,Petrol,Ts-11,Manual,Hatchback,626000,Hyundai,Elite I20,Unknown
3224,2015.0,85756,1,Petrol,Wb-08,Manual,Sedan,352000,Maruti,Swift Dzire,Unknown
3225,2014.0,47899,1,Petrol,Hr-36,Manual,Hatchback,273000,Maruti,Alto K10,Unknown
3226,2016.0,51007,2,Petrol,Wb-02,Automatic,Sedan,727000,Volkswagen,Vento,Unknown
3227,2015.0,97181,2,Petrol,Mh-03,Automatic,Hatchback,523000,Volkswagen,Polo,Unknown
3228,2016.0,32987,1,Diesel,Ka-19,Manual,Sedan,1322000,Maruti,Swift Dzire,Unknown
3229,2012.0,99067,2,Diesel,Mh-46,Manual,Hatchback,347000,Maruti,Swift,Unknown
3230,2013.0,60806,1,Petrol,Dl-4C,Manual,Hatchback,354000,Hyundai,I20,Unknown
3231,2018.0,57411,1,Diesel,Tn-01,Manual,Lux_Suv,1230000,Mahindra,Xuv500,Unknown
3232,2018.0,90811,1,Petrol,Pb-36,Manual,Sedan,465000,Volkswagen,Ameo,Unknown
3233,2017.0,75176,1,Diesel,Pb-06,Manual,Hatchback,450000,Maruti,Swift,Unknown
3234,2020.0,21360,1,Petrol,Ts-15,Automatic,Hatchback,746000,Hyundai,Grand I10 Nios,Unknown
3235,2021.0,48897,1,Petrol,Dl-1C,Automatic,Sedan,916000,Toyota,Yaris,Unknown
3236,2018.0,82023,1,Cng,Mh-04,Manual,Hatchback,405000,Maruti,Wagon R 1.0,Unknown
3237,2019.0,46430,1,Petrol,Kl-07,Manual,Hatchback,693000,Maruti,Baleno,Unknown
3238,2017.0,23879,3,Petrol,Mh-02,Manual,Hatchback,546000,Maruti,Baleno,Unknown
3239,2022.0,25885,1,Cng,Up-32,Manual,Hatchback,686000,Maruti,New Wagon-R,Unknown
3240,2016.0,61496,2,Petrol,Mh-12,Manual,Hatchback,283000,Renault,Kwid,Unknown
3241,2016.0,65453,1,Petrol,Ka-01,Manual,Hatchback,476000,Honda,Brio,Unknown
3242,2017.0,40349,1,Petrol,Mp-43,Manual,Hatchback,446000,Maruti,Ignis,Unknown
3243,2013.0,28713,1,Petrol,Tn-06,Automatic,Sedan,1289000,Maruti,Swift Dzire,Unknown
3244,2017.0,74577,2,Petrol,Mh-46,Manual,Sedan,394000,Honda,Amaze,Unknown
3245,2016.0,82860,1,Petrol,Mp-11,Manual,Hatchback,506000,Hyundai,Elite I20,Unknown
3246,2020.0,18244,1,Petrol,Up-78,Automatic,Hatchback,603000,Hyundai,Grand I10 Nios,Unknown
3247,2020.0,27459,1,Petrol,Ka-05,Manual,Hatchback,743000,Maruti,Baleno,Unknown
3248,2018.0,85648,1,Petrol,Rj-45,Manual,Hatchback,299000,Maruti,Alto 800,Unknown
3249,2019.0,37865,1,Petrol,Mh-47,Manual,Hatchback,645000,Maruti,Baleno,Unknown
3250,2017.0,21520,1,Petrol,Mh-12,Manual,Hatchback,507000,Hyundai,Grand I10,Unknown
3251,2015.0,90774,2,Petrol,Gj-01,Manual,Hatchback,229000,Hyundai,Eon,Unknown
3252,2018.0,44163,1,Petrol,Gj-06,Manual,Sedan,670000,Honda,City,Unknown
3253,2019.0,21926,1,Petrol,Gj-27,Automatic,Hatchback,575000,Hyundai,New Santro,Unknown
3254,2015.0,60794,1,Petrol,Gj-01,Manual,Hatchback,482000,Hyundai,Grand I10,Unknown
3255,2021.0,111610,1,Diesel,Tn-04,Manual,Sedan,567000,Toyota,Yaris,Unknown
3256,2018.0,8548,2,Petrol,Ts-06,Manual,Sedan,758000,Volkswagen,Vento,Unknown
3257,2015.0,31382,1,Petrol,Mh-14,Manual,Hatchback,488000,Honda,Jazz,Unknown
3258,2018.0,107798,1,Petrol,Unknown,Automatic,Hatchback,496000,Maruti,Ignis,Unknown
3259,2016.0,95931,2,Petrol,Ts-07,Manual,Hatchback,572000,Hyundai,Elite I20,Unknown
3260,2015.0,67685,2,Cng,Dl-10,Automatic,Sedan,728000,Maruti,Swift Dzire,Unknown
3261,2020.0,70402,1,Petrol,Tn-23,Manual,Hatchback,795000,Volkswagen,Polo,Unknown
3262,2019.0,22179,1,Petrol,Up-67,Manual,Hatchback,606000,Hyundai,Grand I10 Nios,Unknown
3263,2021.0,9044,1,Petrol,Ts-08,Manual,Suv,1091000,Tata,Nexon,Unknown
3264,2018.0,20173,2,Petrol,Mh-06,Manual,Hatchback,509000,Hyundai,Grand I10,Unknown
3265,2022.0,14157,1,Petrol,Gj-01,Manual,Hatchback,563000,Maruti,S Presso,Unknown
3266,2013.0,61173,2,Petrol,Tn-65,Manual,Hatchback,316000,Maruti,Wagon R 1.0,Unknown
3267,2017.0,45497,1,Petrol,Ka-02,Manual,Hatchback,380000,Maruti,Alto K10,Unknown
3268,2019.0,17629,1,Petrol,Hr-51,Manual,Hatchback,445000,Hyundai,New Santro,Unknown
3269,2010.0,53384,1,Petrol,Ap-09,Manual,Sedan,398000,Honda,City,Unknown
3270,2016.0,36493,1,Petrol,Gj-01,Manual,Hatchback,490000,Hyundai,Grand I10,Unknown
3271,2017.0,21877,1,Petrol,Gj-03,Manual,Hatchback,294000,Maruti,Alto 800,Unknown
3272,2020.0,9452,1,Petrol,Gj-07,Manual,Suv,456000,Maruti,Eeco,Unknown
3273,2016.0,59423,1,Petrol,Hr-36,Manual,Hatchback,321000,Maruti,Alto K10,Unknown
3274,2012.0,47073,1,Petrol,Dl-8C,Manual,Hatchback,340000,Maruti,Swift,Unknown
3275,2016.0,65072,1,Petrol,Ka-01,Manual,Hatchback,694000,Honda,Jazz,Unknown
3276,2012.0,78259,1,Petrol,Gj-05,Manual,Hatchback,276000,Maruti,Wagon R 1.0,Unknown
3277,2016.0,86290,1,Petrol,Gj-23,Manual,Sedan,757000,Honda,City,Unknown
3278,2019.0,19216,1,Petrol,Ts-13,Manual,Hatchback,515000,Hyundai,New Santro,Unknown
3279,2017.0,101363,2,Petrol,Unknown,Automatic,Hatchback,450000,Tata,Tiago,Unknown
3280,2021.0,45479,1,Petrol,Ts-07,Manual,Hatchback,959000,Hyundai,New I20 N Line,Unknown
3281,2020.0,9533,1,Petrol,Hr-35,Manual,Hatchback,406000,Maruti,Alto,Unknown
3282,2018.0,24612,1,Petrol,Ka-04,Manual,Sedan,733000,Toyota,Yaris,Unknown
3283,2017.0,110257,2,Diesel,Tn-59,Manual,Sedan,501000,Maruti,Dzire,Unknown
3284,2016.0,94756,1,Diesel,Ka-04,Manual,Suv,733000,Maruti,S Cross,Unknown
3285,2018.0,78655,2,Diesel,Gj-16,Manual,Suv,786000,Maruti,Vitara Brezza,Unknown
3286,2017.0,108597,1,Petrol,Unknown,Manual,Sedan,556000,Maruti,Dzire,Unknown
3287,2019.0,18846,1,Petrol,Pb-07,Manual,Hatchback,490000,Maruti,New Wagon-R,Unknown
3288,2021.0,54496,1,Cng,Up-14,Manual,Hatchback,609000,Maruti,New Wagon-R,Unknown
3289,2016.0,51949,1,Petrol,Up-14,Automatic,Hatchback,525000,Honda,Jazz,Unknown
3290,2013.0,62438,1,Petrol,Ap-28,Manual,Hatchback,339000,Maruti,Wagon R 1.0,Unknown
3291,2018.0,36789,1,Petrol,Ka-51,Manual,Hatchback,657000,Maruti,Swift,Unknown
3292,2017.0,31241,1,Petrol,Dl-5C,Manual,Hatchback,308000,Maruti,Alto K10,Unknown
3293,2020.0,6844,1,Petrol,Wb-24,Manual,Hatchback,411000,Maruti,S Presso,Unknown
3294,2019.0,26650,2,Cng,Hr-51,Manual,Hatchback,355000,Maruti,Alto 800,Unknown
3295,2014.0,118111,1,Diesel,Ka-01,Manual,Hatchback,532000,Maruti,Swift,Unknown
3296,2013.0,36577,3,Petrol,Ap-29,Manual,Hatchback,411000,Maruti,Swift,Unknown
3297,2022.0,21211,1,Petrol,Hr-13,Manual,Hatchback,423000,Maruti,S Presso,Unknown
3298,2020.0,28756,1,Petrol,Up-13,Manual,Hatchback,386000,Maruti,Alto,Unknown
3299,2021.0,25230,1,Petrol,Ka-41,Manual,Hatchback,435000,Maruti,S Presso,Unknown
3300,2017.0,37920,1,Petrol,Tn-22,Manual,Sedan,664000,Maruti,Ciaz,Unknown
3301,2020.0,27993,1,Cng,Mh-12,Manual,Hatchback,445000,Maruti,Alto,Unknown
3302,2018.0,50925,1,Petrol,Up-53,Manual,Suv,598000,Honda,Wr-V,Unknown
3303,2017.0,35364,1,Petrol,Hr-51,Manual,Sedan,729000,Honda,City,Unknown
3304,2018.0,73676,1,Diesel,Dl-3C,Manual,Suv,659000,Renault,Duster,Unknown
3305,2019.0,42783,2,Petrol,Ts-10,Manual,Hatchback,721000,Maruti,Baleno,Unknown
3306,2021.0,26541,1,Cng,Gj-15,Manual,Hatchback,489000,Maruti,S Presso,Unknown
3307,2014.0,63998,1,Petrol,Mp-09,Manual,Hatchback,457000,Maruti,Swift,Unknown
3308,2021.0,21575,1,Petrol,Mh-05,Automatic,Hatchback,510000,Renault,Kwid,Unknown
3309,2011.0,117499,2,Cng,Mh-02,Manual,Lux_Sedan,293000,Toyota,Corolla Altis,Unknown
3310,2021.0,2195,1,Diesel,Dl-5C,Manual,Suv,1214000,Hyundai,Venue,Unknown
3311,2016.0,34687,1,Petrol,Dl-7C,Manual,Suv,768000,Hyundai,Creta,Unknown
3312,2022.0,23326,1,Petrol,Pb-70,Manual,Suv,768000,Renault,Triber,Unknown
3313,2017.0,78635,2,Petrol,Tn-13,Automatic,Hatchback,435000,Maruti,Celerio,Unknown
3314,2019.0,43970,1,Petrol,Gj-24,Manual,Hatchback,614000,Maruti,Baleno,Unknown
3315,2017.0,11549,1,Petrol,Ka-25,Manual,Hatchback,498000,Maruti,Celerio,Unknown
3316,2017.0,26997,1,Petrol,Ts-08,Manual,Hatchback,701000,Hyundai,Elite I20,Unknown
3317,2020.0,18021,1,Petrol,Hr-87,Automatic,Hatchback,611000,Tata,Tiago,Unknown
3318,2016.0,103177,1,Petrol,Unknown,Manual,Suv,928000,Hyundai,Creta,Unknown
3319,2019.0,44363,1,Petrol,Ts-09,Manual,Hatchback,556000,Maruti,Celerio X,Unknown
3320,2015.0,20248,1,Petrol,Ka-53,Manual,Hatchback,594000,Maruti,Swift,Unknown
3321,2018.0,8458,1,Petrol,Mh-48,Manual,Hatchback,350000,Maruti,Alto 800,Unknown
3322,2017.0,34803,1,Petrol,Up-16,Manual,Hatchback,577000,Hyundai,Elite I20,Unknown
3323,2019.0,15032,1,Petrol,Mh-12,Manual,Hatchback,699000,Maruti,Baleno,Unknown
3324,2022.0,7843,1,Petrol,Gj-06,Manual,Hatchback,537000,Maruti,Celerio,Unknown
3325,2019.0,30841,1,Cng,Hr-13,Manual,Hatchback,463000,Hyundai,New Santro,Unknown
3326,2018.0,53505,1,Petrol,Wb-16,Automatic,Suv,741000,Ford,Ecosport,Unknown
3327,2013.0,55334,2,Diesel,Ka-01,Manual,Hatchback,482000,Maruti,Swift,Unknown
3328,2017.0,29253,2,Petrol,Ka-03,Manual,Suv,715000,Honda,Wr-V,Unknown
3329,2017.0,111649,1,Diesel,Gj-18,Automatic,Lux_Suv,1066000,Mahindra,Xuv500,Unknown
3330,2017.0,18159,1,Petrol,Ka-51,Automatic,Hatchback,644000,Maruti,Ignis,Unknown
3331,2019.0,83298,1,Petrol,Tn-05,Manual,Hatchback,640000,Hyundai,Elite I20,Unknown
3332,2011.0,63665,2,Petrol,Dl-2C,Manual,Hatchback,167000,Maruti,Wagon R 1.0,Unknown
3333,2019.0,23700,1,Petrol,Tn-37,Manual,Hatchback,503000,Datsun,Go Plus,Unknown
3334,2016.0,80005,1,Petrol,Dl-9C,Automatic,Sedan,655000,Maruti,Swift Dzire,Unknown
3335,2017.0,61290,2,Diesel,Ka-03,Automatic,Lux_Suv,1200000,Mahindra,Xuv500,Unknown
3336,2010.0,34094,2,Petrol,Tn-06,Manual,Hatchback,204000,Maruti,Alto,Unknown
3337,2022.0,60341,2,Diesel,Ka-05,Automatic,Sedan,650650,Skoda,Slavia,Unknown
3338,2017.0,39699,2,Petrol,Mh-12,Automatic,Hatchback,312000,Renault,Kwid,Unknown
3339,2015.0,72393,2,Petrol,Ts-10,Manual,Hatchback,370000,Maruti,Wagon R 1.0,Unknown
3340,2020.0,54317,1,Petrol,Gj-12,Automatic,Hatchback,803000,Hyundai,Elite I20,Unknown
3341,2012.0,81645,1,Diesel,Ka-51,Manual,Sedan,438000,Skoda,Rapid,Unknown
3342,2019.0,38857,1,Petrol,Mh-12,Automatic,Hatchback,725000,Hyundai,Grand I10 Nios,Unknown
3343,2020.0,76171,1,Cng,Hr-36,Manual,Hatchback,560000,Maruti,New Wagon-R,Unknown
3344,2018.0,56587,2,Petrol,Gj-01,Manual,Hatchback,482000,Hyundai,Grand I10,Unknown
3345,2021.0,15113,2,Petrol,Hr-26,Automatic,Hatchback,614000,Tata,Tiago,Unknown
3346,2021.0,45833,2,Petrol,Ka-03,Automatic,Sedan,956000,Hyundai,Aura,Unknown
3347,2018.0,38189,2,Petrol,Ka-01,Manual,Hatchback,684000,Maruti,Swift,Unknown
3348,2015.0,32226,2,Petrol,Mh-04,Manual,Sedan,827000,Volkswagen,Jetta,Unknown
3349,2019.0,59511,1,Petrol,Mh-43,Manual,Sedan,302000,Honda,Amaze,Unknown
3350,2014.0,60509,2,Petrol,Ka-05,Manual,Hatchback,403000,Hyundai,Grand I10,Unknown
3351,2015.0,60971,1,Petrol,Kl-05,Manual,Hatchback,296000,Maruti,Alto K10,Unknown
3352,2011.0,29025,2,Cng,Mh-12,Manual,Hatchback,281000,Maruti,Wagon R 1.0,Unknown
3353,2013.0,105946,2,Petrol,Unknown,Manual,Suv,571000,Maruti,Ertiga,Unknown
3354,2020.0,30121,1,Diesel,Up-78,Manual,Suv,919000,Hyundai,Venue,Unknown
3355,2016.0,95301,1,Diesel,Ch-01,Manual,Sedan,440000,Maruti,Ciaz,Unknown
3356,2020.0,38431,1,Petrol,Wb-02,Manual,Hatchback,305000,Maruti,Alto,Unknown
3357,2014.0,41213,1,Petrol,Mh-01,Automatic,Hatchback,374000,Hyundai,Grand I10,Unknown
3358,2017.0,30045,1,Cng,Hr-36,Manual,Hatchback,493000,Maruti,Ignis,Unknown
3359,2012.0,70989,1,Petrol,Dl-9C,Manual,Hatchback,315000,Maruti,Swift,Unknown
3360,2019.0,17434,1,Petrol,Ka-03,Automatic,Hatchback,784000,Honda,Jazz,Unknown
3361,2018.0,53716,1,Diesel,Ts-09,Automatic,Suv,881000,Maruti,Vitara Brezza,Unknown
3362,2017.0,23825,2,Petrol,Gj-15,Manual,Hatchback,298000,Maruti,Alto 800,Unknown
3363,2018.0,44491,2,Petrol,Hr-26,Automatic,Hatchback,592000,Maruti,Baleno,Unknown
3364,2014.0,85845,1,Petrol,Pb-10,Manual,Sedan,649000,Honda,City,Unknown
3365,2015.0,89183,1,Petrol,Tn-13,Manual,Hatchback,481000,Maruti,Swift,Unknown
3366,2017.0,52033,2,Diesel,Mh-05,Automatic,Sedan,736000,Maruti,Dzire,Unknown
3367,2021.0,12364,1,Petrol,Ka-04,Automatic,Hatchback,617000,Maruti,Celerio,Unknown
3368,2013.0,69622,1,Petrol,Mh-02,Manual,Hatchback,385000,Maruti,Swift,Unknown
3369,2018.0,51390,1,Cng,Mh-43,Manual,Hatchback,433000,Maruti,Celerio,Unknown
3370,2017.0,31847,1,Petrol,Ts-07,Automatic,Sedan,1025000,Honda,City,Unknown
3371,2019.0,50027,1,Petrol,Tn-05,Manual,Suv,606000,Renault,Triber,Unknown
3372,2017.0,30068,1,Petrol,Dl-3C,Manual,Sedan,668000,Honda,City,Unknown
3373,2016.0,99026,3,Petrol,Wb-06,Manual,Hatchback,207000,Maruti,Alto 800,Unknown
3374,2022.0,7008,1,Petrol,Gj-16,Manual,Hatchback,671000,Maruti,New Wagon-R,Unknown
3375,2019.0,47671,1,Petrol,Gj-19,Manual,Hatchback,510000,Maruti,Celerio,Unknown
3376,2013.0,60993,1,Petrol,Ap-09,Manual,Hatchback,359000,Honda,Brio,Unknown
3377,2018.0,78631,1,Diesel,Ka-05,Manual,Hatchback,628000,Maruti,Baleno,Unknown
3378,2019.0,83611,1,Petrol,Pb-10,Manual,Hatchback,362000,Maruti,Alto,Unknown
3379,2017.0,107141,1,Diesel,Tn-59,Manual,Hatchback,586000,Maruti,Ignis,Unknown
3380,2015.0,52596,2,Petrol,Gj-01,Manual,Hatchback,468000,Hyundai,Grand I10,Unknown
3381,2014.0,42036,1,Petrol,Wb-24,Manual,Hatchback,243000,Maruti,Alto K10,Unknown
3382,2020.0,5647,1,Petrol,Pb-08,Manual,Suv,862000,Maruti,S Cross,Unknown
3383,2015.0,60409,1,Petrol,Mp-04,Manual,Hatchback,374000,Maruti,Wagon R 1.0,Unknown
3384,2015.0,70654,1,Petrol,Mh-02,Automatic,Lux_Suv,917000,Honda,Crv,Unknown
3385,2021.0,17455,1,Petrol,Gj-27,Manual,Hatchback,474000,Maruti,S Presso,Unknown
3386,2017.0,74557,1,Petrol,Rj-07,Manual,Sedan,674000,Maruti,Ciaz,Unknown
3387,2020.0,21660,1,Petrol,Ka-02,Manual,Suv,1208000,Kia,Seltos,Unknown
3388,2014.0,119769,1,Petrol,Unknown,Automatic,Sedan,526000,Honda,City,Unknown
3389,2017.0,41003,1,Petrol,Ka-02,Manual,Hatchback,688000,Hyundai,Elite I20,Unknown
3390,2016.0,36232,1,Petrol,Ka-03,Manual,Hatchback,492000,Tata,Tiago,Unknown
3391,2015.0,62441,1,Petrol,Dl-4C,Manual,Sedan,411000,Maruti,Swift Dzire,Unknown
3392,2021.0,93405,1,Petrol,Mh-12,Manual,Suv,815000,Maruti,Vitara Brezza,Unknown
3393,2020.0,2934,1,Petrol,Mp-13,Manual,Suv,1023000,Maruti,S Cross,Unknown
3394,2020.0,24667,2,Petrol,Up-52,Manual,Sedan,605000,Honda,Amaze,Unknown
3395,2018.0,34339,2,Petrol,Wb-06,Automatic,Lux_Sedan,1215000,Toyota,Corolla Altis,Unknown
3396,2017.0,39992,2,Petrol,Ts-08,Manual,Hatchback,338000,Renault,Kwid,Unknown
3397,2021.0,18023,1,Petrol,Ts-08,Automatic,Suv,714000,Renault,Triber,Unknown
3398,2011.0,88120,1,Petrol,Dl-7C,Manual,Hatchback,258000,Volkswagen,Polo,Unknown
3399,2014.0,52357,1,Petrol,Ka-51,Automatic,Hatchback,414000,Maruti,Celerio,Unknown
3400,2020.0,33829,1,Petrol,Mh-43,Manual,Sedan,362000,Tata,Tigor,Unknown
3401,2019.0,54302,1,Diesel,Hr-26,Automatic,Suv,1592000,Kia,Seltos,Unknown
3402,2017.0,65798,1,Petrol,Dl-8C,Manual,Sedan,503000,Maruti,Swift Dzire,Unknown
3403,2019.0,46731,2,Petrol,Gj-03,Manual,Hatchback,290000,Maruti,Alto,Unknown
3404,2018.0,62707,2,Diesel,Ts-08,Manual,Suv,812000,Mahindra,Tuv300,Unknown
3405,2022.0,16325,1,Cng,Hr-26,Manual,Hatchback,759000,Hyundai,Grand I10 Nios,Unknown
3406,2016.0,83052,2,Petrol,Mh-12,Automatic,Sedan,567000,Honda,City,Unknown
3407,2019.0,33114,1,Petrol,Gj-05,Manual,Hatchback,564000,Hyundai,Grand I10,Unknown
3408,2014.0,83041,2,Petrol,Tn-14,Manual,Hatchback,430000,Hyundai,Grand I10,Unknown
3409,2015.0,92466,1,Petrol,Ka-01,Manual,Hatchback,412000,Hyundai,Grand I10,Unknown
3410,2017.0,66656,1,Petrol,Tn-11,Manual,Hatchback,464000,Maruti,Celerio,Unknown
3411,2015.0,52673,1,Petrol,Wb-20,Manual,Hatchback,276000,Hyundai,I10,Unknown
3412,2012.0,62273,1,Petrol,Hr-26,Manual,Hatchback,253000,Hyundai,I10,Unknown
3413,2018.0,94153,1,Cng,Gj-01,Manual,Hatchback,424000,Maruti,Wagon R 1.0,Unknown
3414,2016.0,52858,1,Diesel,Up-14,Manual,Sedan,876000,Volkswagen,Ameo,Unknown
3415,2016.0,41023,2,Petrol,Rj-01,Manual,Hatchback,352000,Hyundai,I10,Unknown
3416,2012.0,56495,2,Petrol,Mp-04,Manual,Hatchback,254000,Maruti,Wagon R 1.0,Unknown
3417,2012.0,10545,1,Petrol,Ka-01,Manual,Hatchback,269000,Hyundai,Eon,Unknown
3418,2013.0,78187,1,Petrol,Kl-08,Manual,Hatchback,226000,Maruti,Alto K10,Unknown
3419,2016.0,70040,2,Diesel,Gj-19,Manual,Hatchback,593000,Hyundai,Elite I20,Unknown
3420,2017.0,43185,1,Petrol,Up-16,Manual,Sedan,594800,Hyundai,Xcent,Unknown
3421,2020.0,72038,1,Petrol,Dl-14,Manual,Sedan,654000,Honda,Amaze,Unknown
3422,2021.0,11210,1,Petrol,Dl-2C,Manual,Hatchback,648000,Maruti,Swift,Unknown
3423,2015.0,55183,1,Petrol,Tn-07,Manual,Hatchback,567000,Maruti,Baleno,Unknown
3424,2018.0,60466,2,Diesel,Tn-14,Manual,Suv,775000,Mahindra,Tuv300,Unknown
3425,2015.0,31208,1,Petrol,Ka-01,Manual,Suv,794000,Maruti,Ertiga,Unknown
3426,2012.0,80132,2,Diesel,Ts-01,Manual,Sedan,450000,Hyundai,Verna,Unknown
3427,2014.0,49089,1,Petrol,Dl-10,Manual,Sedan,796000,Maruti,Swift Dzire,Unknown
3428,2018.0,57700,2,Petrol,Gj-01,Manual,Hatchback,338000,Renault,Kwid,Unknown
3429,2016.0,39699,1,Petrol,Wb-02,Manual,Hatchback,401000,Hyundai,Grand I10,Unknown
3430,2016.0,30021,1,Petrol,Tn-42,Manual,Hatchback,288350,Hyundai,Eon,Unknown
3431,2014.0,64081,1,Petrol,Mh-11,Automatic,Hatchback,346000,Nissan,Micra,Unknown
3432,2014.0,36861,1,Petrol,Gj-01,Manual,Hatchback,324000,Hyundai,I10,Unknown
3433,2019.0,62391,1,Petrol,Hr-13,Manual,Suv,462000,Renault,Triber,Unknown
3434,2018.0,56997,2,Petrol,Tn-03,Manual,Sedan,552000,Honda,Amaze,Unknown
3435,2016.0,87062,1,Petrol,Wb-02,Manual,Hatchback,451000,Hyundai,Elite I20,Unknown
3436,2015.0,84473,3,Diesel,Ka-20,Manual,Hatchback,592000,Maruti,Baleno,Unknown
3437,2021.0,44462,2,Petrol,Ts-09,Automatic,Suv,1217000,Maruti,Xl6,Unknown
3438,2018.0,44934,3,Petrol,Rj-45,Manual,Sedan,466000,Skoda,Rapid,Unknown
3439,2017.0,47470,1,Petrol,Ka-03,Manual,Hatchback,502000,Maruti,Ignis,Unknown
3440,2021.0,48655,1,Petrol,Ka-47,Manual,Suv,924000,Toyota,Urban Cruiser,Unknown
3441,2017.0,13907,1,Petrol,Mh-12,Automatic,Hatchback,581000,Maruti,Ignis,Unknown
3442,2010.0,80897,1,Petrol,Mp-09,Manual,Hatchback,252000,Hyundai,I10,Unknown
3443,2018.0,43453,1,Petrol,Pb-91,Automatic,Hatchback,463000,Maruti,Ignis,Unknown
3444,2018.0,81889,1,Diesel,Up-14,Manual,Hatchback,590000,Maruti,Swift,Unknown
3445,2018.0,46551,1,Diesel,Kl-41,Manual,Sedan,883000,Hyundai,Verna,Unknown
3446,2019.0,28793,1,Petrol,Up-15,Manual,Hatchback,542000,Maruti,Swift,Unknown
3447,2018.0,71156,1,Diesel,Mh-48,Manual,Hatchback,491000,Hyundai,Grand I10,Unknown
3448,2013.0,82867,2,Petrol,Tn-69,Manual,Hatchback,395000,Volkswagen,Polo,Unknown
3449,2019.0,63551,1,Petrol,Dl-3C,Automatic,Sedan,902000,Honda,City,Unknown
3450,2018.0,78662,1,Cng,Hr-36,Manual,Hatchback,574000,Hyundai,Elite I20,Unknown
3451,2016.0,86469,1,Petrol,Mh-14,Manual,Hatchback,455000,Maruti,Celerio,Unknown
3452,2016.0,96733,1,Diesel,Tn-87,Automatic,Sedan,1019000,Honda,Amaze,Unknown
3453,2018.0,67028,1,Diesel,Tn-06,Automatic,Hatchback,677000,Maruti,Swift,Unknown
3454,2013.0,107737,2,Petrol,Unknown,Manual,Hatchback,348000,Hyundai,Grand I10,Unknown
3455,2021.0,11584,1,Petrol,Ch-01,Manual,Suv,799000,Hyundai,Venue,Unknown
3456,2021.0,14485,1,Petrol,Br-01,Manual,Hatchback,783000,Maruti,Baleno,Unknown
3457,2018.0,91355,1,Diesel,Wb-24,Manual,Hatchback,515000,Hyundai,Elite I20,Unknown
3458,2018.0,61873,1,Diesel,Ts-08,Manual,Suv,881000,Ford,Ecosport,Unknown
3459,2013.0,68087,1,Cng,Dl-8C,Manual,Hatchback,257000,Hyundai,I10,Unknown
3460,2015.0,94224,2,Petrol,Ka-51,Automatic,Hatchback,372000,Maruti,Celerio,Unknown
3461,2016.0,91429,2,Diesel,Hr-26,Manual,Suv,643000,Maruti,Vitara Brezza,Unknown
3462,2017.0,45733,1,Diesel,Up-78,Manual,Suv,735000,Maruti,Vitara Brezza,Unknown
3463,2021.0,4730,1,Petrol,Mh-12,Manual,Hatchback,499000,Renault,Kwid,Unknown
3464,2018.0,44266,2,Diesel,Hr-26,Manual,Hatchback,744000,Hyundai,I20 Active,Unknown
3465,2018.0,50669,1,Cng,Mh-03,Manual,Hatchback,541000,Hyundai,New Santro,Unknown
3466,2016.0,79917,1,Petrol,Ka-05,Manual,Hatchback,384000,Hyundai,I10,Unknown
3467,2017.0,26616,1,Petrol,Ka-41,Manual,Hatchback,450000,Maruti,Celerio,Unknown
3468,2015.0,60268,2,Petrol,Mh-02,Automatic,Lux_Suv,788000,Honda,Crv,Unknown
3469,2016.0,77235,2,Cng,Mh-47,Manual,Hatchback,361000,Maruti,Wagon R 1.0,Unknown
3470,2021.0,36892,1,Cng,Br-01,Manual,Hatchback,619000,Maruti,New Wagon-R,Unknown
3471,2018.0,30412,2,Petrol,Gj-05,Manual,Hatchback,375000,Renault,Kwid,Unknown
3472,2016.0,44487,2,Petrol,Ka-53,Manual,Hatchback,303000,Renault,Kwid,Unknown
3473,2012.0,80714,1,Petrol,Kl-07,Manual,Hatchback,255000,Maruti,Wagon R 1.0,Unknown
3474,2019.0,73227,2,Petrol,Ts-08,Manual,Hatchback,493000,Maruti,Celerio X,Unknown
3475,2018.0,35050,1,Petrol,Ka-19,Manual,Hatchback,508000,Maruti,Ignis,Unknown
3476,2019.0,61307,1,Diesel,Hr-30,Manual,Suv,789000,Maruti,Vitara Brezza,Unknown
3477,2015.0,94947,1,Petrol,Ka-03,Automatic,Sedan,649000,Honda,City,Unknown
3478,2016.0,72477,2,Petrol,Br-01,Manual,Sedan,369000,Honda,Amaze,Unknown
3479,2021.0,43559,1,Petrol,Ts-07,Manual,Hatchback,572000,Tata,Tiago,Unknown
3480,2021.0,31819,1,Cng,Dl-2C,Manual,Hatchback,641000,Maruti,New Wagon-R,Unknown
3481,2011.0,57758,1,Petrol,Mh-02,Manual,Hatchback,237000,Honda,Jazz,Unknown
3482,2019.0,81827,1,Petrol,Up-13,Automatic,Hatchback,507000,Tata,Tiago,Unknown
3483,2020.0,32510,2,Petrol,Up-32,Manual,Hatchback,651000,Tata,Altroz,Unknown
3484,2021.0,34160,1,Petrol,Ts-09,Automatic,Hatchback,1006000,Hyundai,New I20,Unknown
3485,2012.0,36846,1,Petrol,Tn-10,Manual,Hatchback,325000,Maruti,Wagon R 1.0,Unknown
3486,2020.0,30820,1,Cng,Mh-12,Manual,Hatchback,549000,Hyundai,New Santro,Unknown
3487,2018.0,32876,1,Cng,Hr-85,Manual,Hatchback,433000,Maruti,Celerio,Unknown
3488,2018.0,30206,1,Petrol,Hr-36,Manual,Hatchback,671000,Hyundai,Elite I20,Unknown
3489,2021.0,48628,1,Petrol,Ka-05,Manual,Hatchback,718000,Maruti,Swift,Unknown
3490,2016.0,61126,1,Petrol,Tn-01,Manual,Hatchback,270000,Datsun,Redi Go,Unknown
3491,2010.0,87820,1,Petrol,Ka-05,Manual,Hatchback,267000,Maruti,Wagon R 1.0,Unknown
3492,2018.0,33443,1,Petrol,Hr-51,Manual,Hatchback,418000,Maruti,Wagon R 1.0,Unknown
3493,2014.0,99432,1,Diesel,Rj-14,Manual,Lux_Suv,593000,Mahindra,Xuv500,Unknown
3494,2020.0,89411,1,Petrol,Ka-51,Automatic,Sedan,563000,Maruti,Ciaz,Unknown
3495,2013.0,61308,1,Petrol,Hr-51,Manual,Hatchback,219000,Hyundai,Santro Xing,Unknown
3496,2016.0,100882,1,Cng,Mh-01,Manual,Hatchback,388000,Maruti,Celerio,Unknown
3497,2011.0,66153,1,Petrol,Mh-12,Manual,Hatchback,170000,Maruti,Alto,Unknown
3498,2017.0,66092,1,Cng,Mh-47,Manual,Hatchback,447000,Maruti,Wagon R 1.0,Unknown
3499,2019.0,69125,1,Petrol,Wb-10,Manual,Hatchback,629000,Maruti,Baleno,Unknown
3500,2015.0,33431,1,Petrol,Dl-3C,Manual,Hatchback,379000,Maruti,Swift,Unknown
3501,2011.0,82699,2,Petrol,Hr-26,Manual,Lux_Sedan,366000,Toyota,Corolla Altis,Unknown
3502,2018.0,35226,2,Petrol,Ts-08,Automatic,Suv,873000,Tata,Nexon,Unknown
3503,2011.0,88392,2,Petrol,Gj-06,Manual,Hatchback,272000,Hyundai,I20,Unknown
3504,2022.0,5943,1,Petrol,Dl-14,Manual,Hatchback,504000,Renault,Kwid,Unknown
3505,2016.0,95554,1,Petrol,Mh-12,Manual,Sedan,622800,Honda,City,Unknown
3506,2016.0,49124,2,Petrol,Tn-07,Manual,Hatchback,474000,Maruti,Wagon R 1.0,Unknown
3507,2017.0,59476,2,Petrol,Mh-03,Manual,Sedan,778000,Hyundai,Verna,Unknown
3508,2021.0,15844,1,Petrol,Gj-03,Manual,Hatchback,743000,Maruti,Baleno,Unknown
3509,2014.0,73034,3,Petrol,Ka-03,Manual,Hatchback,254000,Hyundai,Eon,Unknown
3510,2017.0,20275,1,Petrol,Dl-8C,Manual,Hatchback,493000,Maruti,Baleno,Unknown
3511,2016.0,45173,3,Petrol,Mh-12,Manual,Sedan,577000,Maruti,Ciaz,Unknown
3512,2020.0,114247,2,Diesel,Mh-04,Automatic,Sedan,616000,Honda,City,Unknown
3513,2020.0,71071,1,Petrol,Ts-15,Manual,Hatchback,364000,Maruti,Alto,Unknown
3514,2020.0,15072,2,Petrol,Hr-26,Manual,Sedan,642000,Ford,Figo Aspire,Unknown
3515,2015.0,35024,1,Petrol,Dl-4C,Automatic,Sedan,736000,Honda,City,Unknown
3516,2018.0,46003,1,Petrol,Gj-03,Manual,Hatchback,514000,Hyundai,Grand I10,Unknown
3517,2019.0,27896,1,Petrol,Dl-8C,Manual,Hatchback,338000,Maruti,Alto,Unknown
3518,2010.0,78242,1,Petrol,Ka-51,Manual,Hatchback,311000,Maruti,Ritz,Unknown
3519,2020.0,14546,1,Petrol,Mh-04,Manual,Suv,920350,Maruti,Vitara Brezza,Unknown
3520,2021.0,20183,1,Petrol,Dl-9C,Manual,Sedan,664000,Hyundai,Aura,Unknown
3521,2018.0,33483,2,Petrol,Tn-14,Manual,Hatchback,673000,Hyundai,Elite I20,Unknown
3522,2017.0,52052,2,Petrol,Ts-15,Manual,Hatchback,296000,Maruti,Alto 800,Unknown
3523,2017.0,34799,1,Diesel,Ka-04,Manual,Hatchback,700000,Maruti,Baleno,Unknown
3524,2014.0,38170,1,Diesel,Ka-05,Manual,Hatchback,452000,Maruti,Ritz,Unknown
3525,2019.0,23072,1,Petrol,Tn-06,Manual,Hatchback,326000,Datsun,Redi Go,Unknown
3526,2018.0,40235,2,Petrol,Ts-07,Manual,Hatchback,535000,Hyundai,Grand I10,Unknown
3527,2010.0,90671,1,Petrol,Tn-22,Manual,Hatchback,197000,Maruti,Alto,Unknown
3528,2018.0,45621,1,Petrol,Ka-03,Manual,Sedan,820000,Hyundai,Verna,Unknown
3529,2016.0,72842,1,Petrol,Rj-14,Automatic,Hatchback,428650,Hyundai,Grand I10,Unknown
3530,2017.0,27169,1,Petrol,Gj-01,Manual,Hatchback,486000,Hyundai,Grand I10,Unknown
3531,2016.0,91660,1,Petrol,Ka-01,Manual,Hatchback,641000,Hyundai,Elite I20,Unknown
3532,2015.0,75022,2,Petrol,Kl-47,Manual,Hatchback,202000,Hyundai,Eon,Unknown
3533,2021.0,26757,1,Petrol,Gj-01,Manual,Hatchback,446000,Renault,Kwid,Unknown
3534,2015.0,80025,2,Petrol,Dl-1C,Manual,Hatchback,387000,Maruti,Swift,Unknown
3535,2021.0,36390,1,Petrol,Tn-23,Manual,Hatchback,889000,Renault,Kiger,Unknown
3536,2014.0,69762,3,Petrol,Ka-04,Manual,Sedan,400000,Honda,Amaze,Unknown
3537,2015.0,29214,3,Petrol,Mh-12,Automatic,Sedan,574000,Maruti,Ciaz,Unknown
3538,2021.0,28647,1,Cng,Ka-50,Manual,Hatchback,585000,Maruti,New Wagon-R,Unknown
3539,2019.0,17941,2,Petrol,Br-06,Manual,Hatchback,334000,Maruti,Alto,Unknown
3540,2020.0,24488,1,Diesel,Ka-04,Automatic,Lux_Suv,1934000,Mahindra,Xuv500,Unknown
3541,2017.0,84422,1,Petrol,Ka-53,Manual,Hatchback,520000,Maruti,Baleno,Unknown
3542,2017.0,28802,1,Petrol,Ka-01,Manual,Hatchback,701000,Maruti,Baleno,Unknown
3543,2019.0,78396,1,Petrol,Ts-15,Automatic,Suv,1294000,Kia,Seltos,Unknown
3544,2017.0,28059,2,Petrol,Wb-26,Manual,Suv,423000,Mahindra,Kuv 100 Nxt,Unknown
3545,2016.0,93194,1,Diesel,Mh-04,Manual,Suv,692000,Maruti,Vitara Brezza,Unknown
3546,2016.0,68988,2,Petrol,Mh-48,Manual,Hatchback,289000,Renault,Kwid,Unknown
3547,2021.0,80881,2,Petrol,Tn-12,Manual,Sedan,407000,Hyundai,Aura,Unknown
3548,2021.0,80672,2,Diesel,Ts-08,Manual,Sedan,854000,Honda,City,Unknown
3549,2019.0,59272,1,Petrol,Mp-04,Manual,Hatchback,717000,Toyota,Glanza,Unknown
3550,2016.0,101623,1,Petrol,Unknown,Manual,Hatchback,339000,Hyundai,I10,Unknown
3551,2010.0,17300,1,Petrol,Ap-29,Manual,Hatchback,298000,Hyundai,I10,Unknown
3552,2019.0,111882,3,Petrol,Unknown,Automatic,Sedan,471000,Toyota,Yaris,Unknown
3553,2020.0,20580,2,Petrol,Up-78,Manual,Hatchback,663000,Toyota,Glanza,Unknown
3554,2020.0,26967,1,Petrol,Dl-8C,Manual,Suv,569000,Mahindra,Kuv 100 Nxt,Unknown
3555,2016.0,42167,2,Petrol,Tn-12,Manual,Hatchback,325000,Renault,Kwid,Unknown
3556,2017.0,85677,3,Cng,Mh-05,Manual,Suv,787000,Maruti,Ertiga,Unknown
3557,2022.0,32928,1,Diesel,Pb-02,Automatic,Suv,1277000,Tata,Nexon,Unknown
3558,2013.0,78698,2,Petrol,Dl-12,Manual,Hatchback,291000,Hyundai,I20,Unknown
3559,2019.0,35789,2,Petrol,Ka-50,Automatic,Hatchback,514000,Maruti,Celerio,Unknown
3560,2012.0,97310,1,Petrol,Up-80,Manual,Hatchback,301000,Maruti,Swift,Unknown
3561,2016.0,75124,1,Petrol,Tn-09,Manual,Hatchback,581000,Maruti,Baleno,Unknown
3562,2017.0,29041,1,Petrol,Ka-53,Manual,Hatchback,711000,Hyundai,Elite I20,Unknown
3563,2021.0,6200,1,Petrol,Ka-19,Manual,Hatchback,576000,Renault,Kwid,Unknown
3564,2016.0,60937,1,Petrol,Up-16,Automatic,Hatchback,702000,Hyundai,Elite I20,Unknown
3565,2020.0,40847,1,Petrol,Br-31,Automatic,Hatchback,407000,Datsun,Redi Go,Unknown
3566,2012.0,64958,2,Diesel,Ka-01,Manual,Hatchback,361000,Hyundai,I20,Unknown
3567,2016.0,75848,2,Diesel,Tn-23,Manual,Lux_Suv,1089000,Mahindra,Xuv500,Unknown
3568,2019.0,43872,2,Petrol,Ts-09,Manual,Sedan,770000,Toyota,Yaris,Unknown
3569,2019.0,117382,1,Petrol,Unknown,Manual,Sedan,725000,Toyota,Yaris,Unknown
3570,2016.0,81225,1,Petrol,Mh-14,Automatic,Hatchback,436000,Maruti,Celerio,Unknown
3571,2021.0,23479,1,Petrol,Tn-12,Manual,Hatchback,391000,Maruti,Alto,Unknown
3572,2010.0,43679,1,Petrol,Ka-51,Manual,Hatchback,273000,Hyundai,I10,Unknown
3573,2017.0,65276,1,Petrol,Ts-15,Automatic,Hatchback,466000,Maruti,Celerio,Unknown
3574,2020.0,45364,1,Petrol,Mh-47,Manual,Hatchback,546000,Tata,Tiago,Unknown
3575,2017.0,17556,1,Petrol,Gj-01,Manual,Hatchback,520000,Hyundai,Grand I10,Unknown
3576,2015.0,41309,1,Petrol,Dl-8C,Automatic,Sedan,661000,Honda,City,Unknown
3577,2013.0,78872,2,Diesel,Mh-03,Manual,Sedan,442200,Hyundai,Verna,Unknown
3578,2018.0,42139,1,Petrol,Hr-26,Manual,Sedan,790000,Maruti,Dzire,Unknown
3579,2017.0,86533,1,Diesel,Up-14,Manual,Suv,542000,Renault,Captur,Unknown
3580,2019.0,33459,2,Petrol,Hr-10,Manual,Hatchback,661000,Maruti,Baleno,Unknown
3581,2011.0,87753,1,Petrol,Dl-7C,Manual,Hatchback,212000,Hyundai,I20,Unknown
3582,2017.0,29620,1,Petrol,Mp-09,Manual,Hatchback,577000,Hyundai,Elite I20,Unknown
3583,2012.0,122714,1,Petrol,Unknown,Manual,Hatchback,403000,Maruti,Swift,Unknown
3584,2020.0,9564,1,Petrol,Dl-12,Manual,Suv,801000,Hyundai,Venue,Unknown
3585,2016.0,76381,1,Petrol,Mh-12,Manual,Hatchback,307000,Nissan,Micra Active,Unknown
3586,2016.0,29782,2,Petrol,Ka-03,Manual,Hatchback,637000,Maruti,Baleno,Unknown
3587,2021.0,6573,1,Petrol,Wb-08,Manual,Hatchback,364000,Datsun,Redi Go,Unknown
3588,2019.0,43415,1,Cng,Mh-04,Manual,Hatchback,494000,Hyundai,New Santro,Unknown
3589,2016.0,30752,1,Petrol,Hr-51,Automatic,Hatchback,502000,Honda,Brio,Unknown
3590,2015.0,81868,2,Petrol,Ka-05,Automatic,Hatchback,498000,Hyundai,Grand I10,Unknown
3591,2022.0,3592,1,Petrol,Up-32,Manual,Hatchback,600000,Maruti,Celerio,Unknown
3592,2019.0,16174,1,Petrol,Dl-12,Manual,Hatchback,421000,Renault,Kwid,Unknown
3593,2019.0,22863,2,Petrol,Hr-51,Manual,Hatchback,423000,Maruti,New Wagon-R,Unknown
3594,2019.0,47815,2,Petrol,Up-80,Manual,Sedan,730000,Honda,City,Unknown
3595,2010.0,15347,1,Petrol,Dl-2C,Manual,Hatchback,199000,Maruti,Wagon R 1.0,Unknown
3596,2017.0,72575,1,Petrol,Gj-01,Manual,Sedan,538000,Hyundai,Verna,Unknown
3597,2016.0,55286,1,Petrol,Tn-01,Automatic,Suv,940000,Hyundai,Creta,Unknown
3598,2014.0,15817,1,Petrol,Ts-08,Manual,Sedan,841000,Volkswagen,Jetta,Unknown
3599,2017.0,50193,1,Diesel,Mh-12,Manual,Hatchback,687000,Maruti,Baleno,Unknown
3600,2016.0,44253,2,Petrol,Ka-53,Manual,Hatchback,698000,Maruti,Baleno,Unknown
3601,2016.0,92890,1,Petrol,Hr-51,Manual,Hatchback,483000,Maruti,Baleno,Unknown
3602,2017.0,46813,1,Petrol,Ts-09,Manual,Suv,971000,Hyundai,Creta,Unknown
3603,2018.0,74221,1,Diesel,Hr-36,Manual,Suv,745000,Maruti,Vitara Brezza,Unknown
3604,2020.0,44069,1,Petrol,Mh-20,Manual,Sedan,581000,Honda,Amaze,Unknown
3605,2020.0,22475,1,Petrol,Hr-29,Automatic,Hatchback,486000,Renault,Kwid,Unknown
3606,2018.0,24390,2,Petrol,Wb-02,Manual,Hatchback,555000,Maruti,Baleno,Unknown
3607,2018.0,20102,2,Petrol,Up-32,Manual,Hatchback,311000,Hyundai,Eon,Unknown
3608,2013.0,87012,2,Diesel,Ka-25,Automatic,Sedan,638000,Honda,City,Unknown
3609,2014.0,56150,1,Petrol,Mh-43,Manual,Hatchback,444000,Maruti,Swift,Unknown
3610,2021.0,23673,1,Petrol,Up-32,Manual,Suv,743000,Honda,Wr-V,Unknown
3611,2017.0,75836,1,Petrol,Dl-10,Automatic,Lux_Sedan,1089000,Toyota,Corolla Altis,Unknown
3612,2016.0,63848,2,Petrol,Mh-01,Manual,Hatchback,379000,Maruti,Celerio,Unknown
3613,2021.0,12295,1,Cng,Mh-43,Manual,Hatchback,689000,Hyundai,Grand I10 Nios,Unknown
3614,2014.0,63788,1,Petrol,Mh-02,Manual,Hatchback,481000,Hyundai,Elite I20,Unknown
3615,2014.0,44597,1,Petrol,Wb-06,Manual,Hatchback,278000,Maruti,Swift,Unknown
3616,2013.0,73845,1,Diesel,Mh-03,Manual,Suv,512000,Nissan,Terrano,Unknown
3617,2018.0,29588,1,Petrol,Hr-51,Manual,Sedan,629000,Toyota,Yaris,Unknown
3618,2017.0,93189,1,Diesel,Hr-30,Manual,Suv,588000,Maruti,Vitara Brezza,Unknown
3619,2019.0,61449,1,Diesel,Ch-01,Manual,Suv,801000,Hyundai,Venue,Unknown
3620,2018.0,47340,2,Cng,Gj-01,Manual,Hatchback,439000,Nissan,Micra Active,Unknown
3621,2017.0,47837,1,Petrol,Gj-01,Manual,Hatchback,313000,Renault,Kwid,Unknown
3622,2013.0,45015,1,Petrol,Dl-2C,Manual,Hatchback,340000,Maruti,Swift,Unknown
3623,2016.0,44688,1,Petrol,Mh-12,Manual,Hatchback,536000,Honda,Jazz,Unknown
3624,2017.0,36647,2,Petrol,Ka-01,Automatic,Lux_Sedan,1075650,Hyundai,New Elantra,Unknown
3625,2013.0,36140,1,Petrol,Ts-13,Manual,Sedan,576000,Maruti,Swift Dzire,Unknown
3626,2010.0,46972,2,Petrol,Ka-51,Manual,Hatchback,305000,Hyundai,I10,Unknown
3627,2017.0,64917,2,Petrol,Ka-02,Manual,Hatchback,616000,Maruti,Swift,Unknown
3628,2021.0,69791,1,Petrol,Ts-09,Manual,Sedan,638000,Maruti,Ciaz,Unknown
3629,2021.0,7985,1,Petrol,Pb-08,Manual,Hatchback,605000,Hyundai,Grand I10 Nios,Unknown
3630,2019.0,40796,2,Diesel,Mh-15,Automatic,Suv,957000,Mahindra,Xuv 3Oo,Unknown
3631,2021.0,51617,1,Petrol,Wb-18,Manual,Sedan,537000,Tata,Tigor,Unknown
3632,2021.0,23190,1,Diesel,Tn-99,Manual,Hatchback,935000,Tata,Altroz,Unknown
3633,2019.0,47456,1,Petrol,Ka-01,Automatic,Sedan,1344000,Honda,City,Unknown
3634,2020.0,31882,1,Petrol,Pb-65,Automatic,Suv,937000,Maruti,Xl6,Unknown
3635,2019.0,69353,1,Petrol,Mh-49,Automatic,Hatchback,695000,Hyundai,Grand I10 Nios,Unknown
3636,2019.0,43697,1,Petrol,Hr-10,Manual,Hatchback,579000,Maruti,Baleno,Unknown
3637,2016.0,77168,2,Petrol,Up-33,Manual,Hatchback,232000,Maruti,Alto 800,Unknown
3638,2017.0,45620,2,Petrol,Up-16,Manual,Sedan,584000,Maruti,Dzire,Unknown
3639,2017.0,51947,2,Petrol,Ka-05,Manual,Sedan,757000,Hyundai,Verna,Unknown
3640,2018.0,79695,1,Diesel,Ts-07,Automatic,Hatchback,759000,Maruti,Swift,Unknown
3641,2021.0,22808,1,Petrol,Up-32,Manual,Hatchback,781000,Maruti,Baleno,Unknown
3642,2020.0,26640,1,Petrol,Hr-72,Manual,Hatchback,430000,Renault,Kwid,Unknown
3643,2019.0,30513,1,Petrol,Dl-7C,Manual,Sedan,503000,Maruti,Ciaz,Unknown
3644,2014.0,56750,1,Petrol,Hr-26,Manual,Hatchback,390000,Hyundai,Grand I10,Unknown
3645,2013.0,60200,2,Cng,Gj-02,Manual,Sedan,600000,Skoda,Rapid,Unknown
3646,2014.0,29575,1,Petrol,Tn-22,Manual,Hatchback,413000,Hyundai,Grand I10,Unknown
3647,2020.0,30751,1,Petrol,Gj-01,Automatic,Suv,1684000,Hyundai,Creta,Unknown
3648,2015.0,43159,3,Petrol,Mh-05,Manual,Hatchback,493000,Hyundai,Elite I20,Unknown
3649,2020.0,84657,1,Cng,Gj-01,Manual,Sedan,541000,Honda,Amaze,Unknown
3650,2019.0,69784,1,Petrol,Rj-45,Manual,Hatchback,560000,Maruti,Swift,Unknown
3651,2014.0,70145,1,Petrol,Ts-07,Manual,Hatchback,276000,Maruti,Alto 800,Unknown
3652,2017.0,17737,1,Petrol,Mh-12,Automatic,Sedan,785000,Hyundai,Verna,Unknown
3653,2016.0,66630,2,Petrol,Gj-01,Manual,Hatchback,577000,Hyundai,Elite I20,Unknown
3654,2017.0,94926,1,Diesel,Ka-05,Manual,Hatchback,705000,Maruti,Swift,Unknown
3655,2019.0,35889,1,Petrol,Mh-46,Manual,Hatchback,599000,Hyundai,Elite I20,Unknown
3656,2014.0,79320,1,Petrol,Dl-4C,Manual,Hatchback,340000,Maruti,Swift,Unknown
3657,2016.0,20049,2,Petrol,Mh-02,Automatic,Hatchback,612000,Maruti,Baleno,Unknown
3658,2011.0,67314,1,Petrol,Wb-06,Manual,Hatchback,169000,Hyundai,I10,Unknown
3659,2016.0,70625,1,Diesel,Gj-01,Manual,Suv,615000,Mahindra,Tuv300,Unknown
3660,2012.0,124401,1,Petrol,Unknown,Manual,Hatchback,201000,Maruti,Ritz,Unknown
3661,2020.0,33437,1,Diesel,Ka-41,Automatic,Sedan,1658000,Toyota,Yaris,Unknown
3662,2011.0,52807,1,Diesel,Pb-03,Manual,Sedan,550000,Hyundai,Verna,Unknown
3663,2019.0,66854,2,Petrol,Tn-02,Automatic,Sedan,843000,Honda,Amaze,Unknown
3664,2018.0,59028,1,Petrol,Ts-17,Manual,Hatchback,477000,Maruti,Celerio,Unknown
3665,2021.0,23861,1,Petrol,Tn-14,Manual,Suv,880000,Honda,Wr-V,Unknown
3666,2020.0,96940,1,Petrol,Ap-39,Automatic,Sedan,940000,Toyota,Yaris,Unknown
3667,2014.0,51028,1,Diesel,Tn-14,Manual,Sedan,568000,Maruti,Swift Dzire,Unknown
3668,2010.0,82224,1,Petrol,Dl-3C,Manual,Hatchback,157000,Maruti,Zen Estilo,Unknown
3669,2021.0,32150,1,Cng,Dl-7C,Manual,Hatchback,551000,Hyundai,New Santro,Unknown
3670,2019.0,61113,1,Petrol,Wb-26,Automatic,Hatchback,742000,Maruti,Baleno,Unknown
3671,2013.0,90106,2,Diesel,Ka-01,Manual,Hatchback,388000,Hyundai,I20,Unknown
3672,2017.0,84685,1,Petrol,Mh-12,Manual,Hatchback,318000,Maruti,Alto 800,Unknown
3673,2017.0,41500,2,Petrol,Ka-05,Automatic,Hatchback,728000,Maruti,Baleno,Unknown
3674,2018.0,10821,1,Petrol,Ka-04,Manual,Sedan,781000,Hyundai,Verna,Unknown
3675,2015.0,80029,1,Petrol,Dl-9C,Manual,Hatchback,323000,Maruti,Celerio,Unknown
3676,2020.0,56177,1,Petrol,Gj-18,Manual,Hatchback,644000,Maruti,Baleno,Unknown
3677,2018.0,27122,1,Petrol,Dl-8C,Manual,Hatchback,605000,Maruti,Baleno,Unknown
3678,2021.0,32161,1,Petrol,Hr-72,Manual,Hatchback,545000,Maruti,Swift,Unknown
3679,2017.0,40795,1,Petrol,Dl-4C,Manual,Hatchback,474000,Hyundai,Grand I10,Unknown
3680,2016.0,41207,1,Petrol,Tn-05,Manual,Sedan,666000,Hyundai,Verna,Unknown
3681,2022.0,8001,1,Petrol,Gj-01,Automatic,Suv,866250,Tata,Punch,Unknown
3682,2018.0,51052,1,Cng,Mh-14,Manual,Hatchback,536000,Maruti,Celerio,Unknown
3683,2013.0,88163,2,Diesel,Ka-51,Manual,Hatchback,454000,Maruti,Swift,Unknown
3684,2019.0,32435,1,Petrol,Mh-43,Manual,Suv,612000,Renault,Triber,Unknown
3685,2019.0,33836,1,Petrol,Up-16,Automatic,Sedan,981000,Honda,Civic,Unknown
3686,2017.0,29517,1,Petrol,Ka-51,Automatic,Sedan,1037000,Honda,City,Unknown
3687,2016.0,53326,2,Petrol,Ts-03,Manual,Sedan,660000,Honda,City,Unknown
3688,2011.0,62929,1,Petrol,Up-80,Manual,Hatchback,280000,Hyundai,I20,Unknown
3689,2015.0,59295,1,Diesel,Up-16,Manual,Suv,406000,Nissan,Terrano,Unknown
3690,2018.0,34240,1,Petrol,Ka-68,Manual,Hatchback,385000,Maruti,Alto K10,Unknown
3691,2018.0,51414,1,Petrol,Mh-47,Manual,Sedan,580000,Honda,City,Unknown
3692,2019.0,40481,1,Petrol,Wb-26,Manual,Hatchback,378000,Renault,Kwid,Unknown
3693,2018.0,33043,1,Petrol,Pb-70,Manual,Hatchback,326000,Maruti,Alto 800,Unknown
3694,2017.0,88386,2,Cng,Gj-01,Manual,Hatchback,400000,Maruti,Celerio,Unknown
3695,2014.0,32940,2,Petrol,Mh-12,Manual,Hatchback,277000,Maruti,Alto K10,Unknown
3696,2015.0,52439,3,Petrol,Gj-05,Manual,Hatchback,324000,Maruti,Wagon R 1.0,Unknown
3697,2016.0,40463,1,Petrol,Wb-02,Manual,Hatchback,230000,Maruti,Alto 800,Unknown
3698,2011.0,118300,2,Petrol,Unknown,Manual,Hatchback,274000,Hyundai,I10,Unknown
3699,2017.0,113785,1,Petrol,Unknown,Automatic,Hatchback,414000,Maruti,Celerio,Unknown
3700,2019.0,43159,1,Petrol,Mh-12,Automatic,Hatchback,669000,Ford,New Figo,Unknown
3701,2013.0,69748,2,Petrol,Ka-09,Manual,Hatchback,448000,Maruti,Swift,Unknown
3702,2014.0,75603,1,Diesel,Wb-08,Manual,Suv,483000,Maruti,Ertiga,Unknown
3703,2014.0,40337,1,Petrol,Ka-53,Manual,Hatchback,599000,Maruti,Swift,Unknown
3704,2019.0,19613,1,Petrol,Dl-8C,Manual,Hatchback,634000,Maruti,Baleno,Unknown
3705,2010.0,61302,1,Petrol,Dl-1C,Manual,Hatchback,262000,Hyundai,I20,Unknown
3706,2017.0,69786,2,Petrol,Tn-10,Manual,Hatchback,604000,Hyundai,I20 Active,Unknown
3707,2021.0,20593,1,Petrol,Dl-8C,Manual,Suv,1016000,Maruti,Xl6,Unknown
3708,2021.0,15036,1,Diesel,Gj-01,Automatic,Suv,1248000,Mahindra,Xuv 3Oo,Unknown
3709,2012.0,37480,2,Petrol,Mh-01,Manual,Hatchback,347000,Maruti,Swift,Unknown
3710,2013.0,70254,3,Petrol,Dl-6C,Manual,Hatchback,297000,Maruti,Swift,Unknown
3711,2012.0,117622,1,Diesel,Mh-31,Manual,Hatchback,335000,Maruti,Swift,Unknown
3712,2019.0,73019,1,Petrol,Mh-40,Manual,Suv,855000,Tata,Nexon,Unknown
3713,2018.0,87335,1,Cng,Mh-02,Automatic,Sedan,636000,Honda,Amaze,Unknown
3714,2018.0,62700,2,Petrol,Ka-51,Manual,Suv,550000,Ford,Freestyle,Unknown
3715,2019.0,39777,1,Petrol,Ka-05,Automatic,Lux_Sedan,1800000,Skoda,Octavia,Unknown
3716,2019.0,59689,1,Cng,Mh-12,Manual,Hatchback,528000,Hyundai,Grand I10,Unknown
3717,2021.0,15286,2,Cng,Mh-04,Manual,Hatchback,470000,Maruti,S Presso,Unknown
3718,2018.0,42841,1,Diesel,Mh-03,Manual,Suv,789000,Honda,Wr-V,Unknown
3719,2018.0,61189,1,Petrol,Mp-15,Manual,Hatchback,443000,Hyundai,Grand I10,Unknown
3720,2018.0,28364,1,Petrol,Mh-12,Manual,Hatchback,495000,Hyundai,New Santro,Unknown
3721,2016.0,86894,1,Petrol,Gj-27,Manual,Sedan,504000,Honda,Amaze,Unknown
3722,2017.0,80700,1,Cng,Mh-04,Manual,Hatchback,448000,Hyundai,Grand I10,Unknown
3723,2021.0,6227,1,Petrol,Kl-05,Manual,Hatchback,358000,Datsun,Redi Go,Unknown
3724,2018.0,57300,1,Petrol,Tn-11,Manual,Hatchback,302000,Maruti,Alto 800,Unknown
3725,2016.0,36589,1,Petrol,Mh-43,Manual,Hatchback,429000,Toyota,Etios Liva,Unknown
3726,2016.0,52263,1,Petrol,Mh-31,Manual,Hatchback,441000,Hyundai,Grand I10,Unknown
3727,2016.0,74374,1,Petrol,Dl-14,Manual,Hatchback,439000,Honda,Jazz,Unknown
3728,2010.0,69975,1,Petrol,Dl-3C,Manual,Sedan,193000,Maruti,Swift Dzire,Unknown
3729,2012.0,121735,2,Petrol,Unknown,Manual,Hatchback,331000,Toyota,Etios Liva,Unknown
3730,2016.0,34108,1,Petrol,Ka-04,Automatic,Sedan,733000,Hyundai,Verna,Unknown
3731,2013.0,73065,1,Petrol,Ka-04,Manual,Hatchback,254800,Maruti,Alto 800,Unknown
3732,2018.0,42839,2,Petrol,Kl-11,Manual,Hatchback,605000,Hyundai,Elite I20,Unknown
3733,2021.0,42238,1,Petrol,Rj-45,Manual,Hatchback,382000,Renault,Kwid,Unknown
3734,2018.0,13535,2,Petrol,Mp-09,Automatic,Hatchback,501000,Maruti,Ignis,Unknown
3735,2014.0,62134,2,Petrol,Mh-05,Manual,Suv,614000,Maruti,Ertiga,Unknown
3736,2015.0,35215,1,Petrol,Dl-12,Manual,Hatchback,311000,Hyundai,I10,Unknown
3737,2015.0,76938,1,Petrol,Ka-01,Manual,Hatchback,398800,Hyundai,I10,Unknown
3738,2021.0,14130,1,Petrol,Pb-09,Manual,Hatchback,594000,Maruti,Baleno,Unknown
3739,2022.0,25533,1,Cng,Mh-12,Manual,Sedan,877000,Tata,Tigor,Unknown
3740,2018.0,37132,1,Petrol,Mh-04,Manual,Hatchback,591000,Hyundai,Elite I20,Unknown
3741,2014.0,62884,1,Petrol,Wb-24,Manual,Hatchback,179000,Datsun,Go,Unknown
3742,2021.0,27839,1,Petrol,Ka-14,Manual,Hatchback,801000,Renault,Kiger,Unknown
3743,2010.0,79011,1,Petrol,Dl-9C,Manual,Hatchback,166000,Maruti,Alto K10,Unknown
3744,2016.0,115758,1,Petrol,Unknown,Manual,Hatchback,424000,Hyundai,Grand I10,Unknown
3745,2021.0,15727,1,Petrol,Gj-05,Manual,Hatchback,407000,Maruti,Alto,Unknown
3746,2013.0,56780,2,Petrol,Ka-04,Manual,Hatchback,207000,Hyundai,Eon,Unknown
3747,2011.0,117773,1,Petrol,Unknown,Manual,Hatchback,271000,Volkswagen,Polo,Unknown
3748,2020.0,8142,2,Petrol,Hr-26,Manual,Hatchback,365000,Maruti,Alto,Unknown
3749,2020.0,92108,1,Diesel,Hr-36,Manual,Suv,1061000,Hyundai,Creta,Unknown
3750,2015.0,13267,1,Petrol,Mh-47,Manual,Sedan,816000,Honda,City,Unknown
3751,2016.0,58426,1,Petrol,Tn-09,Manual,Hatchback,394000,Maruti,Wagon R 1.0,Unknown
3752,2020.0,63008,1,Petrol,Ts-09,Automatic,Suv,1778000,Kia,Seltos,Unknown
3753,2020.0,76419,1,Petrol,Tn-11,Manual,Hatchback,630000,Maruti,Swift,Unknown
3754,2018.0,40003,2,Petrol,Ka-01,Manual,Hatchback,334000,Renault,Kwid,Unknown
3755,2016.0,62979,2,Petrol,Kl-07,Manual,Hatchback,549000,Maruti,Swift,Unknown
3756,2010.0,53614,1,Petrol,Mh-14,Manual,Hatchback,171000,Maruti,Alto K10,Unknown
3757,2015.0,53645,1,Petrol,Ts-07,Manual,Hatchback,363000,Maruti,Wagon R 1.0,Unknown
3758,2021.0,22321,1,Petrol,Gj-01,Manual,Hatchback,658000,Maruti,Swift,Unknown
3759,2010.0,23937,2,Petrol,Up-14,Manual,Hatchback,172000,Hyundai,I10,Unknown
3760,2016.0,37871,1,Petrol,Dl-1C,Manual,Hatchback,566000,Hyundai,Elite I20,Unknown
3761,2013.0,121617,2,Petrol,Unknown,Manual,Hatchback,379000,Maruti,Swift,Unknown
3762,2013.0,63628,3,Petrol,Gj-01,Manual,Hatchback,181000,Hyundai,Eon,Unknown
3763,2014.0,37991,1,Petrol,Dl-9C,Manual,Sedan,686000,Honda,City,Unknown
3764,2013.0,63744,1,Petrol,Ap-28,Manual,Hatchback,281000,Maruti,Wagon R 1.0,Unknown
3765,2017.0,28490,1,Petrol,Gj-27,Manual,Hatchback,518000,Hyundai,Grand I10,Unknown
3766,2018.0,51866,1,Petrol,Mh-49,Manual,Hatchback,327000,Maruti,Alto 800,Unknown
3767,2018.0,50535,2,Petrol,Up-78,Manual,Sedan,788000,Hyundai,Verna,Unknown
3768,2019.0,30013,1,Petrol,Mh-12,Manual,Hatchback,565000,Maruti,Ignis,Unknown
3769,2019.0,24300,2,Petrol,Br-01,Manual,Hatchback,490000,Maruti,Swift,Unknown
3770,2017.0,45376,1,Petrol,Kl-66,Manual,Hatchback,386000,Maruti,Wagon R 1.0,Unknown
3771,2015.0,20817,1,Petrol,Tn-04,Manual,Hatchback,527000,Maruti,Swift,Unknown
3772,2015.0,84771,2,Petrol,Wb-24,Manual,Hatchback,340000,Maruti,Swift,Unknown
3773,2017.0,63016,1,Petrol,Mh-14,Automatic,Hatchback,355000,Maruti,Alto K10,Unknown
3774,2018.0,66502,1,Diesel,Up-37,Automatic,Suv,791000,Maruti,Vitara Brezza,Unknown
3775,2020.0,37312,1,Petrol,Ts-19,Manual,Suv,1024000,Hyundai,Venue,Unknown
3776,2017.0,49044,1,Petrol,Rj-14,Automatic,Sedan,855000,Honda,City,Unknown
3777,2019.0,56529,1,Petrol,Dl-11,Manual,Suv,715000,Honda,Wr-V,Unknown
3778,2017.0,120311,1,Petrol,Unknown,Automatic,Hatchback,623000,Maruti,Baleno,Unknown
3779,2017.0,30027,1,Petrol,Br-01,Manual,Hatchback,366000,Maruti,Wagon R 1.0,Unknown
3780,2019.0,63802,2,Petrol,Ts-07,Manual,Hatchback,681000,Maruti,Swift,Unknown
3781,2019.0,83261,2,Petrol,Ka-03,Manual,Sedan,606000,Tata,Tigor,Unknown
3782,2013.0,108636,1,Petrol,Unknown,Manual,Hatchback,219000,Maruti,Alto 800,Unknown
3783,2021.0,21080,1,Petrol,Tn-07,Manual,Hatchback,542000,Hyundai,New Santro,Unknown
3784,2022.0,14757,1,Petrol,Pb-08,Manual,Hatchback,482000,Maruti,S Presso,Unknown
3785,2015.0,38338,1,Petrol,Mp-04,Manual,Sedan,505000,Maruti,Swift Dzire,Unknown
3786,2019.0,82948,1,Diesel,Wb-02,Manual,Sedan,576000,Maruti,Ciaz,Unknown
3787,2016.0,87921,1,Petrol,Mh-02,Automatic,Suv,946000,Hyundai,Creta,Unknown
3788,2015.0,58475,1,Petrol,Hr-51,Manual,Hatchback,241000,Maruti,Alto K10,Unknown
3789,2017.0,61374,1,Petrol,Mh-46,Manual,Hatchback,315000,Renault,Kwid,Unknown
3790,2014.0,68306,1,Petrol,Ka-03,Manual,Hatchback,534000,Maruti,Swift,Unknown
3791,2011.0,54477,2,Petrol,Dl-10,Manual,Sedan,761000,Honda,City,Unknown
3792,2015.0,45622,1,Petrol,Mh-03,Manual,Sedan,340000,Maruti,Swift Dzire,Unknown
3793,2015.0,70945,2,Petrol,Ka-06,Manual,Hatchback,360000,Hyundai,I10,Unknown
3794,2018.0,28971,1,Petrol,Kl-39,Automatic,Hatchback,412000,Maruti,Alto K10,Unknown
3795,2019.0,34290,1,Petrol,Mh-43,Automatic,Suv,988000,Hyundai,Venue,Unknown
3796,2020.0,47833,1,Petrol,Gj-01,Manual,Sedan,865000,Hyundai,Verna,Unknown
3797,2017.0,99511,1,Petrol,Mh-47,Manual,Hatchback,513000,Maruti,Swift,Unknown
3798,2018.0,18046,2,Petrol,Ka-03,Automatic,Sedan,855000,Hyundai,Verna,Unknown
3799,2020.0,54956,1,Diesel,Tn-78,Manual,Suv,1148000,Kia,Sonet,Unknown
3800,2017.0,77813,1,Diesel,Mh-04,Manual,Hatchback,602000,Maruti,Baleno,Unknown
3801,2020.0,19472,1,Petrol,Ka-04,Manual,Sedan,1070000,Maruti,Ciaz,Unknown
3802,2022.0,29930,1,Petrol,Hr-34,Manual,Hatchback,343000,Maruti,Alto,Unknown
3803,2016.0,72534,1,Petrol,Ka-04,Manual,Hatchback,644000,Hyundai,Elite I20,Unknown
3804,2018.0,34430,2,Petrol,Ts-07,Automatic,Hatchback,420350,Renault,Kwid,Unknown
3805,2018.0,41545,1,Petrol,Mh-12,Manual,Sedan,575000,Honda,Amaze,Unknown
3806,2013.0,59978,2,Petrol,Wb-02,Manual,Suv,430000,Ford,Ecosport,Unknown
3807,2019.0,34825,1,Petrol,Up-32,Manual,Hatchback,590000,Hyundai,Elite I20,Unknown
3808,2017.0,80137,1,Petrol,Dl-8C,Manual,Hatchback,501000,Maruti,Baleno,Unknown
3809,2018.0,41462,1,Petrol,Ka-01,Automatic,Sedan,1102000,Maruti,Dzire,Unknown
3810,2017.0,46754,1,Petrol,Tn-07,Manual,Hatchback,539000,Maruti,Baleno,Unknown
3811,2019.0,18223,1,Petrol,Dl-10,Manual,Hatchback,580000,Hyundai,Grand I10 Nios,Unknown
3812,2021.0,70179,1,Petrol,Wb-42,Manual,Sedan,532000,Tata,Tigor,Unknown
3813,2019.0,23724,1,Petrol,Mh-14,Manual,Suv,833000,Ford,Ecosport,Unknown
3814,2018.0,94521,1,Diesel,Ch-01,Manual,Suv,718000,Ford,Ecosport,Unknown
3815,2019.0,35706,1,Petrol,Gj-09,Manual,Suv,846000,Hyundai,Venue,Unknown
3816,2012.0,97868,1,Diesel,Ka-34,Manual,Hatchback,456000,Maruti,Swift,Unknown
3817,2021.0,38814,1,Petrol,Dl-14,Manual,Sedan,627000,Hyundai,Aura,Unknown
3818,2014.0,16608,1,Petrol,Ka-51,Automatic,Hatchback,526000,Hyundai,Grand I10,Unknown
3819,2019.0,94218,1,Diesel,Ka-02,Manual,Sedan,611000,Honda,Amaze,Unknown
3820,2017.0,23727,1,Petrol,Hr-87,Manual,Hatchback,425000,Maruti,Ignis,Unknown
3821,2018.0,51078,1,Petrol,Dl-3C,Manual,Sedan,390000,Hyundai,Verna,Unknown
3822,2017.0,22171,1,Petrol,Dl-4C,Manual,Hatchback,426000,Maruti,Swift,Unknown
3823,2017.0,6596,1,Petrol,Mh-43,Manual,Hatchback,335000,Datsun,Go Plus,Unknown
3824,2016.0,38662,1,Petrol,Kl-43,Manual,Hatchback,249000,Hyundai,Eon,Unknown
3825,2011.0,70681,1,Petrol,Ka-03,Manual,Hatchback,317000,Hyundai,I10,Unknown
3826,2015.0,65394,1,Petrol,Ka-03,Manual,Hatchback,455200,Honda,Brio,Unknown
3827,2016.0,64794,1,Diesel,Up-14,Manual,Suv,599000,Maruti,Vitara Brezza,Unknown
3828,2015.0,33034,1,Petrol,Dl-4C,Manual,Hatchback,331600,Maruti,Wagon R 1.0,Unknown
3829,2022.0,53582,1,Diesel,Gj-06,Manual,Sedan,874000,Skoda,Slavia,Unknown
3830,2018.0,23874,1,Petrol,Dl-10,Manual,Hatchback,500000,Hyundai,Grand I10,Unknown
3831,2019.0,51527,2,Petrol,Ka-41,Manual,Hatchback,543000,Tata,Tiago Nrg,Unknown
3832,2019.0,30853,1,Diesel,Ka-03,Automatic,Lux_Suv,1790000,Mahindra,Xuv500,Unknown
3833,2020.0,39705,1,Petrol,Mp-13,Manual,Hatchback,636000,Maruti,Baleno,Unknown
3834,2019.0,42299,2,Petrol,Up-15,Manual,Hatchback,506000,Hyundai,Grand I10 Nios,Unknown
3835,2013.0,29811,1,Petrol,Mh-02,Manual,Sedan,434000,Maruti,Swift Dzire,Unknown
3836,2017.0,26282,1,Petrol,Ka-42,Automatic,Sedan,970000,Volkswagen,Ameo,Unknown
3837,2015.0,76888,1,Petrol,Dl-8C,Manual,Suv,706000,Hyundai,Creta,Unknown
3838,2011.0,51640,1,Petrol,Gj-01,Manual,Hatchback,233000,Maruti,Ritz,Unknown
3839,2014.0,68677,1,Petrol,Wb-02,Manual,Sedan,379000,Hyundai,Xcent,Unknown
3840,2013.0,49347,1,Petrol,Hr-26,Manual,Hatchback,348000,Maruti,Swift,Unknown
3841,2021.0,11915,1,Petrol,Mh-14,Automatic,Suv,1098000,Ford,Ecosport,Unknown
3842,2017.0,22906,1,Petrol,Mh-05,Manual,Hatchback,387000,Maruti,Wagon R 1.0,Unknown
3843,2011.0,48360,1,Petrol,Dl-4C,Manual,Hatchback,173000,Maruti,Alto,Unknown
3844,2019.0,62610,1,Petrol,Dl-2C,Manual,Hatchback,535000,Maruti,Baleno,Unknown
3845,2017.0,94157,2,Diesel,Mh-43,Automatic,Lux_Sedan,1415000,Skoda,Octavia,Unknown
3846,2019.0,27425,2,Petrol,Tn-75,Manual,Suv,789000,Tata,Nexon,Unknown
3847,2018.0,50603,1,Petrol,Tn-12,Manual,Hatchback,315000,Maruti,Alto 800,Unknown
3848,2018.0,63812,1,Diesel,Mh-47,Manual,Suv,818000,Maruti,Vitara Brezza,Unknown
3849,2018.0,104628,3,Cng,Pb-03,Manual,Sedan,350000,Tata,Zest,Unknown
3850,2017.0,81386,1,Diesel,Up-32,Manual,Suv,614000,Maruti,S Cross,Unknown
3851,2012.0,123059,1,Petrol,Unknown,Manual,Hatchback,214000,Hyundai,I10,Unknown
3852,2017.0,64024,1,Petrol,Ka-02,Manual,Hatchback,374000,Renault,Kwid,Unknown
3853,2020.0,15907,2,Petrol,Ts-08,Manual,Hatchback,537000,Tata,Tiago,Unknown
3854,2019.0,23204,1,Petrol,Tn-07,Manual,Hatchback,308000,Maruti,Alto 800,Unknown
3855,2017.0,31463,1,Petrol,Tn-22,Manual,Hatchback,682000,Hyundai,Elite I20,Unknown
3856,2017.0,44648,2,Petrol,Tn-63,Manual,Hatchback,358000,Maruti,Alto K10,Unknown
3857,2018.0,24575,1,Petrol,Mh-04,Manual,Hatchback,582000,Honda,Jazz,Unknown
3858,2016.0,23308,1,Petrol,Ka-03,Automatic,Hatchback,487000,Maruti,Celerio,Unknown
3859,2015.0,71730,2,Petrol,Ka-04,Manual,Hatchback,420000,Hyundai,Grand I10,Unknown
3860,2017.0,63559,2,Petrol,Tn-05,Automatic,Hatchback,629000,Maruti,Baleno,Unknown
3861,2017.0,21732,1,Petrol,Ts-08,Manual,Suv,411000,Mahindra,Kuv 100 Nxt,Unknown
3862,2022.0,10093,1,Petrol,Tn-09,Manual,Suv,737000,Tata,Punch,Unknown
3863,2021.0,15632,1,Cng,Br-01,Manual,Hatchback,592000,Maruti,New Wagon-R,Unknown
3864,2015.0,74732,1,Petrol,Hr-26,Manual,Hatchback,437000,Hyundai,Grand I10,Unknown
3865,2017.0,28608,1,Petrol,Tn-21,Manual,Hatchback,505000,Hyundai,Grand I10,Unknown
3866,2021.0,19044,1,Petrol,Pb-03,Manual,Suv,801000,Honda,Wr-V,Unknown
3867,2017.0,94529,1,Petrol,Dl-9C,Automatic,Hatchback,528000,Maruti,Baleno,Unknown
3868,2019.0,69396,1,Diesel,Br-06,Manual,Suv,744000,Honda,Wr-V,Unknown
3869,2019.0,73980,1,Petrol,Wb-02,Manual,Sedan,298000,Maruti,Ciaz,Unknown
3870,2018.0,46632,1,Petrol,Ts-10,Manual,Hatchback,549000,Hyundai,Grand I10,Unknown
3871,2015.0,75184,1,Petrol,Tn-06,Manual,Hatchback,304000,Hyundai,Eon,Unknown
3872,2018.0,54795,3,Petrol,Dl-1C,Manual,Hatchback,414000,Hyundai,Grand I10,Unknown
3873,2013.0,60366,1,Petrol,Mh-02,Manual,Sedan,333000,Hyundai,Verna,Unknown
3874,2017.0,44367,1,Petrol,Br-01,Manual,Suv,700000,Honda,Wr-V,Unknown
3875,2017.0,70424,2,Petrol,Ts-07,Automatic,Sedan,703000,Honda,City,Unknown
3876,2018.0,38778,2,Petrol,Tn-59,Manual,Hatchback,341000,Maruti,Alto 800,Unknown
3877,2017.0,76580,1,Petrol,Ts-07,Manual,Hatchback,302000,Maruti,Alto 800,Unknown
3878,2018.0,37195,2,Cng,Hr-26,Automatic,Sedan,913000,Skoda,Rapid,Unknown
3879,2016.0,87367,1,Petrol,Tn-13,Manual,Hatchback,533000,Maruti,Baleno,Unknown
3880,2013.0,73041,1,Petrol,Ap-28,Manual,Sedan,370000,Honda,Amaze,Unknown
3881,2016.0,55768,2,Petrol,Ka-01,Manual,Hatchback,405000,Maruti,Wagon R 1.0,Unknown
3882,2018.0,52777,1,Petrol,Up-16,Automatic,Hatchback,549000,Maruti,Ignis,Unknown
3883,2020.0,27295,1,Petrol,Mh-12,Manual,Suv,1038000,Maruti,Xl6,Unknown
3884,2016.0,41986,1,Petrol,Pb-02,Manual,Hatchback,437000,Hyundai,Grand I10,Unknown
3886,2019.0,27227,2,Petrol,Ka-04,Manual,Hatchback,587000,Hyundai,Grand I10,Unknown
3887,2012.0,98497,1,Diesel,Ch-01,Manual,Sedan,352000,Maruti,Swift Dzire,Unknown
3888,2016.0,43291,1,Petrol,Pb-65,Automatic,Hatchback,417000,Maruti,Celerio,Unknown
3889,2018.0,59067,2,Petrol,Ka-53,Manual,Sedan,418000,Hyundai,Verna,Unknown
3890,2015.0,70916,1,Petrol,Gj-01,Manual,Sedan,896000,Honda,City,Unknown
3891,2010.0,47741,1,Petrol,Dl-3C,Manual,Hatchback,207000,Maruti,Swift,Unknown
3892,2014.0,29849,1,Petrol,Mh-12,Manual,Hatchback,517000,Volkswagen,Polo,Unknown
3893,2021.0,10559,1,Petrol,Tn-58,Automatic,Hatchback,752000,Hyundai,Grand I10 Nios,Unknown
3894,2017.0,53491,2,Petrol,Dl-14,Manual,Hatchback,517000,Honda,Jazz,Unknown
3895,2013.0,51645,1,Petrol,Hr-26,Manual,Hatchback,235000,Hyundai,Santro Xing,Unknown
3896,2021.0,12007,1,Petrol,Rj-45,Manual,Hatchback,695000,Hyundai,New I20,Unknown
3897,2017.0,97420,1,Diesel,Ch-01,Manual,Suv,697000,Hyundai,Creta,Unknown
3898,2013.0,53812,3,Petrol,Mh-12,Automatic,Hatchback,316000,Hyundai,I10,Unknown
3899,2017.0,22739,2,Petrol,Ka-53,Automatic,Hatchback,643000,Hyundai,Grand I10,Unknown
3900,2017.0,17698,2,Petrol,Dl-10,Manual,Hatchback,465000,Hyundai,Grand I10,Unknown
3901,2018.0,90059,1,Petrol,Dl-4C,Manual,Sedan,407000,Maruti,Ciaz,Unknown
3902,2020.0,31724,1,Petrol,Ka-04,Automatic,Suv,972000,Ford,Ecosport,Unknown
3903,2016.0,48810,1,Petrol,Mh-05,Manual,Hatchback,389000,Maruti,Celerio,Unknown
3904,2022.0,30646,1,Diesel,Ts-16,Automatic,Suv,2031000,Hyundai,Alcazar,Unknown
3905,2012.0,60203,2,Petrol,Mh-02,Manual,Hatchback,285000,Honda,Brio,Unknown
3906,2022.0,49471,1,Cng,Up-32,Manual,Sedan,733000,Tata,Tigor,Unknown
3907,2018.0,66470,2,Diesel,Up-14,Automatic,Lux_Suv,1045000,Mahindra,Xuv500,Unknown
3908,2016.0,87612,1,Cng,Mh-12,Manual,Hatchback,440000,Maruti,Celerio,Unknown
3909,2018.0,70167,2,Diesel,Ts-13,Manual,Suv,694000,Maruti,Vitara Brezza,Unknown
3910,2019.0,38237,2,Petrol,Kl-18,Manual,Hatchback,394000,Hyundai,New Santro,Unknown
3911,2015.0,53324,2,Petrol,Ka-02,Manual,Hatchback,472000,Hyundai,Grand I10,Unknown
3912,2018.0,56685,1,Petrol,Tn-10,Manual,Hatchback,657000,Hyundai,Elite I20,Unknown
3913,2018.0,35339,1,Petrol,Ts-07,Automatic,Hatchback,574000,Maruti,Ignis,Unknown
3914,2015.0,99658,1,Petrol,Mh-05,Manual,Hatchback,506000,Hyundai,Elite I20,Unknown
3915,2020.0,15955,1,Petrol,Ka-05,Manual,Suv,1449000,Kia,Seltos,Unknown
3916,2014.0,73324,1,Petrol,Mh-46,Manual,Sedan,495000,Maruti,Swift Dzire,Unknown
3917,2015.0,71223,1,Petrol,Hr-51,Manual,Hatchback,372000,Hyundai,Grand I10,Unknown
3918,2020.0,109125,1,Diesel,Ts-11,Manual,Suv,833000,Hyundai,Venue,Unknown
3919,2018.0,63950,1,Petrol,Wb-02,Manual,Sedan,402650,Maruti,Ciaz,Unknown
3920,2018.0,41040,1,Petrol,Tn-58,Manual,Suv,760000,Nissan,Terrano,Unknown
3921,2015.0,72596,3,Petrol,Mh-47,Manual,Hatchback,437000,Honda,Jazz,Unknown
3922,2016.0,40108,1,Petrol,Dl-7C,Manual,Hatchback,569000,Hyundai,Elite I20,Unknown
3923,2016.0,98602,2,Petrol,Ka-64,Manual,Hatchback,349000,Hyundai,I10,Unknown
3924,2011.0,42878,1,Petrol,Mh-47,Manual,Sedan,797000,Hyundai,Verna,Unknown
3925,2017.0,87184,1,Petrol,Dl-9C,Manual,Sedan,546000,Maruti,Dzire,Unknown
3926,2021.0,28155,1,Cng,Rj-02,Manual,Hatchback,408000,Maruti,Alto,Unknown
3927,2016.0,88755,1,Diesel,Wb-02,Manual,Suv,636000,Hyundai,Creta,Unknown
3928,2013.0,114221,3,Cng,Mh-03,Manual,Hatchback,268000,Maruti,Wagon R 1.0,Unknown
3929,2016.0,68943,1,Diesel,Mp-04,Manual,Suv,666000,Maruti,Vitara Brezza,Unknown
3930,2014.0,103336,3,Diesel,Kl-17,Manual,Sedan,245000,Honda,Amaze,Unknown
3931,2021.0,19709,1,Petrol,Gj-05,Manual,Hatchback,785000,Hyundai,New I20,Unknown
3932,2019.0,76579,1,Diesel,Br-01,Manual,Hatchback,687000,Hyundai,Elite I20,Unknown
3933,2014.0,93088,1,Diesel,Ka-09,Manual,Lux_Suv,862000,Mahindra,Xuv500,Unknown
3934,2010.0,80320,1,Petrol,Tn-07,Manual,Hatchback,299000,Maruti,Wagon R 1.0,Unknown
3935,2020.0,25940,1,Petrol,Up-78,Manual,Hatchback,699000,Toyota,Glanza,Unknown
3936,2018.0,55946,1,Diesel,Gj-27,Manual,Hatchback,646000,Maruti,Swift,Unknown
3937,2010.0,30712,2,Petrol,Dl-7C,Manual,Hatchback,165000,Hyundai,I10,Unknown
3938,2012.0,49985,2,Petrol,Ka-51,Manual,Hatchback,290000,Hyundai,Eon,Unknown
3939,2022.0,24223,1,Diesel,Mh-12,Manual,Suv,1227000,Tata,Nexon,Unknown
3940,2022.0,13673,1,Cng,Ts-08,Manual,Hatchback,691000,Hyundai,New Santro,Unknown
3941,2021.0,7450,1,Petrol,Up-78,Manual,Hatchback,739000,Renault,Kiger,Unknown
3942,2017.0,31085,2,Petrol,Tn-09,Automatic,Hatchback,661000,Maruti,Baleno,Unknown
3943,2018.0,90114,1,Diesel,Ts-07,Manual,Suv,811000,Ford,Ecosport,Unknown
3944,2019.0,63366,2,Petrol,Dl-8C,Manual,Sedan,545000,Honda,City,Unknown
3945,2014.0,61033,2,Petrol,Ka-04,Manual,Sedan,528000,Skoda,Rapid,Unknown
3946,2015.0,25610,1,Petrol,Mh-40,Manual,Hatchback,523000,Maruti,Swift,Unknown
3947,2012.0,29742,1,Petrol,Gj-27,Manual,Sedan,558000,Maruti,Swift Dzire,Unknown
3948,2016.0,29220,2,Petrol,Mh-02,Manual,Hatchback,523000,Hyundai,Elite I20,Unknown
3949,2020.0,30469,1,Petrol,Hr-82,Manual,Hatchback,664000,Maruti,Baleno,Unknown
3950,2019.0,71636,1,Petrol,Ka-04,Manual,Hatchback,429000,Hyundai,New Santro,Unknown
3951,2019.0,62809,1,Petrol,Up-72,Manual,Hatchback,278000,Maruti,Alto,Unknown
3952,2018.0,105318,1,Diesel,Tn-59,Manual,Suv,832000,Maruti,Vitara Brezza,Unknown
3953,2019.0,64350,1,Petrol,Tn-85,Manual,Hatchback,505000,Hyundai,New Santro,Unknown
3954,2022.0,14057,1,Cng,Mp-04,Manual,Hatchback,625000,Maruti,New Wagon-R,Unknown
3955,2013.0,58209,1,Petrol,Tn-18,Manual,Hatchback,422000,Maruti,Swift,Unknown
3956,2019.0,41781,1,Diesel,Mh-12,Manual,Sedan,885000,Honda,Amaze,Unknown
3957,2012.0,49614,2,Petrol,Ka-53,Manual,Hatchback,243000,Maruti,Alto 800,Unknown
3958,2017.0,74151,2,Petrol,Mh-12,Automatic,Hatchback,676000,Honda,Jazz,Unknown
3959,2014.0,95918,1,Diesel,Ap-28,Manual,Lux_Suv,800000,Mahindra,Xuv500,Unknown
3960,2017.0,12277,1,Petrol,Gj-15,Manual,Hatchback,320000,Maruti,Alto 800,Unknown
3961,2015.0,43587,1,Petrol,Dl-10,Manual,Sedan,644000,Honda,Amaze,Unknown
3962,2020.0,59522,1,Petrol,Gj-23,Manual,Hatchback,458000,Maruti,S Presso,Unknown
3963,2020.0,48026,1,Petrol,Ts-09,Automatic,Suv,1367250,Kia,Seltos,Unknown
3964,2016.0,74174,2,Petrol,Ts-09,Manual,Sedan,665000,Honda,City,Unknown
3965,2018.0,66790,2,Petrol,Mh-04,Manual,Sedan,321000,Hyundai,Xcent,Unknown
3966,2017.0,38418,2,Petrol,Ts-09,Manual,Hatchback,580000,Maruti,Baleno,Unknown
3967,2021.0,37014,1,Petrol,Hr-30,Manual,Suv,673000,Nissan,Magnite,Unknown
3968,2017.0,43186,1,Petrol,Dl-12,Manual,Hatchback,493000,Hyundai,Grand I10,Unknown
3969,2019.0,53096,1,Diesel,Dl-1C,Automatic,Suv,846000,Maruti,Vitara Brezza,Unknown
3970,2018.0,52063,1,Petrol,Ch-01,Manual,Hatchback,329000,Renault,Kwid,Unknown
3971,2017.0,43503,2,Petrol,Tn-10,Automatic,Suv,941000,Hyundai,Creta,Unknown
3972,2012.0,33258,1,Petrol,Hr-51,Manual,Hatchback,250000,Hyundai,I10,Unknown
3973,2017.0,87044,1,Petrol,Mh-02,Automatic,Hatchback,565000,Maruti,Baleno,Unknown
3974,2017.0,14321,1,Petrol,Tn-09,Automatic,Hatchback,674000,Maruti,Baleno,Unknown
3975,2018.0,79110,2,Diesel,Hr-26,Automatic,Sedan,888000,Hyundai,Verna,Unknown
3976,2020.0,4417,1,Petrol,Ka-51,Manual,Sedan,799250,Skoda,Rapid,Unknown
3977,2019.0,54711,1,Petrol,Hr-36,Manual,Hatchback,549000,Maruti,Celerio X,Unknown
3978,2011.0,116177,1,Petrol,Unknown,Manual,Hatchback,222000,Hyundai,I10,Unknown
3979,2013.0,67497,1,Petrol,Ka-03,Manual,Hatchback,388000,Maruti,Ritz,Unknown
3980,2017.0,13992,1,Petrol,Dl-8C,Manual,Hatchback,569000,Hyundai,Elite I20,Unknown
3981,2020.0,58343,1,Petrol,Gj-02,Manual,Suv,966000,Tata,Nexon,Unknown
3982,2016.0,39212,2,Petrol,Mh-03,Manual,Hatchback,412000,Honda,Jazz,Unknown
3983,2012.0,69286,1,Petrol,Wb-06,Manual,Hatchback,213000,Maruti,Wagon R 1.0,Unknown
3984,2013.0,112858,1,Cng,Mh-14,Manual,Hatchback,279000,Maruti,Alto 800,Unknown
3985,2017.0,37368,1,Petrol,Hr-26,Manual,Hatchback,487000,Maruti,Swift,Unknown
3986,2019.0,22343,1,Petrol,Wb-08,Manual,Hatchback,588000,Maruti,Baleno,Unknown
3987,2019.0,58894,1,Diesel,Dl-3C,Manual,Suv,725000,Maruti,Vitara Brezza,Unknown
3988,2016.0,61060,2,Petrol,Ts-08,Manual,Hatchback,615000,Hyundai,Elite I20,Unknown
3989,2018.0,85984,1,Diesel,Tn-31,Manual,Hatchback,530000,Tata,Tiago,Unknown
3990,2017.0,115427,1,Cng,Dl-9C,Manual,Sedan,449000,Honda,Amaze,Unknown
3991,2021.0,97446,1,Diesel,Mh-48,Manual,Sedan,614000,Toyota,Yaris,Unknown
3992,2018.0,36283,1,Diesel,Ka-04,Manual,Hatchback,829000,Hyundai,Elite I20,Unknown
3993,2018.0,29526,2,Petrol,Wb-24,Automatic,Hatchback,325000,Maruti,Alto K10,Unknown
3994,2020.0,42061,2,Petrol,Ka-19,Automatic,Hatchback,521000,Renault,Kwid,Unknown
3995,2016.0,54733,1,Diesel,Ka-01,Manual,Suv,822000,Maruti,Ertiga,Unknown
3996,2015.0,73805,2,Petrol,Hr-26,Manual,Hatchback,323000,Maruti,Wagon R 1.0,Unknown
3997,2017.0,22490,1,Petrol,Mh-12,Manual,Hatchback,341000,Maruti,Alto 800,Unknown
3998,2017.0,32950,1,Petrol,Tn-22,Manual,Hatchback,444000,Maruti,Wagon R 1.0,Unknown
3999,2017.0,36667,2,Petrol,Gj-27,Manual,Hatchback,212000,Datsun,Redi Go,Unknown
4000,2014.0,63782,1,Petrol,Ka-03,Manual,Hatchback,515000,Maruti,Swift,Unknown
4001,2020.0,33730,1,Petrol,Rj-45,Automatic,Sedan,1186000,Hyundai,Verna,Unknown
4002,2012.0,60745,2,Petrol,Mh-01,Automatic,Sedan,358000,Honda,City,Unknown
4003,2022.0,4112,1,Cng,Hr-87,Manual,Hatchback,649000,Tata,Tiago,Unknown
4004,2014.0,45462,1,Cng,Mh-12,Manual,Hatchback,373000,Maruti,Celerio,Unknown
4005,2014.0,94221,2,Petrol,Ka-04,Manual,Hatchback,424000,Hyundai,Grand I10,Unknown
4006,2017.0,52703,1,Petrol,Hr-36,Manual,Hatchback,279000,Renault,Kwid,Unknown
4007,2019.0,50335,1,Petrol,Gj-06,Automatic,Sedan,899000,Maruti,Ciaz,Unknown
4008,2021.0,14608,1,Petrol,Ka-04,Automatic,Hatchback,960000,Renault,Kiger,Unknown
4009,2020.0,47239,1,Petrol,Mh-43,Manual,Sedan,744000,Skoda,Rapid,Unknown
4010,2010.0,82598,2,Petrol,Mh-03,Manual,Hatchback,260000,Maruti,Swift,Unknown
4011,2022.0,7775,2,Petrol,Gj-01,Manual,Hatchback,514000,Renault,Kwid,Unknown
4012,2018.0,68950,2,Petrol,Ts-07,Automatic,Sedan,766000,Toyota,Yaris,Unknown
4013,2017.0,63055,1,Petrol,Dl-6C,Manual,Sedan,393000,Hyundai,Xcent,Unknown
4014,2014.0,25113,1,Petrol,Wb-20,Manual,Sedan,348000,Maruti,Swift Dzire,Unknown
4015,2020.0,22750,1,Petrol,Pb-91,Manual,Hatchback,562000,Maruti,New Wagon-R,Unknown
4016,2019.0,26485,1,Petrol,Tn-10,Manual,Hatchback,352000,Maruti,Alto,Unknown
4017,2014.0,82384,2,Petrol,Tn-11,Manual,Hatchback,255000,Maruti,Alto 800,Unknown
4018,2017.0,39614,1,Petrol,Ts-07,Manual,Sedan,668000,Maruti,Dzire,Unknown
4019,2015.0,77422,1,Petrol,Mh-04,Manual,Hatchback,341000,Maruti,Celerio,Unknown
4020,2018.0,5528,1,Petrol,Tn-22,Manual,Sedan,829000,Honda,City,Unknown
4021,2018.0,35083,2,Diesel,Up-72,Manual,Suv,771000,Mahindra,Thar,Unknown
4022,2017.0,74643,1,Petrol,Ka-06,Automatic,Hatchback,530000,Maruti,Ignis,Unknown
4023,2020.0,41382,2,Petrol,Ts-08,Manual,Hatchback,781000,Tata,Altroz,Unknown
4024,2018.0,74648,2,Diesel,Dl-8C,Manual,Sedan,599000,Maruti,Ciaz,Unknown
4025,2020.0,29678,2,Petrol,Pb-02,Manual,Hatchback,702000,Hyundai,Elite I20,Unknown
4026,2016.0,75545,1,Petrol,Mh-01,Automatic,Lux_Sedan,947000,Hyundai,New Elantra,Unknown
4027,2021.0,13538,1,Petrol,Ts-08,Automatic,Hatchback,860000,Maruti,Baleno,Unknown
4028,2018.0,43339,1,Cng,Mh-14,Manual,Hatchback,445000,Maruti,Wagon R 1.0,Unknown
4029,2016.0,88023,2,Petrol,Mh-09,Manual,Hatchback,473000,Hyundai,Grand I10,Unknown
4030,2019.0,37716,1,Petrol,Ka-01,Manual,Hatchback,599000,Hyundai,Grand I10,Unknown
4031,2020.0,62414,1,Petrol,Ts-08,Automatic,Sedan,684000,Maruti,Ciaz,Unknown
4032,2015.0,26237,1,Petrol,Wb-02,Manual,Sedan,359000,Maruti,Swift Dzire,Unknown
4033,2018.0,90932,1,Petrol,Gj-26,Manual,Hatchback,376000,Maruti,Celerio,Unknown
4034,2018.0,89162,2,Diesel,Dl-2C,Manual,Suv,610000,Maruti,S Cross,Unknown
4035,2013.0,45482,1,Cng,Up-16,Manual,Sedan,443000,Honda,City,Unknown
4036,2018.0,78356,1,Diesel,Tn-11,Automatic,Sedan,942000,Maruti,Ciaz,Unknown
4037,2016.0,72362,1,Petrol,Ka-03,Manual,Hatchback,701000,Hyundai,Elite I20,Unknown
4038,2021.0,79587,1,Petrol,Mh-12,Automatic,Sedan,696000,Maruti,Ciaz,Unknown
4039,2019.0,45551,1,Petrol,Ka-03,Automatic,Hatchback,587000,Maruti,Celerio,Unknown
4040,2021.0,18423,1,Petrol,Pb-07,Manual,Sedan,1119000,Honda,City,Unknown
4041,2019.0,40584,1,Petrol,Up-53,Manual,Hatchback,561000,Maruti,Swift,Unknown
4042,2021.0,7244,1,Petrol,Ka-51,Manual,Hatchback,798000,Maruti,Swift,Unknown
4043,2016.0,61496,1,Petrol,Dl-10,Manual,Hatchback,465000,Honda,Jazz,Unknown
4044,2015.0,86352,2,Diesel,Ka-03,Manual,Hatchback,584000,Hyundai,Elite I20,Unknown
4045,2013.0,99344,2,Diesel,Ap-10,Manual,Suv,646000,Maruti,Ertiga,Unknown
4046,2020.0,73321,1,Diesel,Wb-18,Automatic,Suv,976000,Tata,Nexon,Unknown
4047,2010.0,58084,2,Petrol,Gj-10,Manual,Hatchback,227000,Hyundai,I10,Unknown
4048,2021.0,1830,1,Petrol,Pb-02,Manual,Hatchback,700000,Hyundai,New I20,Unknown
4049,2018.0,55919,1,Petrol,Hr-26,Manual,Hatchback,657000,Maruti,Swift,Unknown
4050,2019.0,39682,1,Petrol,Up-14,Manual,Hatchback,689000,Maruti,Swift,Unknown
4051,2021.0,57433,1,Petrol,Mh-34,Automatic,Hatchback,617000,Maruti,New Wagon-R,Unknown
4052,2011.0,54404,1,Petrol,Mp-20,Manual,Hatchback,269000,Hyundai,I10,Unknown
4053,2016.0,68512,2,Petrol,Ts-13,Automatic,Hatchback,442000,Maruti,Celerio,Unknown
4054,2017.0,95619,1,Petrol,Wb-02,Manual,Hatchback,457000,Maruti,Baleno,Unknown
4055,2016.0,70316,3,Petrol,Mp-04,Manual,Hatchback,364000,Honda,Brio,Unknown
4056,2016.0,32919,2,Diesel,Mh-02,Manual,Hatchback,510000,Honda,Jazz,Unknown
4057,2021.0,17721,2,Diesel,Gj-06,Manual,Suv,2210000,Toyota,Innova Crysta,Unknown
4058,2017.0,121145,1,Petrol,Unknown,Manual,Hatchback,268000,Maruti,Alto 800,Unknown
4059,2019.0,26583,1,Petrol,Ka-03,Manual,Suv,882000,Renault,Captur,Unknown
4060,2019.0,47174,1,Cng,Tn-18,Manual,Sedan,897000,Tata,Tigor,Unknown
4061,2016.0,99861,1,Petrol,Ka-03,Automatic,Sedan,874000,Honda,City,Unknown
4062,2020.0,40734,1,Diesel,Hr-52,Manual,Suv,803000,Hyundai,Venue,Unknown
4063,2020.0,36231,1,Petrol,Ka-04,Manual,Hatchback,600000,Maruti,Ignis,Unknown
4064,2012.0,52076,1,Petrol,Ka-04,Manual,Hatchback,253000,Maruti,Alto K10,Unknown
4065,2020.0,71723,1,Petrol,Pb-65,Manual,Suv,1081000,Hyundai,Creta,Unknown
4066,2013.0,97424,1,Petrol,Dl-3C,Manual,Hatchback,325000,Maruti,Swift,Unknown
4067,2018.0,31045,1,Petrol,Dl-5C,Automatic,Hatchback,590000,Maruti,Swift,Unknown
4068,2017.0,61340,1,Petrol,Ka-05,Manual,Sedan,486000,Tata,Tigor,Unknown
4069,2012.0,75166,1,Petrol,Mh-12,Automatic,Hatchback,286000,Hyundai,I10,Unknown
4070,2019.0,32436,1,Petrol,Hr-30,Manual,Sedan,592000,Hyundai,Verna,Unknown
4071,2015.0,101356,2,Petrol,Unknown,Manual,Hatchback,447000,Hyundai,Grand I10,Unknown
4072,2020.0,62889,1,Petrol,Mh-49,Manual,Sedan,644000,Volkswagen,Vento,Unknown
4073,2019.0,22126,1,Petrol,Dl-2C,Manual,Hatchback,636000,Maruti,Baleno,Unknown
4074,2017.0,42386,1,Petrol,Mh-12,Manual,Hatchback,538000,Maruti,Swift,Unknown
4075,2015.0,56510,1,Petrol,Hr-26,Manual,Hatchback,291000,Maruti,Wagon R 1.0,Unknown
4076,2021.0,23260,1,Petrol,Br-06,Manual,Suv,826000,Nissan,Magnite,Unknown
4077,2013.0,49260,1,Diesel,Ts-08,Automatic,Sedan,770000,Honda,Amaze,Unknown
4078,2022.0,28673,1,Diesel,Up-32,Automatic,Sedan,866650,Hyundai,Aura,Unknown
4079,2019.0,25272,1,Petrol,Ts-08,Manual,Hatchback,655000,Hyundai,Grand I10 Nios,Unknown
4080,2019.0,13204,1,Petrol,Mh-14,Automatic,Suv,1028000,Ford,Ecosport,Unknown
4081,2015.0,38644,1,Petrol,Mh-12,Manual,Hatchback,445000,Maruti,Celerio,Unknown
4082,2021.0,18055,1,Petrol,Tn-12,Manual,Hatchback,513000,Hyundai,New Santro,Unknown
4083,2017.0,51893,1,Petrol,Up-25,Manual,Hatchback,552000,Hyundai,Elite I20,Unknown
4084,2018.0,27235,1,Petrol,Hr-36,Manual,Suv,619000,Honda,Wr-V,Unknown
4085,2018.0,27043,2,Petrol,Ts-36,Manual,Suv,679000,Honda,Wr-V,Unknown
4086,2014.0,52507,1,Petrol,Ts-10,Manual,Hatchback,485000,Maruti,Swift,Unknown
4087,2017.0,26905,2,Petrol,Ka-01,Automatic,Hatchback,513000,Maruti,Wagon R 1.0,Unknown
4088,2012.0,57352,2,Petrol,Ap-28,Manual,Hatchback,318000,Hyundai,I10,Unknown
4089,2022.0,3522,1,Petrol,Br-01,Manual,Hatchback,554000,Renault,Kiger,Unknown
4090,2018.0,18487,1,Petrol,Up-14,Manual,Sedan,526000,Honda,Amaze,Unknown
4091,2017.0,68949,2,Petrol,Mh-02,Manual,Hatchback,515000,Maruti,Baleno,Unknown
4092,2015.0,58675,3,Petrol,Tn-06,Manual,Suv,549000,Ford,Ecosport,Unknown
4093,2017.0,22496,1,Petrol,Ka-09,Automatic,Sedan,1514000,Honda,City,Unknown
4094,2015.0,55580,2,Petrol,Kl-07,Manual,Sedan,507000,Honda,Amaze,Unknown
4095,2013.0,106244,1,Petrol,Unknown,Manual,Sedan,696000,Honda,City,Unknown
4096,2019.0,26129,1,Petrol,Mh-01,Automatic,Sedan,725000,Honda,Amaze,Unknown
4097,2014.0,47704,2,Petrol,Gj-01,Manual,Hatchback,544000,Hyundai,Elite I20,Unknown
4098,2017.0,971212,3,Petrol,Unknown,Manual,Hatchback,583000,Hyundai,Elite I20,Unknown
4099,2014.0,65042,1,Petrol,Dl-8C,Manual,Hatchback,225000,Hyundai,Santro Xing,Unknown
4100,2017.0,37647,2,Petrol,Mh-01,Manual,Hatchback,583000,Maruti,Baleno,Unknown
4101,2017.0,64212,1,Diesel,Mh-03,Manual,Lux_Suv,1049000,Jeep,Compass,Unknown
4102,2021.0,16927,2,Petrol,Gj-05,Automatic,Suv,797650,Nissan,Magnite,Unknown
4103,2018.0,75402,2,Petrol,Hr-51,Automatic,Hatchback,637000,Honda,Jazz,Unknown
4104,2018.0,38878,1,Petrol,Mh-14,Manual,Hatchback,505000,Tata,Tiago,Unknown
4105,2015.0,83731,2,Diesel,Ka-51,Manual,Hatchback,639000,Hyundai,Elite I20,Unknown
4106,2011.0,56652,2,Petrol,Dl-1C,Manual,Hatchback,217000,Hyundai,I10,Unknown
4107,2016.0,32043,1,Petrol,Mh-49,Manual,Sedan,691000,Hyundai,Xcent,Unknown
4108,2016.0,90995,2,Petrol,Gj-35,Manual,Hatchback,441000,Hyundai,Grand I10,Unknown
4109,2011.0,39644,1,Petrol,Dl-2C,Manual,Hatchback,197000,Maruti,Ritz,Unknown
4110,2019.0,27421,1,Petrol,Gj-10,Manual,Hatchback,464000,Maruti,Celerio,Unknown
4111,2015.0,91260,2,Diesel,Ka-03,Manual,Suv,637000,Maruti,S Cross,Unknown
4112,2019.0,12639,2,Petrol,Mh-01,Automatic,Hatchback,395000,Maruti,Alto K10,Unknown
4113,2018.0,92792,1,Petrol,Hr-03,Manual,Hatchback,598000,Hyundai,Elite I20,Unknown
4114,2014.0,22322,1,Petrol,Ka-02,Automatic,Sedan,651000,Honda,City,Unknown
4115,2017.0,39145,1,Petrol,Dl-10,Manual,Suv,652000,Honda,Wr-V,Unknown
4116,2018.0,49694,1,Petrol,Wb-12,Manual,Hatchback,345000,Maruti,Wagon R 1.0,Unknown
4117,2018.0,18461,1,Petrol,Ka-03,Automatic,Hatchback,709000,Hyundai,Grand I10,Unknown
4118,2019.0,29881,1,Petrol,Br-01,Manual,Sedan,865000,Hyundai,Verna,Unknown
4119,2021.0,22424,1,Petrol,Gj-23,Manual,Suv,1066000,Tata,Nexon,Unknown
4120,2014.0,100761,2,Diesel,Ka-53,Manual,Hatchback,649000,Volkswagen,Polo,Unknown
4121,2021.0,23316,1,Petrol,Ts-30,Manual,Suv,848000,Nissan,Magnite,Unknown
4122,2013.0,94287,2,Petrol,Ap-29,Manual,Sedan,474000,Honda,City,Unknown
4123,2020.0,61109,1,Diesel,Dl-8C,Manual,Sedan,980000,Honda,Amaze,Unknown
4124,2021.0,72826,1,Petrol,Mh-02,Manual,Sedan,372000,Hyundai,Verna,Unknown
4125,2015.0,60713,1,Petrol,Dl-4C,Manual,Sedan,252000,Honda,City,Unknown
4126,2021.0,20023,1,Petrol,Ka-14,Manual,Hatchback,553000,Renault,Kwid,Unknown
4127,2012.0,54745,1,Cng,Mh-02,Manual,Hatchback,303000,Maruti,Wagon R 1.0,Unknown
4128,2016.0,79576,1,Petrol,Mh-01,Automatic,Suv,973000,Hyundai,Creta,Unknown
4129,2017.0,88700,1,Petrol,Wb-20,Manual,Suv,583000,Hyundai,Creta,Unknown
4130,2013.0,70041,2,Cng,Up-16,Manual,Hatchback,372600,Maruti,Swift,Unknown
4131,2015.0,55183,1,Petrol,Mh-14,Manual,Sedan,1023000,Maruti,Swift Dzire,Unknown
4132,2010.0,108430,1,Petrol,Unknown,Manual,Hatchback,168000,Maruti,Wagon R 1.0,Unknown
4133,2020.0,50646,1,Petrol,Ts-08,Manual,Suv,929000,Hyundai,Venue,Unknown
4134,2016.0,102621,2,Petrol,Unknown,Manual,Hatchback,440000,Hyundai,I20 Active,Unknown
4135,2019.0,10949,1,Petrol,Ka-02,Manual,Sedan,1176000,Maruti,Ciaz,Unknown
4136,2021.0,27698,1,Diesel,Up-32,Manual,Suv,900000,Kia,Sonet,Unknown
4137,2019.0,28454,2,Petrol,Ka-65,Manual,Hatchback,516350,Maruti,New Wagon-R,Unknown
4138,2022.0,13800,1,Petrol,Ka-01,Automatic,Suv,932000,Nissan,Magnite,Unknown
4139,2017.0,83290,1,Cng,Mh-12,Automatic,Hatchback,504000,Maruti,Ignis,Unknown
4140,2015.0,98416,1,Petrol,Mh-05,Manual,Hatchback,416000,Hyundai,Grand I10,Unknown
4141,2019.0,80855,1,Petrol,Ts-16,Manual,Hatchback,559000,Volkswagen,Polo,Unknown
4142,2014.0,37528,1,Petrol,Hr-26,Manual,Hatchback,407000,Maruti,Swift,Unknown
4143,2017.0,50135,1,Petrol,Pb-10,Manual,Hatchback,600000,Maruti,Baleno,Unknown
4144,2012.0,75761,2,Petrol,Ka-51,Manual,Hatchback,303000,Maruti,Wagon R 1.0,Unknown
4145,2020.0,19168,1,Petrol,Mh-14,Manual,Hatchback,476000,Hyundai,New Santro,Unknown
4146,2014.0,54075,1,Petrol,Ka-04,Manual,Sedan,448000,Honda,Amaze,Unknown
4147,2017.0,27263,1,Petrol,Mh-02,Automatic,Hatchback,505000,Maruti,Ignis,Unknown
4148,2013.0,86176,1,Diesel,Ka-41,Manual,Sedan,448000,Honda,Amaze,Unknown
4149,2019.0,57435,1,Petrol,Ts-07,Manual,Hatchback,543000,Hyundai,New Santro,Unknown
4150,2010.0,91149,2,Petrol,Ka-04,Manual,Hatchback,313000,Maruti,Ritz,Unknown
4151,2017.0,72793,2,Petrol,Ts-08,Manual,Hatchback,666000,Hyundai,Elite I20,Unknown
4152,2021.0,9447,1,Cng,Dl-11,Manual,Hatchback,485000,Maruti,S Presso,Unknown
4153,2012.0,11969,1,Petrol,Mh-05,Manual,Hatchback,190000,Maruti,Alto,Unknown
4154,2016.0,76046,2,Petrol,Ka-41,Manual,Hatchback,490000,Honda,Jazz,Unknown
4155,2021.0,10750,1,Petrol,Mh-47,Manual,Hatchback,728000,Hyundai,Grand I10 Nios,Unknown
4156,2017.0,81868,1,Petrol,Dl-14,Manual,Sedan,392000,Maruti,Ciaz,Unknown
4157,2011.0,49595,2,Petrol,Ap-29,Manual,Hatchback,309000,Maruti,Swift,Unknown
4158,2018.0,35828,1,Petrol,Up-32,Manual,Hatchback,519000,Hyundai,Grand I10,Unknown
4159,2021.0,31413,1,Cng,Dl-5C,Manual,Hatchback,565200,Maruti,New Wagon-R,Unknown
4160,2018.0,55801,1,Petrol,Ka-51,Automatic,Hatchback,450000,Renault,Kwid,Unknown
4161,2012.0,36647,2,Petrol,Pb-02,Manual,Sedan,769000,Maruti,Swift Dzire,Unknown
4162,2021.0,9618,1,Petrol,Rj-45,Manual,Hatchback,370000,Datsun,Redi Go,Unknown
4163,2014.0,54178,1,Petrol,Dl-3C,Automatic,Hatchback,407000,Hyundai,Grand I10,Unknown
4164,2020.0,47794,1,Petrol,Ka-04,Automatic,Hatchback,559000,Maruti,Celerio X,Unknown
4165,2016.0,51228,2,Cng,Mh-47,Automatic,Suv,598000,Ford,Ecosport,Unknown
4166,2016.0,75268,1,Petrol,Ka-20,Manual,Hatchback,559000,Hyundai,Elite I20,Unknown
4167,2018.0,23255,1,Cng,Mh-05,Manual,Hatchback,424000,Maruti,Wagon R 1.0,Unknown
4168,2019.0,51278,2,Petrol,Ts-09,Manual,Hatchback,547000,Maruti,Ignis,Unknown
4169,2011.0,38412,1,Petrol,Mh-43,Manual,Hatchback,249000,Maruti,Wagon R 1.0,Unknown
4170,2018.0,40225,1,Petrol,Hr-26,Automatic,Sedan,793000,Maruti,Dzire,Unknown
4171,2017.0,76971,1,Petrol,Ka-01,Manual,Hatchback,585000,Maruti,Baleno,Unknown
4172,2017.0,78000,1,Diesel,Up-16,Manual,Suv,361000,Mahindra,Kuv100,Unknown
4173,2013.0,77763,3,Petrol,Tn-11,Manual,Hatchback,360000,Hyundai,Grand I10,Unknown
4174,2016.0,98832,3,Petrol,Ka-53,Automatic,Sedan,311000,Maruti,Ciaz,Unknown
4175,2014.0,33805,1,Petrol,Wb-12,Manual,Hatchback,432000,Maruti,Swift,Unknown
4176,2021.0,60940,1,Petrol,Ka-05,Manual,Sedan,658000,Maruti,Ciaz,Unknown
4177,2010.0,49289,1,Petrol,Mp-09,Manual,Hatchback,145000,Maruti,Alto,Unknown
4178,2013.0,62269,1,Cng,Mh-03,Manual,Hatchback,314000,Maruti,Wagon R 1.0,Unknown
4179,2019.0,47592,1,Petrol,Gj-02,Manual,Hatchback,371000,Datsun,Go Plus,Unknown
4180,2017.0,73848,1,Diesel,Up-65,Manual,Hatchback,469000,Maruti,Swift,Unknown
4181,2020.0,23116,1,Petrol,Mh-03,Automatic,Hatchback,618000,Tata,Tiago,Unknown
4182,2020.0,10762,1,Petrol,Gj-23,Manual,Hatchback,370000,Maruti,Alto,Unknown
4183,2017.0,52858,1,Petrol,Ts-09,Manual,Hatchback,582000,Maruti,Swift,Unknown
4184,2015.0,79324,1,Petrol,Mh-12,Manual,Hatchback,480000,Maruti,Swift,Unknown
4185,2019.0,66908,1,Cng,Mh-06,Manual,Sedan,738000,Honda,Amaze,Unknown
4186,2016.0,59232,1,Diesel,Tn-10,Manual,Suv,893000,Maruti,Vitara Brezza,Unknown
4187,2016.0,20404,1,Petrol,Ka-05,Automatic,Sedan,959000,Honda,Amaze,Unknown
4188,2017.0,65463,1,Petrol,Mp-37,Manual,Hatchback,334000,Maruti,Alto K10,Unknown
4189,2015.0,69458,1,Petrol,Dl-10,Manual,Hatchback,473000,Hyundai,Elite I20,Unknown
4190,2017.0,79894,1,Petrol,Ka-05,Manual,Hatchback,653000,Maruti,Baleno,Unknown
4191,2020.0,27090,1,Petrol,Wb-98,Manual,Hatchback,333000,Maruti,Alto,Unknown
4192,2017.0,32038,1,Diesel,Dl-10,Manual,Lux_Suv,1084000,Jeep,Compass,Unknown
4193,2012.0,61527,1,Petrol,Tn-18,Manual,Hatchback,313000,Maruti,Wagon R 1.0,Unknown
4194,2019.0,35504,1,Petrol,Tn-11,Manual,Hatchback,589000,Ford,New Figo,Unknown
4195,2016.0,99067,2,Petrol,Dl-13,Manual,Sedan,351000,Hyundai,Xcent,Unknown
4196,2022.0,25396,1,Petrol,Dl-3C,Automatic,Hatchback,917000,Honda,Jazz,Unknown
4197,2013.0,51905,1,Petrol,Dl-9C,Manual,Hatchback,320000,Maruti,Swift,Unknown
4198,2012.0,56979,2,Petrol,Mh-03,Manual,Hatchback,172000,Hyundai,Eon,Unknown
4199,2019.0,45542,1,Petrol,Mh-02,Manual,Sedan,332000,Volkswagen,Ameo,Unknown
4200,2017.0,41631,2,Petrol,Mh-47,Manual,Suv,803000,Hyundai,Creta,Unknown
4201,2019.0,16914,1,Petrol,Dl-4C,Manual,Hatchback,542000,Maruti,Swift,Unknown
4202,2021.0,71893,2,Petrol,Ts-08,Manual,Sedan,575000,Honda,City,Unknown
4203,2012.0,60181,2,Petrol,Ka-05,Manual,Hatchback,358000,Honda,Brio,Unknown
4204,2017.0,67533,1,Petrol,Mh-04,Automatic,Sedan,650000,Volkswagen,Vento,Unknown
4205,2012.0,88986,1,Cng,Mh-03,Manual,Hatchback,276000,Maruti,Wagon R 1.0,Unknown
4206,2019.0,74739,1,Petrol,Tn-10,Manual,Hatchback,679000,Maruti,Baleno,Unknown
4207,2013.0,55611,1,Petrol,Mh-12,Manual,Hatchback,253000,Maruti,Alto K10,Unknown
4208,2019.0,25846,1,Petrol,Ka-03,Automatic,Hatchback,876000,Maruti,Baleno,Unknown
4209,2016.0,36777,1,Petrol,Mh-47,Manual,Hatchback,561000,Maruti,Baleno,Unknown
4210,2013.0,47219,1,Petrol,Mh-01,Manual,Sedan,389000,Toyota,Etios,Unknown
4211,2015.0,15146,2,Petrol,Mh-04,Manual,Hatchback,463000,Hyundai,Elite I20,Unknown
4212,2017.0,28388,2,Petrol,Gj-31,Manual,Hatchback,477000,Hyundai,Grand I10,Unknown
4213,2018.0,83004,1,Diesel,Dl-8C,Manual,Suv,771500,Mahindra,Tuv 300 Plus,Unknown
4214,2019.0,17583,1,Petrol,Ka-03,Automatic,Hatchback,813000,Honda,Jazz,Unknown
4215,2021.0,29004,1,Petrol,Tn-14,Manual,Hatchback,776000,Hyundai,New I20,Unknown
4216,2016.0,90213,2,Petrol,Ka-05,Manual,Hatchback,613000,Hyundai,Elite I20,Unknown
4217,2011.0,21840,1,Petrol,Hr-51,Manual,Hatchback,265000,Maruti,Swift,Unknown
4218,2016.0,57592,2,Petrol,Ka-05,Manual,Hatchback,304000,Renault,Kwid,Unknown
4219,2021.0,45062,1,Petrol,Br-06,Manual,Hatchback,583000,Datsun,Go Plus,Unknown
4220,2020.0,21687,2,Petrol,Ts-10,Automatic,Suv,719000,Renault,Triber,Unknown
4221,2018.0,28303,1,Petrol,Gj-01,Automatic,Sedan,976000,Hyundai,Verna,Unknown
4222,2011.0,36164,2,Petrol,Br-01,Manual,Hatchback,196350,Hyundai,I10,Unknown
4223,2018.0,50643,2,Diesel,Ts-09,Automatic,Suv,986000,Maruti,Vitara Brezza,Unknown
4224,2017.0,42385,2,Petrol,Mh-40,Manual,Sedan,945000,Maruti,Dzire,Unknown
4225,2018.0,86346,1,Petrol,Ts-09,Automatic,Hatchback,529000,Tata,Tiago,Unknown
4226,2021.0,51670,1,Petrol,Ts-08,Manual,Hatchback,759000,Renault,Kiger,Unknown
4227,2019.0,70727,1,Petrol,Gj-05,Manual,Hatchback,320000,Renault,Kwid,Unknown
4228,2010.0,63999,2,Petrol,Kl-14,Manual,Hatchback,157000,Maruti,Alto,Unknown
4229,2020.0,96916,1,Petrol,Ts-08,Manual,Hatchback,344000,Maruti,Alto,Unknown
4230,2015.0,50080,1,Petrol,Mh-12,Manual,Hatchback,479000,Maruti,Swift,Unknown
4231,2017.0,91600,1,Petrol,Gj-01,Manual,Hatchback,524800,Hyundai,Elite I20,Unknown
4232,2016.0,77710,2,Diesel,Ka-04,Manual,Sedan,393000,Maruti,Ciaz,Unknown
4233,2016.0,103600,3,Diesel,Ch-01,Manual,Hatchback,535000,Hyundai,Elite I20,Unknown
4234,2017.0,56785,2,Diesel,Tn-25,Manual,Hatchback,624000,Maruti,Baleno,Unknown
4235,2021.0,12045,2,Petrol,Ts-29,Manual,Hatchback,744000,Maruti,Swift,Unknown
4236,2016.0,92670,1,Petrol,Ka-41,Automatic,Hatchback,443000,Maruti,Celerio,Unknown
4237,2021.0,15012,1,Cng,Pb-10,Manual,Hatchback,447000,Maruti,S Presso,Unknown
4238,2016.0,87210,1,Cng,Hr-13,Manual,Sedan,446000,Hyundai,Xcent,Unknown
4239,2018.0,44246,2,Petrol,Gj-05,Manual,Suv,724000,Honda,Wr-V,Unknown
4240,2012.0,31886,2,Petrol,Dl-9C,Manual,Hatchback,255000,Honda,Brio,Unknown
4241,2020.0,52332,1,Petrol,Mh-48,Automatic,Lux_Suv,1715000,Jeep,Compass,Unknown
4242,2014.0,45425,2,Petrol,Mh-01,Manual,Hatchback,526000,Hyundai,Elite I20,Unknown
4243,2020.0,25986,1,Petrol,Wb-02,Automatic,Suv,630000,Renault,Triber,Unknown
4244,2021.0,14785,1,Petrol,Up-72,Automatic,Hatchback,1061000,Hyundai,New I20,Unknown
4245,2015.0,76553,1,Petrol,Ts-07,Automatic,Sedan,681000,Honda,City,Unknown
4246,2016.0,65840,1,Petrol,Tn-91,Manual,Hatchback,350000,Renault,Kwid,Unknown
4247,2018.0,37678,1,Petrol,Dl-7C,Automatic,Sedan,760000,Maruti,Ciaz,Unknown
4248,2018.0,24605,1,Petrol,Tn-37,Manual,Hatchback,386000,Hyundai,Eon,Unknown
4249,2014.0,61519,1,Petrol,Mh-12,Manual,Hatchback,403000,Honda,Brio,Unknown
4250,2020.0,62978,1,Cng,Mh-14,Manual,Hatchback,521000,Hyundai,New Santro,Unknown
4251,2015.0,62276,1,Petrol,Dl-9C,Manual,Hatchback,402000,Maruti,Swift,Unknown
4252,2020.0,12017,1,Petrol,Wb-26,Manual,Hatchback,436000,Hyundai,New Santro,Unknown
4253,2015.0,44795,2,Diesel,Ka-41,Manual,Hatchback,614000,Maruti,Swift,Unknown
4254,2018.0,100362,1,Cng,Dl-6C,Manual,Hatchback,405000,Maruti,Wagon R 1.0,Unknown
4255,2022.0,117827,2,Diesel,Tn-03,Automatic,Sedan,664000,Hyundai,Aura,Unknown
4256,2022.0,15062,1,Petrol,Pb-07,Manual,Hatchback,445000,Maruti,S Presso,Unknown
4257,2016.0,72841,1,Petrol,Mh-14,Manual,Hatchback,463000,Hyundai,Grand I10,Unknown
4258,2012.0,97419,2,Diesel,Tn-02,Manual,Hatchback,347000,Maruti,Ritz,Unknown
4259,2013.0,89791,1,Petrol,Ap-10,Manual,Hatchback,338000,Maruti,Wagon R 1.0,Unknown
4260,2018.0,58422,1,Petrol,Gj-01,Manual,Sedan,628000,Honda,Amaze,Unknown
4261,2010.0,56253,2,Petrol,Dl-3C,Manual,Sedan,245000,Honda,City,Unknown
4262,2010.0,48522,1,Petrol,Wb-30,Manual,Hatchback,232000,Hyundai,I20,Unknown
4263,2015.0,43026,1,Petrol,Wb-66,Manual,Hatchback,418000,Hyundai,Elite I20,Unknown
4264,2018.0,34102,1,Petrol,Ts-09,Automatic,Hatchback,324000,Datsun,Redi Go,Unknown
4265,2018.0,25642,1,Petrol,Ka-53,Manual,Hatchback,536000,Maruti,Celerio X,Unknown
4266,2014.0,37725,1,Petrol,Dl-8C,Manual,Sedan,392000,Maruti,Swift Dzire,Unknown
4267,2019.0,18526,1,Petrol,Mh-15,Manual,Hatchback,540000,Hyundai,Grand I10,Unknown
4268,2018.0,86703,1,Petrol,Rj-45,Manual,Sedan,913000,Hyundai,Verna,Unknown
4269,2017.0,50821,2,Petrol,Gj-03,Manual,Hatchback,320000,Maruti,Alto 800,Unknown
4270,2012.0,32528,1,Petrol,Kl-22,Manual,Hatchback,401000,Maruti,Swift,Unknown
4271,2016.0,50173,1,Petrol,Ka-03,Manual,Hatchback,620000,Maruti,Baleno,Unknown
4272,2016.0,74930,1,Petrol,Hr-02,Manual,Hatchback,554000,Hyundai,Elite I20,Unknown
4273,2016.0,41370,3,Petrol,Mp-04,Manual,Hatchback,264000,Maruti,Alto 800,Unknown
4274,2017.0,104845,1,Petrol,Unknown,Manual,Hatchback,484000,Honda,Jazz,Unknown
4275,2016.0,84407,2,Petrol,Ka-05,Manual,Hatchback,655000,Hyundai,Elite I20,Unknown
4276,2018.0,22518,2,Petrol,Mh-08,Manual,Hatchback,573000,Maruti,Swift,Unknown
4277,2012.0,82251,1,Petrol,Ka-01,Manual,Hatchback,417800,Hyundai,I20,Unknown
4278,2015.0,48955,1,Petrol,Mh-47,Manual,Sedan,551000,Maruti,Swift Dzire,Unknown
4279,2010.0,77550,2,Petrol,Mh-02,Manual,Hatchback,245000,Maruti,Swift,Unknown
4280,2018.0,86198,2,Petrol,Ka-02,Manual,Hatchback,307000,Hyundai,Eon,Unknown
4281,2017.0,69429,1,Petrol,Gj-35,Manual,Hatchback,498000,Maruti,Ignis,Unknown
4282,2017.0,105518,3,Petrol,Unknown,Automatic,Sedan,400000,Volkswagen,Vento,Unknown
4283,2017.0,76612,1,Petrol,Dl-8C,Manual,Hatchback,442000,Hyundai,Grand I10,Unknown
4284,2011.0,52743,1,Petrol,Mh-12,Manual,Hatchback,197000,Maruti,Alto,Unknown
4285,2013.0,57575,1,Petrol,Mh-12,Manual,Hatchback,341000,Hyundai,I10,Unknown
4286,2013.0,51926,2,Petrol,Mh-46,Manual,Suv,590000,Maruti,Ertiga,Unknown
4287,2017.0,70855,3,Petrol,Mh-06,Automatic,Hatchback,680000,Hyundai,Elite I20,Unknown
4288,2021.0,20338,2,Petrol,Gj-01,Automatic,Suv,827000,Nissan,Magnite,Unknown
4289,2016.0,101399,1,Petrol,Unknown,Manual,Hatchback,572000,Hyundai,Elite I20,Unknown
4290,2018.0,41352,1,Petrol,Ka-05,Automatic,Sedan,847000,Maruti,Dzire,Unknown
4291,2019.0,19069,2,Petrol,Br-01,Manual,Hatchback,456000,Hyundai,Grand I10,Unknown
4292,2016.0,48648,2,Petrol,Tn-07,Manual,Hatchback,652000,Hyundai,Elite I20,Unknown
4293,2017.0,22356,1,Petrol,Ts-10,Automatic,Hatchback,753000,Maruti,Baleno,Unknown
4294,2017.0,58137,1,Petrol,Mp-09,Manual,Hatchback,505000,Volkswagen,Polo,Unknown
4295,2021.0,24255,1,Petrol,Ka-22,Automatic,Sedan,1381800,Hyundai,Verna,Unknown
4296,2021.0,39436,1,Petrol,Tn-22,Automatic,Hatchback,642000,Maruti,New Wagon-R,Unknown
4297,2019.0,24826,2,Petrol,Pb-56,Manual,Sedan,616000,Maruti,Dzire,Unknown
4298,2019.0,29363,1,Petrol,Mh-31,Manual,Hatchback,731000,Volkswagen,Polo,Unknown
4299,2019.0,12544,1,Petrol,Tn-11,Manual,Hatchback,559000,Tata,Tiago Nrg,Unknown
4300,2022.0,19783,1,Petrol,Gj-02,Manual,Hatchback,984000,Hyundai,New I20,Unknown
4301,2021.0,20393,1,Petrol,Rj-45,Manual,Sedan,593000,Tata,Tigor,Unknown
4302,2020.0,61785,1,Cng,Hr-76,Manual,Hatchback,530000,Maruti,New Wagon-R,Unknown
4303,2018.0,89624,2,Diesel,Ts-09,Manual,Sedan,623000,Tata,Tigor,Unknown
4304,2015.0,45242,1,Petrol,Dl-5C,Manual,Hatchback,498000,Maruti,Baleno,Unknown
4305,2019.0,21066,1,Petrol,Tn-73,Manual,Hatchback,507000,Nissan,Micra Active,Unknown
4306,2021.0,23307,1,Petrol,Up-78,Manual,Hatchback,764000,Tata,Altroz,Unknown
4307,2010.0,53972,2,Petrol,Kl-07,Manual,Hatchback,179000,Hyundai,I10,Unknown
4308,2015.0,107935,2,Petrol,Unknown,Manual,Sedan,696000,Honda,City,Unknown
4309,2017.0,34958,3,Petrol,Mh-12,Automatic,Hatchback,637000,Honda,Jazz,Unknown
4310,2018.0,73705,1,Petrol,Hr-26,Automatic,Sedan,647000,Maruti,Dzire,Unknown
4311,2013.0,52775,1,Petrol,Dl-4C,Manual,Hatchback,264000,Honda,Brio,Unknown
4312,2021.0,10297,1,Petrol,Tn-05,Manual,Hatchback,842000,Tata,Altroz,Unknown
4313,2017.0,18353,1,Petrol,Mh-43,Manual,Hatchback,554000,Maruti,Baleno,Unknown
4314,2020.0,11633,1,Petrol,Ka-05,Manual,Sedan,899000,Toyota,Yaris,Unknown
4315,2020.0,11195,1,Petrol,Hr-51,Manual,Hatchback,488000,Maruti,Ignis,Unknown
4316,2016.0,34949,1,Petrol,Ch-01,Manual,Hatchback,326000,Maruti,Alto K10,Unknown
4317,2018.0,56115,1,Petrol,Br-02,Automatic,Hatchback,473000,Maruti,Celerio,Unknown
4318,2016.0,95574,1,Petrol,Ka-02,Automatic,Hatchback,401000,Maruti,Wagon R 1.0,Unknown
4319,2016.0,65033,1,Petrol,Gj-03,Manual,Hatchback,485000,Maruti,Swift,Unknown
4320,2014.0,45246,1,Petrol,Ka-03,Manual,Hatchback,515000,Maruti,Swift,Unknown
4321,2018.0,42185,1,Petrol,Ts-09,Manual,Hatchback,743000,Hyundai,Elite I20,Unknown
4322,2018.0,48600,1,Diesel,Dl-6C,Manual,Suv,733000,Maruti,Vitara Brezza,Unknown
4323,2014.0,91114,1,Diesel,Mh-43,Manual,Sedan,529000,Maruti,Swift Dzire,Unknown
4324,2016.0,56213,1,Petrol,Up-16,Manual,Hatchback,562000,Hyundai,Elite I20,Unknown
4325,2018.0,74022,2,Petrol,Ka-53,Automatic,Hatchback,396000,Renault,Kwid,Unknown
4326,2017.0,37341,2,Petrol,Mh-01,Manual,Sedan,501000,Maruti,Ciaz,Unknown
4327,2018.0,13040,1,Petrol,Gj-05,Manual,Hatchback,304000,Renault,Kwid,Unknown
4328,2020.0,59688,1,Petrol,Ts-09,Automatic,Suv,1690000,Mg,Hector Plus,Unknown
4329,2018.0,47101,2,Petrol,Ts-07,Manual,Hatchback,434000,Nissan,Micra Active,Unknown
4330,2012.0,95145,1,Petrol,Gj-27,Manual,Hatchback,274000,Hyundai,I10,Unknown
4331,2022.0,13702,1,Petrol,Pb-70,Manual,Hatchback,684350,Hyundai,New I20,Unknown
4332,2011.0,23103,1,Petrol,Ka-03,Manual,Hatchback,377000,Maruti,Ritz,Unknown
4333,2018.0,58648,1,Petrol,Gj-01,Automatic,Hatchback,512000,Tata,Tiago,Unknown
4334,2015.0,36379,1,Petrol,Mp-09,Automatic,Sedan,669000,Skoda,Rapid,Unknown
4335,2015.0,88973,1,Diesel,Ka-03,Manual,Lux_Suv,966000,Mahindra,Xuv500,Unknown
4336,2016.0,44611,1,Petrol,Ka-07,Manual,Hatchback,659000,Hyundai,Elite I20,Unknown
4337,2017.0,93039,1,Cng,Mh-14,Manual,Hatchback,461000,Maruti,Celerio,Unknown
4338,2016.0,3160,3,Petrol,Wb-24,Manual,Sedan,774000,Honda,City,Unknown
4339,2019.0,35941,1,Petrol,Up-32,Automatic,Suv,930000,Maruti,Xl6,Unknown
4340,2019.0,25628,1,Diesel,Hr-26,Automatic,Suv,911000,Renault,Duster,Unknown
4341,2021.0,41884,1,Petrol,Mh-12,Automatic,Sedan,686000,Hyundai,Verna,Unknown
4342,2018.0,45655,1,Diesel,Dl-8C,Manual,Suv,734000,Maruti,Vitara Brezza,Unknown
4343,2015.0,49048,2,Petrol,Dl-12,Automatic,Hatchback,432500,Hyundai,Grand I10,Unknown
4344,2018.0,73725,1,Petrol,Ts-07,Manual,Suv,801000,Ford,Ecosport,Unknown
4345,2013.0,108985,1,Diesel,Hr-26,Manual,Hatchback,284000,Hyundai,Grand I10,Unknown
4346,2017.0,31145,2,Petrol,Pb-09,Manual,Hatchback,343000,Maruti,Alto 800,Unknown
4347,2014.0,35225,1,Petrol,Ka-53,Manual,Hatchback,538000,Maruti,Swift,Unknown
4348,2021.0,58838,1,Petrol,Hr-51,Manual,Hatchback,653000,Maruti,Swift,Unknown
4349,2020.0,51289,1,Cng,Dl-6C,Manual,Hatchback,503000,Maruti,S Presso,Unknown
4350,2018.0,74410,2,Petrol,Tn-09,Automatic,Hatchback,534000,Maruti,Ignis,Unknown
4351,2019.0,29671,1,Petrol,Ts-09,Manual,Sedan,857000,Hyundai,Verna,Unknown
4352,2017.0,107627,3,Diesel,Ka-32,Manual,Suv,679000,Honda,Wr-V,Unknown
4353,2015.0,107343,2,Petrol,Unknown,Automatic,Sedan,504000,Volkswagen,Vento,Unknown
4354,2017.0,93563,1,Petrol,Ka-01,Automatic,Suv,962000,Hyundai,Creta,Unknown
4355,2017.0,47048,1,Petrol,Ts-15,Manual,Hatchback,293000,Maruti,Alto 800,Unknown
4356,2021.0,48964,1,Petrol,Gj-27,Manual,Suv,798000,Nissan,Magnite,Unknown
4357,2016.0,81685,1,Petrol,Tn-04,Manual,Hatchback,523000,Maruti,Swift,Unknown
4358,2010.0,64580,2,Petrol,Dl-8C,Manual,Hatchback,174000,Hyundai,I20,Unknown
4359,2019.0,32663,1,Petrol,Hr-72,Manual,Hatchback,626000,Maruti,Swift,Unknown
4360,2017.0,45302,1,Petrol,Dl-8C,Manual,Hatchback,544000,Hyundai,Elite I20,Unknown
4361,2014.0,64558,2,Petrol,Ka-41,Manual,Hatchback,487000,Hyundai,I20,Unknown
4362,2020.0,72812,2,Petrol,Ts-07,Automatic,Suv,989000,Tata,Nexon,Unknown
4363,2017.0,65023,3,Petrol,Mp-16,Manual,Hatchback,499000,Hyundai,Elite I20,Unknown
4364,2018.0,54708,2,Petrol,Ts-09,Automatic,Hatchback,580000,Hyundai,Grand I10,Unknown
4365,2018.0,30889,1,Petrol,Pb-91,Manual,Hatchback,456000,Hyundai,New Santro,Unknown
4366,2019.0,29829,1,Petrol,Gj-06,Manual,Hatchback,695000,Hyundai,Elite I20,Unknown
4367,2011.0,18136,1,Petrol,Hr-51,Manual,Hatchback,202000,Maruti,Ritz,Unknown
4368,2018.0,72599,1,Petrol,Ts-09,Automatic,Hatchback,605000,Maruti,Swift,Unknown
4369,2020.0,23664,2,Petrol,Ka-01,Manual,Hatchback,782000,Hyundai,Elite I20,Unknown
4370,2015.0,76920,1,Petrol,Tn-39,Automatic,Hatchback,393000,Maruti,Celerio,Unknown
4371,2017.0,17699,1,Petrol,Wb-02,Automatic,Sedan,586000,Maruti,Dzire,Unknown
4372,2018.0,42611,1,Petrol,Dl-5C,Manual,Hatchback,298000,Maruti,Alto 800,Unknown
4373,2017.0,114545,1,Petrol,Unknown,Manual,Suv,687000,Honda,Wr-V,Unknown
4374,2017.0,43877,1,Petrol,Up-78,Automatic,Sedan,824000,Honda,City,Unknown
4375,2017.0,40373,2,Petrol,Mh-46,Manual,Hatchback,540000,Hyundai,Elite I20,Unknown
4376,2016.0,22869,1,Petrol,Mh-12,Manual,Hatchback,322000,Renault,Kwid,Unknown
4377,2015.0,43721,1,Petrol,Dl-3C,Manual,Sedan,492000,Honda,Amaze,Unknown
4378,2019.0,34748,1,Diesel,Ka-03,Automatic,Sedan,840000,Honda,Amaze,Unknown
4379,2019.0,29847,2,Diesel,Hr-20,Manual,Lux_Suv,1291000,Mahindra,Xuv500,Unknown
4380,2022.0,15616,1,Petrol,Gj-19,Manual,Hatchback,787000,Renault,Kiger,Unknown
4381,2017.0,25273,1,Petrol,Mh-02,Manual,Suv,853000,Hyundai,Creta,Unknown
4382,2019.0,17523,1,Petrol,Dl-10,Manual,Suv,583000,Ford,Freestyle,Unknown
4383,2010.0,22167,1,Petrol,Dl-12,Manual,Hatchback,216000,Hyundai,I20,Unknown
4384,2010.0,36033,1,Diesel,Hr-10,Manual,Sedan,1390000,Maruti,Swift Dzire,Unknown
4385,2021.0,6279,1,Petrol,Up-32,Manual,Hatchback,587000,Hyundai,Grand I10 Nios,Unknown
4386,2016.0,82380,1,Petrol,Mp-04,Manual,Hatchback,450000,Maruti,Swift,Unknown
4387,2019.0,18097,1,Petrol,Ka-04,Manual,Sedan,805000,Maruti,Dzire,Unknown
4388,2017.0,57546,1,Petrol,Mh-05,Manual,Hatchback,548000,Maruti,Swift,Unknown
4389,2021.0,67623,1,Cng,Hr-72,Manual,Hatchback,422000,Maruti,Alto,Unknown
4390,2014.0,78624,1,Cng,Mh-03,Manual,Hatchback,328000,Maruti,Wagon R 1.0,Unknown
4391,2016.0,71048,2,Petrol,Wb-12,Manual,Suv,634000,Hyundai,Creta,Unknown
4392,2016.0,38153,1,Petrol,Ka-03,Manual,Hatchback,714000,Maruti,Baleno,Unknown
4393,2021.0,25322,1,Petrol,Gj-38,Automatic,Hatchback,799000,Maruti,Baleno,Unknown
4394,2021.0,35060,1,Petrol,Ts-08,Automatic,Hatchback,749000,Hyundai,Grand I10 Nios,Unknown
4395,2018.0,39817,2,Petrol,Ts-10,Manual,Hatchback,541000,Maruti,Ignis,Unknown
4396,2019.0,24335,1,Petrol,Hr-26,Manual,Suv,986000,Hyundai,Creta,Unknown
4397,2017.0,56372,2,Petrol,Hr-26,Automatic,Sedan,602000,Maruti,Ciaz,Unknown
4398,2011.0,83325,1,Petrol,Kl-32,Manual,Hatchback,209000,Hyundai,I10,Unknown
4399,2022.0,7387,1,Petrol,Up-78,Manual,Hatchback,620000,Maruti,Celerio,Unknown
4400,2019.0,25714,1,Petrol,Gj-03,Manual,Hatchback,567000,Hyundai,Grand I10,Unknown
4401,2019.0,28735,2,Petrol,Gj-01,Automatic,Suv,792000,Ford,Ecosport,Unknown
4402,2016.0,18774,2,Petrol,Mh-03,Manual,Hatchback,555000,Hyundai,Elite I20,Unknown
4403,2020.0,9326,1,Petrol,Ka-51,Manual,Hatchback,432000,Renault,Kwid,Unknown
4404,2017.0,52293,1,Cng,Mh-46,Manual,Hatchback,394000,Maruti,Wagon R 1.0,Unknown
4405,2022.0,3083,1,Petrol,Wb-20,Automatic,Hatchback,705000,Maruti,Celerio,Unknown
4406,2019.0,29480,1,Diesel,Dl-1C,Manual,Suv,707000,Maruti,Vitara Brezza,Unknown
4407,2014.0,100204,2,Petrol,Unknown,Automatic,Hatchback,322000,Maruti,Celerio,Unknown
4408,2020.0,17034,1,Petrol,Gj-18,Manual,Sedan,1049000,Hyundai,Verna,Unknown
4409,2018.0,26727,2,Petrol,Mh-49,Manual,Suv,539000,Ford,Freestyle,Unknown
4410,2015.0,72036,2,Petrol,Gj-05,Manual,Hatchback,447000,Hyundai,Grand I10,Unknown
4411,2019.0,57268,2,Diesel,Ka-03,Manual,Sedan,801000,Maruti,Dzire,Unknown
4412,2019.0,9645,1,Petrol,Ts-08,Manual,Sedan,939000,Hyundai,Verna,Unknown
4413,2018.0,20866,1,Petrol,Ts-09,Manual,Sedan,862000,Hyundai,Verna,Unknown
4414,2019.0,45450,1,Petrol,Ts-08,Manual,Hatchback,527000,Tata,Tiago,Unknown
4415,2016.0,44423,1,Petrol,Tn-14,Manual,Hatchback,606000,Hyundai,Elite I20,Unknown
4416,2020.0,57787,2,Petrol,Mh-02,Manual,Sedan,368000,Honda,Amaze,Unknown
4417,2018.0,56129,1,Petrol,Ts-13,Manual,Hatchback,555000,Hyundai,Grand I10,Unknown
4418,2013.0,87260,1,Petrol,Ch-01,Manual,Hatchback,221000,Hyundai,I10,Unknown
4419,2013.0,72805,2,Petrol,Tn-04,Manual,Hatchback,324000,Hyundai,I10,Unknown
4420,2019.0,51395,1,Petrol,Ka-42,Manual,Hatchback,463000,Maruti,S Presso,Unknown
4421,2021.0,14771,1,Petrol,Mh-15,Manual,Hatchback,621000,Maruti,Celerio,Unknown
4422,2019.0,75296,1,Petrol,Mh-14,Manual,Sedan,636000,Hyundai,Verna,Unknown
4423,2020.0,37283,1,Petrol,Up-32,Manual,Sedan,1023000,Toyota,Yaris,Unknown
4424,2022.0,30399,1,Cng,Hr-26,Manual,Hatchback,712000,Tata,Tiago,Unknown
4425,2012.0,75136,2,Petrol,Mh-14,Manual,Hatchback,293000,Hyundai,I20,Unknown
4426,2020.0,20248,1,Petrol,Ka-04,Automatic,Hatchback,582000,Renault,Kwid,Unknown
4427,2019.0,34976,2,Petrol,Ka-50,Automatic,Hatchback,566000,Maruti,Ignis,Unknown
4428,2019.0,72225,1,Petrol,Up-65,Manual,Hatchback,510000,Maruti,Ignis,Unknown
4429,2018.0,84334,2,Petrol,Tn-04,Automatic,Suv,825000,Honda,Br-V,Unknown
4430,2018.0,61684,1,Petrol,Mh-16,Manual,Sedan,460000,Hyundai,Verna,Unknown
4431,2014.0,89348,1,Cng,Dl-5C,Manual,Hatchback,322000,Maruti,Celerio,Unknown
4432,2013.0,110146,2,Cng,Mh-04,Manual,Sedan,319000,Honda,Amaze,Unknown
4433,2019.0,38038,1,Petrol,Ts-08,Automatic,Sedan,742000,Honda,Amaze,Unknown
4434,2016.0,53162,1,Petrol,Gj-01,Manual,Hatchback,460000,Hyundai,Grand I10,Unknown
4435,2014.0,46573,2,Petrol,Ap-09,Manual,Sedan,617000,Honda,City,Unknown
4436,2017.0,25941,1,Petrol,Gj-03,Manual,Hatchback,576000,Maruti,Swift,Unknown
4437,2018.0,50049,1,Diesel,Mh-12,Manual,Suv,831000,Honda,Wr-V,Unknown
4438,2019.0,9664,1,Petrol,Wb-20,Manual,Hatchback,604000,Maruti,Swift,Unknown
4439,2014.0,13243,1,Petrol,Hr-98,Manual,Sedan,865000,Maruti,Swift Dzire,Unknown
4440,2020.0,11172,1,Petrol,Ka-03,Manual,Suv,1038000,Renault,Duster,Unknown
4441,2018.0,39722,3,Petrol,Gj-01,Automatic,Suv,720000,Ford,Ecosport,Unknown
4442,2011.0,76371,2,Petrol,Tn-02,Manual,Hatchback,242000,Maruti,Alto K10,Unknown
4443,2012.0,45413,1,Petrol,Pb-91,Automatic,Sedan,852000,Honda,City,Unknown
4444,2017.0,83337,1,Petrol,Ts-08,Automatic,Hatchback,657000,Hyundai,Elite I20,Unknown
4445,2021.0,40723,1,Diesel,Mh-29,Manual,Hatchback,822000,Tata,Altroz,Unknown
4446,2021.0,60968,2,Petrol,Gj-05,Manual,Sedan,603000,Maruti,Ciaz,Unknown
4447,2015.0,62593,1,Petrol,Up-78,Manual,Hatchback,516000,Hyundai,I20 Active,Unknown
4448,2022.0,15920,1,Petrol,Hr-26,Manual,Hatchback,782000,Renault,Kiger,Unknown
4449,2010.0,83758,1,Petrol,Ka-03,Manual,Sedan,423000,Honda,City,Unknown
4450,2021.0,25754,1,Cng,Hr-29,Manual,Hatchback,606000,Maruti,New Wagon-R,Unknown
4451,2012.0,90671,2,Petrol,Ka-03,Manual,Hatchback,306000,Honda,Brio,Unknown
4452,2018.0,30073,1,Petrol,Up-14,Manual,Hatchback,397000,Maruti,Wagon R 1.0,Unknown
4453,2019.0,90122,1,Petrol,Ts-16,Automatic,Hatchback,469000,Hyundai,New Santro,Unknown
4454,2020.0,14112,1,Petrol,Pb-36,Manual,Sedan,566000,Tata,Tigor,Unknown
4455,2018.0,26231,2,Petrol,Hr-70,Automatic,Hatchback,407000,Maruti,Wagon R 1.0,Unknown
4456,2019.0,87935,1,Petrol,Gj-09,Manual,Hatchback,709000,Hyundai,Elite I20,Unknown
4457,2016.0,48428,1,Petrol,Hr-11,Manual,Suv,788000,Hyundai,Creta,Unknown
4458,2017.0,47649,1,Petrol,Mh-01,Manual,Hatchback,589000,Maruti,Baleno,Unknown
4459,2019.0,32567,1,Petrol,Hr-26,Automatic,Suv,1069000,Hyundai,Venue,Unknown
4460,2018.0,75231,1,Diesel,Ts-07,Manual,Hatchback,778000,Hyundai,Elite I20,Unknown
4461,2017.0,13559,1,Petrol,Dl-1C,Manual,Hatchback,470000,Maruti,Swift,Unknown
4462,2019.0,42471,1,Petrol,Ka-51,Automatic,Sedan,903000,Maruti,Ciaz,Unknown
4463,2018.0,68177,1,Petrol,Gj-06,Manual,Sedan,796000,Hyundai,Xcent,Unknown
4464,2018.0,24092,2,Petrol,Wb-02,Manual,Sedan,720000,Maruti,Dzire,Unknown
4465,2020.0,44904,1,Petrol,Gj-10,Manual,Hatchback,380000,Maruti,Alto,Unknown
4466,2017.0,51064,1,Petrol,Dl-10,Manual,Suv,696000,Honda,Wr-V,Unknown
4467,2019.0,23547,1,Petrol,Hr-72,Manual,Hatchback,546800,Maruti,Ignis,Unknown
4468,2018.0,37384,1,Diesel,Dl-5C,Manual,Suv,700000,Tata,Nexon,Unknown
4469,2019.0,26904,1,Petrol,Mh-01,Automatic,Hatchback,492000,Nissan,Micra,Unknown
4470,2014.0,95766,2,Petrol,Mh-01,Automatic,Lux_Sedan,822000,Toyota,Corolla Altis,Unknown
4471,2014.0,65926,1,Petrol,Ka-02,Manual,Sedan,455000,Maruti,Swift Dzire,Unknown
4472,2017.0,77577,1,Petrol,Wb-02,Manual,Hatchback,442000,Maruti,Baleno,Unknown
4473,2018.0,67478,2,Petrol,Kl-07,Manual,Hatchback,220000,Datsun,Redi Go,Unknown
4474,2016.0,56280,2,Petrol,Mh-04,Manual,Hatchback,386000,Hyundai,Grand I10,Unknown
4475,2015.0,17577,1,Petrol,Mh-47,Manual,Hatchback,342000,Maruti,Wagon R 1.0,Unknown
4476,2018.0,64402,1,Petrol,Ts-09,Automatic,Sedan,1137000,Maruti,Dzire,Unknown
4477,2020.0,44460,1,Petrol,Pb-65,Automatic,Sedan,1032000,Maruti,Ciaz,Unknown
4478,2014.0,59133,1,Cng,Mh-05,Manual,Suv,662000,Maruti,Ertiga,Unknown
4479,2016.0,114831,1,Petrol,Unknown,Automatic,Suv,753000,Honda,Br-V,Unknown
4480,2013.0,73301,2,Petrol,Dl-3C,Manual,Hatchback,294000,Hyundai,I20,Unknown
4481,2017.0,25667,2,Petrol,Mh-03,Manual,Hatchback,359000,Hyundai,Eon,Unknown
4482,2019.0,40972,1,Petrol,Mh-12,Automatic,Sedan,1813000,Honda,Civic,Unknown
4483,2017.0,83412,1,Petrol,Ts-08,Manual,Hatchback,592000,Maruti,Baleno,Unknown
4484,2018.0,84823,1,Petrol,Kl-48,Manual,Hatchback,561000,Maruti,Swift,Unknown
4485,2021.0,53051,1,Cng,Dl-7C,Manual,Hatchback,526000,Hyundai,New Santro,Unknown
4486,2018.0,67388,1,Petrol,Ts-08,Automatic,Sedan,803000,Maruti,Ciaz,Unknown
4487,2017.0,48719,2,Petrol,Ka-03,Automatic,Suv,715000,Renault,Duster,Unknown
4488,2021.0,32137,1,Cng,Mh-20,Manual,Hatchback,593000,Maruti,New Wagon-R,Unknown
4489,2013.0,91368,1,Diesel,Mh-04,Manual,Hatchback,450000,Maruti,Swift,Unknown
4490,2019.0,39548,1,Petrol,Pb-29,Manual,Hatchback,645000,Maruti,Swift,Unknown
4491,2017.0,86974,1,Petrol,Dl-5C,Manual,Hatchback,433000,Maruti,Swift,Unknown
4492,2014.0,55145,1,Petrol,Mh-12,Manual,Hatchback,433000,Maruti,Swift,Unknown
4493,2016.0,56614,1,Petrol,Dl-8C,Manual,Hatchback,534000,Hyundai,Elite I20,Unknown
4494,2020.0,49351,1,Diesel,Ts-07,Manual,Sedan,1027000,Hyundai,Verna,Unknown
4495,2020.0,11232,1,Petrol,Gj-01,Automatic,Hatchback,587000,Maruti,New Wagon-R,Unknown
4496,2017.0,50734,2,Petrol,Ts-07,Manual,Hatchback,648000,Volkswagen,Polo,Unknown
4497,2016.0,109651,1,Petrol,Unknown,Manual,Hatchback,348000,Tata,Tiago,Unknown
4498,2018.0,96192,1,Diesel,Kl-08,Manual,Hatchback,438000,Tata,Tiago,Unknown
4499,2020.0,62405,3,Petrol,Gj-01,Manual,Sedan,424000,Hyundai,Verna,Unknown
4500,2015.0,77588,1,Cng,Dl-3C,Manual,Sedan,470000,Hyundai,Verna,Unknown
4501,2015.0,77807,2,Petrol,Mh-01,Manual,Hatchback,384000,Maruti,Swift,Unknown
4502,2017.0,45560,1,Petrol,Ka-03,Automatic,Sedan,775000,Honda,City,Unknown
4503,2012.0,70032,1,Petrol,Ka-51,Automatic,Hatchback,339000,Hyundai,I10,Unknown
4504,2017.0,60637,1,Petrol,Gj-05,Manual,Hatchback,473000,Hyundai,Grand I10,Unknown
4505,2018.0,33302,1,Petrol,Rj-45,Manual,Sedan,607000,Maruti,Dzire,Unknown
4506,2019.0,17101,2,Petrol,Ka-51,Manual,Hatchback,374000,Maruti,Alto,Unknown
4507,2018.0,48250,1,Petrol,Hr-30,Manual,Hatchback,587000,Hyundai,Elite I20,Unknown
4508,2012.0,107982,3,Cng,Mh-03,Manual,Hatchback,330000,Hyundai,I20,Unknown
4509,2014.0,32907,2,Petrol,Mh-12,Manual,Hatchback,315000,Maruti,Ritz,Unknown
4510,2019.0,19693,1,Petrol,Ka-51,Automatic,Hatchback,879000,Maruti,Baleno,Unknown
4511,2017.0,124781,1,Petrol,Unknown,Manual,Sedan,567000,Honda,City,Unknown
4512,2013.0,62642,1,Petrol,Mh-02,Manual,Hatchback,288000,Honda,Brio,Unknown
4513,2017.0,46009,1,Petrol,Gj-06,Manual,Hatchback,569000,Maruti,Baleno,Unknown
4514,2022.0,1376,1,Petrol,Mh-14,Manual,Hatchback,663000,Maruti,Ignis,Unknown
4515,2021.0,19794,1,Petrol,Ka-04,Manual,Hatchback,715000,Tata,Altroz,Unknown
4516,2020.0,50879,1,Petrol,Tn-05,Manual,Hatchback,636000,Maruti,Swift,Unknown
4517,2011.0,110053,1,Petrol,Unknown,Manual,Hatchback,237000,Maruti,Wagon R 1.0,Unknown
4518,2014.0,53879,1,Petrol,Hr-26,Manual,Sedan,207000,Honda,Amaze,Unknown
4519,2018.0,46731,1,Petrol,Mh-05,Manual,Hatchback,374000,Maruti,Alto K10,Unknown
4520,2016.0,67963,1,Petrol,Gj-01,Manual,Suv,682000,Honda,Br-V,Unknown
4521,2016.0,57282,1,Diesel,Wb-06,Manual,Suv,647000,Renault,Duster,Unknown
4522,2018.0,74363,1,Petrol,Pb-10,Manual,Hatchback,589000,Hyundai,Elite I20,Unknown
4523,2015.0,73916,2,Petrol,Ka-64,Manual,Hatchback,408000,Honda,Brio,Unknown
4524,2013.0,13137,1,Petrol,Dl-5C,Manual,Sedan,659000,Toyota,Etios,Unknown
4525,2012.0,97529,1,Petrol,Up-16,Manual,Hatchback,247000,Maruti,Swift,Unknown
4526,2020.0,50385,1,Petrol,Ts-07,Automatic,Sedan,788000,Honda,Amaze,Unknown
4527,2016.0,60660,2,Petrol,Mp-09,Manual,Sedan,419000,Honda,Amaze,Unknown
4528,2017.0,15016,1,Petrol,Ka-53,Manual,Suv,410000,Maruti,Eeco,Unknown
4529,2021.0,20754,1,Petrol,Ka-41,Manual,Sedan,1092000,Toyota,Yaris,Unknown
4530,2016.0,82556,1,Petrol,Ts-08,Manual,Sedan,633000,Volkswagen,Ameo,Unknown
4531,2020.0,4805,2,Petrol,Tn-14,Manual,Hatchback,477000,Maruti,S Presso,Unknown
4532,2017.0,70248,1,Petrol,Up-53,Automatic,Sedan,705000,Skoda,Rapid,Unknown
4533,2020.0,58531,1,Diesel,Ts-08,Manual,Sedan,614350,Toyota,Yaris,Unknown
4534,2021.0,45459,1,Petrol,Hr-76,Manual,Hatchback,737000,Renault,Kiger,Unknown
4535,2017.0,23141,1,Petrol,Up-32,Automatic,Sedan,734000,Honda,City,Unknown
4536,2019.0,63133,1,Diesel,Ka-05,Manual,Suv,920000,Ford,Ecosport,Unknown
4537,2021.0,45146,1,Petrol,Gj-03,Manual,Hatchback,598000,Tata,Tiago,Unknown
4538,2019.0,28315,1,Petrol,Gj-05,Manual,Hatchback,381000,Maruti,Alto K10,Unknown
4539,2018.0,70986,1,Petrol,Rj-14,Automatic,Sedan,670000,Maruti,Dzire,Unknown
4540,2018.0,61369,2,Diesel,Hr-70,Automatic,Suv,762000,Maruti,Vitara Brezza,Unknown
4541,2017.0,38831,2,Petrol,Mh-12,Automatic,Hatchback,586000,Hyundai,Grand I10,Unknown
4542,2018.0,35434,1,Petrol,Ts-08,Manual,Hatchback,379000,Maruti,Alto K10,Unknown
4543,2020.0,79701,1,Cng,Dl-2C,Manual,Hatchback,655000,Hyundai,Grand I10 Nios,Unknown
4544,2017.0,28851,1,Petrol,Mh-40,Manual,Hatchback,485000,Hyundai,Grand I10,Unknown
4545,2014.0,46709,3,Petrol,Hr-26,Manual,Hatchback,330000,Maruti,Wagon R 1.0,Unknown
4546,2021.0,73768,1,Petrol,Tn-10,Manual,Hatchback,753000,Hyundai,New I20,Unknown
4547,2021.0,97621,1,Diesel,Ts-01,Manual,Hatchback,862000,Hyundai,New I20,Unknown
4548,2011.0,94660,1,Petrol,Dl-9C,Manual,Hatchback,237000,Maruti,Swift,Unknown
4549,2018.0,93327,2,Diesel,Up-16,Manual,Suv,751000,Hyundai,Creta,Unknown
4550,2015.0,83446,1,Petrol,Ap-30,Manual,Sedan,581000,Maruti,Swift Dzire,Unknown
4551,2018.0,37315,1,Cng,Mh-03,Manual,Hatchback,443000,Maruti,Wagon R 1.0,Unknown
4552,2019.0,46580,2,Petrol,Tn-14,Manual,Hatchback,667000,Hyundai,Elite I20,Unknown
4553,2012.0,72618,1,Petrol,Hr-36,Manual,Sedan,771000,Honda,City,Unknown
4554,2021.0,19886,1,Diesel,Ts-19,Manual,Suv,1080000,Tata,Nexon,Unknown
4555,2013.0,55645,1,Petrol,Mh-43,Manual,Hatchback,364000,Maruti,Swift,Unknown
4556,2013.0,29963,1,Petrol,Gj-05,Manual,Hatchback,287000,Hyundai,I10,Unknown
4557,2019.0,25661,2,Petrol,Dl-9C,Manual,Hatchback,555000,Maruti,Swift,Unknown
4558,2021.0,22637,1,Petrol,Ka-50,Automatic,Hatchback,855000,Renault,Kiger,Unknown
4559,2011.0,62237,1,Petrol,Mh-12,Manual,Hatchback,248000,Hyundai,I10,Unknown
4560,2019.0,38643,1,Petrol,Dl-12,Automatic,Suv,736350,Tata,Nexon,Unknown
4561,2015.0,33510,1,Petrol,Mh-01,Manual,Sedan,455000,Volkswagen,Vento,Unknown
4562,2016.0,84469,1,Petrol,Ka-51,Manual,Hatchback,593000,Maruti,Swift,Unknown
4563,2013.0,64421,2,Petrol,Mh-02,Manual,Hatchback,349000,Hyundai,I20,Unknown
4564,2016.0,117557,1,Diesel,Wb-02,Manual,Suv,420000,Maruti,S Cross,Unknown
4565,2021.0,30197,1,Petrol,Ka-04,Automatic,Sedan,781000,Maruti,Dzire,Unknown
4566,2015.0,44221,3,Petrol,Wb-32,Manual,Hatchback,374000,Hyundai,Elite I20,Unknown
4567,2019.0,33688,1,Petrol,Tn-05,Automatic,Hatchback,535000,Hyundai,New Santro,Unknown
4568,2019.0,20364,1,Petrol,Up-14,Manual,Hatchback,522000,Maruti,Ignis,Unknown
4569,2019.0,102395,1,Petrol,Unknown,Manual,Suv,522000,Renault,Triber,Unknown
4570,2014.0,47903,2,Petrol,Gj-06,Manual,Hatchback,376000,Hyundai,Grand I10,Unknown
4571,2012.0,110366,1,Petrol,Unknown,Manual,Hatchback,312000,Honda,Brio,Unknown
4572,2013.0,45198,1,Petrol,Ka-04,Manual,Hatchback,384000,Maruti,Wagon R 1.0,Unknown
4573,2016.0,27955,2,Petrol,Up-78,Manual,Sedan,526000,Honda,City,Unknown
4574,2020.0,79978,1,Petrol,Ka-51,Manual,Hatchback,645000,Hyundai,Grand I10 Nios,Unknown
4575,2019.0,53627,1,Petrol,Ka-53,Automatic,Hatchback,745000,Maruti,Baleno,Unknown
4576,2020.0,47887,1,Cng,Mh-05,Manual,Hatchback,540000,Hyundai,New Santro,Unknown
4577,2016.0,60228,1,Petrol,Tn-05,Manual,Hatchback,271000,Datsun,Redi Go,Unknown
4578,2017.0,85948,1,Diesel,Ts-08,Automatic,Sedan,644000,Honda,City,Unknown
4579,2016.0,21303,2,Petrol,Mh-12,Automatic,Sedan,733000,Maruti,Swift Dzire,Unknown
4580,2017.0,108691,3,Diesel,Pb-65,Automatic,Lux_Suv,870000,Mahindra,Xuv500,Unknown
4581,2021.0,18569,1,Petrol,Ts-08,Manual,Hatchback,470000,Datsun,Redi Go,Unknown
4582,2017.0,53549,2,Petrol,Rj-14,Manual,Hatchback,552000,Hyundai,Elite I20,Unknown
4583,2018.0,49245,2,Petrol,Ka-05,Automatic,Hatchback,420000,Renault,Kwid,Unknown
4584,2021.0,70076,1,Diesel,Ts-08,Manual,Suv,1815000,Tata,Harrier,Unknown
4585,2014.0,116027,2,Diesel,Ts-08,Manual,Hatchback,349000,Maruti,Ritz,Unknown
4586,2013.0,11199,2,Petrol,Wb-38,Manual,Hatchback,212000,Maruti,Zen Estilo,Unknown
4587,2012.0,59322,3,Petrol,Gj-21,Manual,Hatchback,295000,Hyundai,I10,Unknown
4588,2016.0,70257,1,Petrol,Gj-01,Automatic,Suv,868000,Hyundai,Creta,Unknown
4589,2012.0,73157,2,Petrol,Mh-05,Manual,Hatchback,267750,Maruti,Wagon R 1.0,Unknown
4590,2014.0,102477,2,Petrol,Unknown,Automatic,Lux_Sedan,750000,Toyota,Corolla Altis,Unknown
4591,2019.0,60282,2,Diesel,Ka-01,Manual,Suv,703000,Ford,Freestyle,Unknown
4592,2017.0,54651,2,Petrol,Ts-09,Manual,Hatchback,588000,Volkswagen,Polo,Unknown
4593,2015.0,82616,1,Petrol,Wb-02,Manual,Sedan,412000,Honda,City,Unknown
4594,2018.0,63025,1,Petrol,Ka-01,Automatic,Hatchback,675000,Maruti,Swift,Unknown
4595,2018.0,7752,1,Petrol,Wb-06,Automatic,Hatchback,550000,Hyundai,Grand I10,Unknown
4596,2022.0,11634,1,Petrol,Dl-12,Automatic,Hatchback,853000,Renault,Kiger,Unknown
4597,2017.0,30622,2,Petrol,Ka-01,Automatic,Hatchback,518000,Maruti,Celerio,Unknown
4598,2019.0,39014,1,Petrol,Ts-08,Automatic,Hatchback,805000,Toyota,Glanza,Unknown
4599,2015.0,44382,1,Petrol,Mh-04,Manual,Hatchback,535000,Hyundai,Elite I20,Unknown
4600,2015.0,65163,2,Petrol,Mh-02,Manual,Sedan,500000,Maruti,Ciaz,Unknown
4601,2018.0,41996,1,Cng,Up-16,Manual,Hatchback,619000,Hyundai,Elite I20,Unknown
4602,2012.0,57115,2,Petrol,Ka-03,Manual,Hatchback,347000,Honda,Brio,Unknown
4603,2015.0,124318,3,Diesel,Gj-03,Manual,Hatchback,371000,Maruti,Swift,Unknown
4604,2021.0,11858,1,Petrol,Mh-12,Automatic,Hatchback,1030000,Volkswagen,Polo,Unknown
4605,2013.0,16029,1,Petrol,Hr-29,Manual,Sedan,731000,Maruti,Swift Dzire,Unknown
4606,2015.0,36019,2,Cng,Hr-51,Automatic,Hatchback,309000,Maruti,Alto K10,Unknown
4607,2017.0,43238,2,Petrol,Ka-03,Manual,Sedan,732000,Honda,City,Unknown
4608,2021.0,14598,1,Petrol,Ka-04,Manual,Hatchback,814000,Renault,Kiger,Unknown
4609,2019.0,63087,1,Cng,Mh-05,Manual,Hatchback,507000,Maruti,New Wagon-R,Unknown
4610,2015.0,99579,2,Petrol,Ka-04,Automatic,Hatchback,443000,Maruti,Celerio,Unknown
4611,2018.0,24039,1,Cng,Dl-8C,Manual,Hatchback,476000,Hyundai,Grand I10,Unknown
4612,2014.0,41716,1,Petrol,Mp-09,Manual,Sedan,526000,Honda,City,Unknown
4613,2016.0,72575,2,Petrol,Ts-16,Automatic,Hatchback,426000,Maruti,Celerio,Unknown
4614,2014.0,39761,1,Petrol,Wb-02,Manual,Sedan,321000,Hyundai,Xcent,Unknown
4615,2019.0,33497,1,Petrol,Br-01,Manual,Sedan,670000,Maruti,Dzire,Unknown
4616,2010.0,42334,1,Petrol,Ka-05,Manual,Hatchback,266000,Hyundai,I10,Unknown
4617,2017.0,33206,1,Petrol,Ka-42,Automatic,Sedan,1022350,Maruti,Dzire,Unknown
4618,2020.0,37675,2,Petrol,Tn-13,Automatic,Hatchback,797000,Maruti,Baleno,Unknown
4619,2021.0,22865,1,Diesel,Gj-01,Manual,Lux_Suv,1418000,Mahindra,Xuv500,Unknown
4620,2018.0,37566,2,Petrol,Ka-04,Manual,Suv,750000,Honda,Wr-V,Unknown
4621,2020.0,81265,1,Diesel,Br-06,Manual,Suv,861000,Hyundai,Venue,Unknown
4622,2015.0,48581,1,Petrol,Mh-34,Manual,Hatchback,539000,Hyundai,Elite I20,Unknown
4623,2016.0,31359,1,Petrol,Ka-05,Manual,Suv,986000,Hyundai,Creta,Unknown
4624,2014.0,68435,1,Petrol,Kl-07,Manual,Hatchback,252000,Hyundai,Eon,Unknown
4625,2017.0,93133,3,Petrol,Ts-15,Manual,Hatchback,317000,Maruti,Alto K10,Unknown
4626,2018.0,37338,1,Petrol,Dl-8C,Automatic,Hatchback,614000,Maruti,Swift,Unknown
4627,2013.0,44300,1,Petrol,Mh-12,Manual,Hatchback,415000,Hyundai,I20,Unknown
4628,2017.0,85298,1,Petrol,Ts-08,Manual,Hatchback,316000,Datsun,Go,Unknown
4629,2013.0,70282,2,Petrol,Ap-29,Manual,Hatchback,325000,Hyundai,I10,Unknown
4630,2019.0,50788,1,Cng,Kl-07,Manual,Hatchback,625000,Hyundai,Grand I10 Nios,Unknown
4631,2010.0,94651,2,Petrol,Mh-12,Manual,Hatchback,225000,Hyundai,I10,Unknown
4632,2017.0,68359,1,Petrol,Ts-07,Manual,Hatchback,326000,Maruti,Alto 800,Unknown
4633,2017.0,41866,2,Petrol,Up-43,Manual,Hatchback,384000,Hyundai,Grand I10,Unknown
4634,2022.0,25315,1,Petrol,Mh-12,Manual,Suv,741000,Nissan,Magnite,Unknown
4635,2017.0,62029,1,Petrol,Mh-47,Manual,Hatchback,302000,Renault,Kwid,Unknown
4636,2017.0,57272,1,Petrol,Tn-13,Manual,Hatchback,543000,Maruti,Baleno,Unknown
4637,2015.0,38429,1,Petrol,Mh-14,Manual,Hatchback,281000,Hyundai,Eon,Unknown
4638,2016.0,82935,1,Petrol,Rj-14,Manual,Hatchback,543000,Hyundai,Elite I20,Unknown
4639,2017.0,82196,1,Petrol,Tn-07,Manual,Sedan,717000,Hyundai,Verna,Unknown
4640,2020.0,18026,1,Petrol,Wb-26,Manual,Suv,647000,Maruti,Vitara Brezza,Unknown
4641,2020.0,29963,1,Petrol,Hr-26,Manual,Hatchback,410000,Maruti,S Presso,Unknown
4642,2015.0,36724,1,Petrol,Rj-14,Manual,Hatchback,491000,Hyundai,Grand I10,Unknown
4643,2022.0,27786,1,Petrol,Tn-77,Automatic,Suv,911000,Tata,Punch,Unknown
4644,2018.0,21903,2,Petrol,Dl-8C,Manual,Hatchback,498000,Hyundai,Grand I10,Unknown
4645,2020.0,30924,1,Petrol,Up-14,Manual,Hatchback,554000,Maruti,Baleno,Unknown
4646,2012.0,88416,2,Petrol,Ka-02,Manual,Hatchback,239000,Maruti,Alto 800,Unknown
4647,2018.0,97982,1,Petrol,Ts-08,Automatic,Hatchback,536000,Tata,Tiago,Unknown
4648,2018.0,29010,2,Petrol,Pb-11,Manual,Hatchback,368000,Maruti,Alto K10,Unknown
4649,2019.0,55494,1,Diesel,Mh-04,Manual,Sedan,467000,Honda,Civic,Unknown
4650,2020.0,24521,1,Petrol,Ka-08,Automatic,Hatchback,575000,Renault,Kwid,Unknown
4651,2020.0,95585,1,Petrol,Up-32,Manual,Hatchback,604000,Hyundai,New I20,Unknown
4652,2019.0,24043,1,Petrol,Hr-87,Manual,Hatchback,483000,Hyundai,New Santro,Unknown
4653,2016.0,42216,1,Diesel,Dl-10,Manual,Suv,577000,Maruti,Vitara Brezza,Unknown
4654,2010.0,102254,2,Petrol,Unknown,Manual,Hatchback,192000,Volkswagen,Polo,Unknown
4655,2020.0,18194,1,Petrol,Dl-5C,Automatic,Suv,1015000,Hyundai,Venue,Unknown
4656,2018.0,88417,1,Petrol,Tn-18,Manual,Hatchback,495000,Hyundai,Grand I10,Unknown
4657,2017.0,69739,1,Petrol,Dl-3C,Manual,Hatchback,436000,Maruti,Swift,Unknown
4658,2021.0,6835,1,Petrol,Up-14,Manual,Hatchback,858000,Renault,Kiger,Unknown
4659,2017.0,24418,1,Petrol,Dl-8C,Manual,Hatchback,553350,Hyundai,Elite I20,Unknown
4660,2013.0,74923,1,Petrol,Gj-06,Manual,Hatchback,391000,Maruti,Swift,Unknown
4661,2017.0,82722,2,Diesel,Pb-10,Manual,Suv,584000,Ford,Ecosport,Unknown
4662,2020.0,59999,1,Petrol,Ts-11,Manual,Hatchback,678000,Hyundai,Elite I20,Unknown
4663,2020.0,27750,1,Diesel,Ka-03,Manual,Suv,945000,Tata,Nexon,Unknown
4664,2016.0,52642,1,Petrol,Tn-14,Manual,Hatchback,343000,Datsun,Go Plus,Unknown
4665,2012.0,17962,1,Petrol,Dl-4C,Manual,Hatchback,252000,Hyundai,I10,Unknown
4666,2019.0,24086,2,Petrol,Mh-01,Automatic,Hatchback,452000,Maruti,S Presso,Unknown
4667,2019.0,99715,2,Petrol,Tn-23,Automatic,Sedan,704350,Maruti,Dzire,Unknown
4668,2021.0,77621,1,Petrol,Rj-45,Manual,Suv,776000,Mahindra,Xuv 3Oo,Unknown
4669,2018.0,48847,1,Petrol,Gj-06,Manual,Hatchback,457000,Honda,Brio,Unknown
4670,2011.0,22679,2,Petrol,Ka-01,Automatic,Hatchback,328000,Hyundai,I10,Unknown
4671,2019.0,77569,2,Petrol,Rj-02,Manual,Sedan,516000,Maruti,Dzire,Unknown
4672,2015.0,89200,1,Petrol,Ka-50,Manual,Hatchback,479000,Maruti,Swift,Unknown
4673,2014.0,16083,3,Petrol,Gj-03,Manual,Hatchback,227000,Hyundai,Eon,Unknown
4674,2016.0,123662,1,Petrol,Unknown,Manual,Sedan,725000,Skoda,Rapid,Unknown
4675,2017.0,14466,1,Petrol,Mh-48,Automatic,Sedan,1855000,Honda,City,Unknown
4676,2017.0,66493,1,Petrol,Up-14,Automatic,Hatchback,317000,Renault,Kwid,Unknown
4677,2013.0,107239,1,Petrol,Unknown,Manual,Hatchback,303000,Maruti,Ritz,Unknown
4678,2017.0,46383,2,Diesel,Ka-04,Automatic,Sedan,981000,Hyundai,Verna,Unknown
4679,2014.0,39858,1,Petrol,Ka-01,Automatic,Sedan,1325000,Honda,Amaze,Unknown
4680,2017.0,94015,1,Diesel,Tn-10,Manual,Suv,610000,Mahindra,Tuv300,Unknown
4681,2012.0,73424,2,Petrol,Ap-13,Manual,Hatchback,291650,Hyundai,I10,Unknown
4682,2017.0,54827,1,Petrol,Hr-51,Manual,Hatchback,286000,Renault,Kwid,Unknown
4683,2017.0,115484,2,Petrol,Unknown,Manual,Lux_Sedan,836000,Hyundai,New Elantra,Unknown
4684,2013.0,44323,2,Petrol,Ka-03,Manual,Hatchback,317000,Honda,Brio,Unknown
4685,2013.0,72233,1,Petrol,Mh-49,Manual,Sedan,429000,Honda,Amaze,Unknown
4686,2016.0,70411,1,Petrol,Tn-29,Manual,Hatchback,344000,Hyundai,Eon,Unknown
4687,2017.0,46987,1,Petrol,Dl-12,Manual,Hatchback,450000,Maruti,Swift,Unknown
4688,2020.0,52422,1,Petrol,Ka-41,Manual,Suv,1416000,Hyundai,Creta,Unknown
4689,2019.0,23380,1,Cng,Mh-02,Manual,Hatchback,529000,Maruti,New Wagon-R,Unknown
4690,2015.0,26655,2,Petrol,Wb-08,Manual,Hatchback,394000,Hyundai,Grand I10,Unknown
4691,2018.0,27782,3,Petrol,Dl-1C,Manual,Hatchback,462000,Hyundai,Grand I10,Unknown
4692,2018.0,21551,2,Petrol,Up-32,Automatic,Sedan,805000,Toyota,Yaris,Unknown
4693,2020.0,39729,1,Petrol,Dl-11,Manual,Hatchback,426000,Hyundai,New Santro,Unknown
4694,2014.0,13135,1,Petrol,Tn-10,Manual,Hatchback,298000,Maruti,Alto 800,Unknown
4695,2015.0,82962,1,Petrol,Tn-40,Manual,Hatchback,309000,Datsun,Go Plus,Unknown
4696,2014.0,96802,2,Petrol,Dl-8C,Manual,Sedan,553000,Honda,Amaze,Unknown
4697,2020.0,99072,1,Petrol,Ts-08,Automatic,Suv,1465000,Kia,Seltos,Unknown
4698,2014.0,72113,1,Petrol,Mh-49,Manual,Hatchback,330250,Maruti,Wagon R 1.0,Unknown
4699,2018.0,53631,1,Petrol,Tn-09,Automatic,Hatchback,687000,Maruti,Baleno,Unknown
4700,2013.0,74669,3,Petrol,Dl-3C,Manual,Hatchback,320000,Hyundai,I20,Unknown
4701,2017.0,35233,2,Petrol,Tn-14,Automatic,Hatchback,613000,Honda,Jazz,Unknown
4702,2022.0,7366,1,Diesel,Gj-01,Automatic,Suv,1439000,Kia,Sonet,Unknown
4703,2020.0,34139,1,Petrol,Up-62,Manual,Hatchback,706000,Hyundai,New I20,Unknown
4704,2020.0,68843,1,Petrol,Rj-45,Manual,Hatchback,498000,Tata,Tiago,Unknown
4705,2016.0,14112,1,Petrol,Gj-05,Manual,Hatchback,570000,Hyundai,Elite I20,Unknown
4706,2016.0,64481,1,Petrol,Mh-12,Automatic,Hatchback,476000,Maruti,Wagon R 1.0,Unknown
4707,2016.0,110497,1,Petrol,Unknown,Automatic,Hatchback,551000,Maruti,Baleno,Unknown
4708,2021.0,33104,1,Cng,Mh-12,Manual,Hatchback,588000,Hyundai,New Santro,Unknown
4709,2016.0,50090,1,Petrol,Dl-8C,Automatic,Hatchback,515000,Maruti,Baleno,Unknown
4710,2014.0,87656,2,Petrol,Mh-12,Manual,Hatchback,416000,Maruti,Swift,Unknown
4711,2016.0,38556,1,Petrol,Ts-09,Automatic,Sedan,844000,Maruti,Ciaz,Unknown
4712,2017.0,65558,2,Cng,Ka-20,Manual,Suv,742000,Honda,Wr-V,Unknown
4713,2015.0,71098,2,Petrol,Rj-29,Manual,Hatchback,436000,Maruti,Swift,Unknown
4714,2020.0,114004,1,Diesel,Gj-27,Manual,Hatchback,686000,Hyundai,Grand I10 Nios,Unknown
4715,2017.0,47967,2,Petrol,Hr-36,Manual,Hatchback,359000,Maruti,Alto K10,Unknown
4716,2019.0,25651,2,Petrol,Ka-50,Automatic,Hatchback,721000,Maruti,Baleno,Unknown
4717,2018.0,39093,2,Diesel,Ka-03,Automatic,Lux_Suv,1511000,Mahindra,Xuv500,Unknown
4718,2016.0,64279,2,Diesel,Tn-10,Manual,Hatchback,551000,Maruti,Swift,Unknown
4719,2016.0,19168,1,Petrol,Mh-02,Manual,Hatchback,492000,Hyundai,Grand I10,Unknown
4720,2013.0,69124,1,Petrol,Ka-25,Manual,Hatchback,488000,Maruti,Swift,Unknown
4721,2013.0,99624,1,Petrol,Wb-02,Manual,Hatchback,282000,Maruti,Swift,Unknown
4722,2012.0,57021,1,Petrol,Tn-66,Manual,Sedan,652000,Maruti,Swift Dzire,Unknown
4723,2017.0,78723,1,Cng,Hr-36,Manual,Hatchback,545000,Hyundai,Elite I20,Unknown
4724,2017.0,34266,1,Petrol,Ka-32,Manual,Suv,811000,Honda,Wr-V,Unknown
4725,2020.0,59014,2,Petrol,Mh-03,Manual,Sedan,314000,Volkswagen,Vento,Unknown
4726,2022.0,20846,1,Petrol,Ka-43,Manual,Hatchback,737000,Maruti,Swift,Unknown
4727,2015.0,14766,2,Petrol,Ch-01,Manual,Hatchback,302000,Maruti,Alto K10,Unknown
4728,2011.0,118252,2,Diesel,Pb-02,Manual,Hatchback,325000,Maruti,Swift,Unknown
4729,2021.0,21642,2,Petrol,Ka-51,Automatic,Hatchback,947000,Renault,Kiger,Unknown
4730,2016.0,70833,3,Petrol,Gj-01,Automatic,Sedan,629000,Hyundai,Verna,Unknown
4731,2018.0,26007,1,Petrol,Ka-68,Automatic,Hatchback,681000,Maruti,Swift,Unknown
4732,2021.0,26533,1,Petrol,Tn-14,Manual,Suv,948000,Tata,Nexon,Unknown
4733,2021.0,35724,1,Cng,Hr-26,Manual,Hatchback,611000,Maruti,New Wagon-R,Unknown
4734,2018.0,68107,2,Petrol,Gj-17,Automatic,Hatchback,533000,Maruti,Ignis,Unknown
4735,2019.0,39485,1,Petrol,Hr-26,Automatic,Sedan,733000,Honda,Amaze,Unknown
4736,2018.0,78698,2,Petrol,Dl-2C,Automatic,Sedan,960000,Hyundai,Verna,Unknown
4737,2021.0,26202,1,Petrol,Dl-12,Automatic,Sedan,815000,Toyota,Yaris,Unknown
4738,2016.0,60491,1,Petrol,Mh-04,Manual,Hatchback,556000,Volkswagen,Polo,Unknown
4739,2018.0,30402,2,Petrol,Up-14,Automatic,Hatchback,350000,Datsun,Redi Go,Unknown
4740,2016.0,61868,1,Cng,Mh-43,Manual,Hatchback,389000,Maruti,Wagon R 1.0,Unknown
4741,2021.0,20542,1,Petrol,Gj-12,Manual,Hatchback,483000,Renault,Kwid,Unknown
4742,2015.0,97025,2,Diesel,Gj-01,Manual,Sedan,657000,Honda,City,Unknown
4743,2018.0,9254,1,Petrol,Mh-04,Manual,Suv,517000,Mahindra,Kuv 100 Nxt,Unknown
4744,2015.0,37345,1,Petrol,Br-01,Manual,Hatchback,340000,Maruti,Wagon R 1.0,Unknown
4745,2018.0,27334,1,Petrol,Gj-06,Manual,Hatchback,519000,Hyundai,Grand I10,Unknown
4746,2018.0,63498,1,Petrol,Hr-26,Automatic,Sedan,933000,Hyundai,Xcent,Unknown
4747,2018.0,39259,1,Petrol,Mh-04,Automatic,Sedan,729000,Honda,Amaze,Unknown
4748,2019.0,77639,1,Petrol,Up-27,Manual,Hatchback,417000,Maruti,New Wagon-R,Unknown
4749,2016.0,98978,1,Diesel,Tn-09,Manual,Hatchback,630000,Maruti,Swift,Unknown
4750,2019.0,14191,1,Petrol,Tn-06,Manual,Hatchback,483000,Maruti,Celerio,Unknown
4751,2018.0,47956,1,Diesel,Up-32,Manual,Suv,634000,Ford,Ecosport,Unknown
4752,2022.0,13872,1,Petrol,Dl-12,Manual,Hatchback,539000,Renault,Kwid,Unknown
4753,2020.0,58815,1,Petrol,Hr-26,Manual,Hatchback,603000,Maruti,Swift,Unknown
4754,2017.0,31637,2,Petrol,Tn-10,Manual,Hatchback,464000,Maruti,Wagon R 1.0,Unknown
4755,2016.0,92564,1,Petrol,Ka-04,Manual,Hatchback,507000,Hyundai,Grand I10,Unknown
4756,2011.0,43603,1,Petrol,Ka-53,Manual,Sedan,343000,Honda,City,Unknown
4757,2019.0,35371,1,Petrol,Ka-04,Manual,Suv,1355000,Kia,Seltos,Unknown
4758,2018.0,52473,1,Petrol,Ka-06,Manual,Hatchback,751000,Hyundai,Elite I20,Unknown
4759,2018.0,106824,1,Petrol,Unknown,Manual,Hatchback,247000,Datsun,Redi Go,Unknown
4760,2015.0,54945,1,Petrol,Mh-01,Automatic,Sedan,997000,Hyundai,Verna,Unknown
4761,2010.0,116982,1,Petrol,Unknown,Manual,Hatchback,316000,Hyundai,I20,Unknown
4762,2017.0,114945,1,Cng,Gj-24,Manual,Hatchback,484000,Hyundai,Grand I10,Unknown
4763,2017.0,77120,1,Petrol,Dl-4C,Manual,Sedan,321000,Volkswagen,Vento,Unknown
4764,2016.0,42925,1,Petrol,Ka-50,Automatic,Sedan,705000,Maruti,Ciaz,Unknown
4765,2019.0,67329,1,Petrol,Ka-16,Manual,Hatchback,372000,Maruti,Alto,Unknown
4766,2022.0,9811,1,Petrol,Kl-29,Manual,Hatchback,774000,Hyundai,New I20,Unknown
4767,2017.0,61110,2,Cng,Mh-03,Manual,Hatchback,408000,Maruti,Wagon R 1.0,Unknown
4768,2017.0,97989,1,Petrol,Mh-48,Automatic,Lux_Sedan,985000,Hyundai,New Elantra,Unknown
4769,2017.0,24459,2,Petrol,Ka-51,Automatic,Suv,1061000,Hyundai,Creta,Unknown
4770,2020.0,57218,1,Diesel,Dl-8C,Manual,Suv,1150000,Kia,Seltos,Unknown
4771,2019.0,100579,2,Diesel,Dl-7C,Manual,Suv,755000,Renault,Duster,Unknown
4772,2017.0,40598,3,Cng,Gj-05,Manual,Hatchback,409000,Maruti,Wagon R 1.0,Unknown
4773,2011.0,101582,1,Petrol,Unknown,Manual,Hatchback,279000,Volkswagen,Polo,Unknown
4774,2017.0,97372,2,Petrol,Mh-46,Automatic,Hatchback,577000,Honda,Jazz,Unknown
4775,2018.0,28614,1,Petrol,Mh-02,Manual,Hatchback,461000,Maruti,Celerio X,Unknown
4776,2021.0,11713,1,Petrol,Pb-91,Manual,Hatchback,570000,Hyundai,Grand I10 Nios,Unknown
4777,2017.0,42006,2,Cng,Dl-11,Manual,Hatchback,482000,Hyundai,Grand I10,Unknown
4778,2017.0,83340,1,Diesel,Hr-03,Manual,Hatchback,457000,Maruti,Swift,Unknown
4779,2019.0,56980,2,Petrol,Mh-31,Manual,Hatchback,554000,Volkswagen,Polo,Unknown
4780,2016.0,26452,1,Petrol,Tn-22,Manual,Hatchback,659000,Hyundai,I20 Active,Unknown
4781,2014.0,78276,2,Petrol,Tn-07,Manual,Hatchback,229000,Maruti,Alto 800,Unknown
4782,2020.0,39570,1,Petrol,Tn-04,Automatic,Suv,947000,Maruti,Vitara Brezza,Unknown
4783,2016.0,78075,1,Petrol,Up-32,Manual,Hatchback,520000,Maruti,Baleno,Unknown
4784,2020.0,23160,1,Petrol,Hr-51,Automatic,Suv,1060000,Maruti,S Cross,Unknown
4785,2019.0,85088,1,Diesel,Ka-51,Manual,Suv,979000,Mahindra,Xuv 3Oo,Unknown
4786,2019.0,104243,1,Diesel,Rj-14,Manual,Sedan,397000,Volkswagen,Vento,Unknown
4787,2019.0,12413,1,Petrol,Mh-02,Automatic,Hatchback,577000,Maruti,New Wagon-R,Unknown
4788,2020.0,44498,1,Cng,Mh-14,Manual,Hatchback,746000,Hyundai,Grand I10 Nios,Unknown
4789,2011.0,68935,1,Petrol,Dl-10,Manual,Hatchback,248000,Volkswagen,Polo,Unknown
4790,2018.0,19877,1,Petrol,Ts-07,Automatic,Sedan,897000,Hyundai,Xcent,Unknown
4791,2017.0,21940,1,Petrol,Mh-01,Automatic,Hatchback,467000,Maruti,Wagon R 1.0,Unknown
4792,2012.0,79876,1,Petrol,Ka-04,Manual,Hatchback,432000,Maruti,Swift,Unknown
4793,2019.0,69587,1,Diesel,Ts-09,Automatic,Suv,1568300,Kia,Seltos,Unknown
4794,2017.0,69159,1,Petrol,Rj-02,Automatic,Hatchback,412000,Maruti,Wagon R 1.0,Unknown
4795,2019.0,38368,2,Petrol,Gj-01,Manual,Hatchback,645000,Maruti,Baleno,Unknown
4796,2019.0,42787,1,Petrol,Gj-27,Manual,Hatchback,613000,Hyundai,Elite I20,Unknown
4797,2016.0,66020,2,Petrol,Mh-48,Manual,Sedan,596000,Maruti,Swift Dzire,Unknown
4798,2020.0,66754,1,Petrol,Mh-01,Manual,Sedan,620000,Maruti,Ciaz,Unknown
4799,2019.0,17396,1,Petrol,Mh-02,Automatic,Hatchback,556000,Maruti,New Wagon-R,Unknown
4800,2016.0,52339,1,Petrol,Ts-13,Manual,Hatchback,506000,Hyundai,Grand I10,Unknown
4801,2016.0,88540,1,Cng,Dl-2C,Manual,Suv,829000,Hyundai,Creta,Unknown
4802,2019.0,31704,1,Petrol,Ts-09,Manual,Hatchback,338000,Maruti,Alto,Unknown
4803,2017.0,57438,2,Petrol,Dl-7C,Automatic,Hatchback,489000,Hyundai,Grand I10,Unknown
4804,2017.0,13833,1,Petrol,Tn-12,Manual,Hatchback,502000,Hyundai,Grand I10,Unknown
4805,2018.0,18545,1,Petrol,Mh-14,Automatic,Hatchback,644000,Hyundai,Grand I10,Unknown
4806,2017.0,35292,1,Petrol,Ka-03,Manual,Hatchback,685000,Maruti,Baleno,Unknown
4807,2010.0,82909,1,Petrol,Ch-01,Manual,Hatchback,232000,Maruti,Swift,Unknown
4808,2018.0,45826,1,Petrol,Mh-01,Manual,Hatchback,429000,Tata,Tiago,Unknown
4809,2018.0,84985,1,Petrol,Up-32,Automatic,Hatchback,554000,Maruti,Swift,Unknown
4810,2019.0,81950,1,Petrol,Gj-05,Manual,Hatchback,613000,Hyundai,Elite I20,Unknown
4811,2013.0,96895,1,Petrol,Dl-7C,Manual,Hatchback,303000,Hyundai,Grand I10,Unknown
4812,2018.0,6692,1,Petrol,Mh-01,Automatic,Hatchback,501000,Maruti,Wagon R 1.0,Unknown
4813,2014.0,70625,1,Petrol,Mp-04,Manual,Hatchback,348000,Maruti,Celerio,Unknown
4814,2018.0,24796,1,Petrol,Hr-29,Manual,Hatchback,307000,Maruti,Alto 800,Unknown
4815,2017.0,74155,2,Petrol,Pb-08,Manual,Hatchback,341000,Maruti,Alto K10,Unknown
4816,2012.0,95047,1,Petrol,Dl-10,Manual,Hatchback,270000,Hyundai,I20,Unknown
4817,2016.0,94136,1,Petrol,Dl-4C,Manual,Sedan,604000,Maruti,Ciaz,Unknown
4818,2018.0,53409,1,Petrol,Dl-1C,Automatic,Sedan,748000,Toyota,Yaris,Unknown
4819,2017.0,74397,1,Petrol,Gj-06,Manual,Hatchback,470000,Maruti,Swift,Unknown
4820,2013.0,77907,1,Petrol,Mh-46,Manual,Hatchback,308000,Maruti,Wagon R 1.0,Unknown
4821,2017.0,71230,1,Diesel,Ka-20,Manual,Suv,738000,Ford,Ecosport,Unknown
4822,2016.0,58040,1,Petrol,Mh-47,Manual,Hatchback,517000,Maruti,Baleno,Unknown
4823,2014.0,102126,1,Petrol,Unknown,Automatic,Hatchback,381000,Hyundai,Grand I10,Unknown
4824,2018.0,32016,2,Petrol,Ka-50,Automatic,Hatchback,483000,Renault,Kwid,Unknown
4825,2018.0,20827,2,Petrol,Tn-21,Manual,Hatchback,323000,Maruti,Alto 800,Unknown
4826,2021.0,91750,2,Petrol,Mh-43,Manual,Sedan,624000,Volkswagen,Vento,Unknown
4827,2021.0,11936,1,Petrol,Up-32,Manual,Suv,1017000,Hyundai,Venue,Unknown
4828,2016.0,83075,2,Petrol,Ka-06,Automatic,Hatchback,597000,Maruti,Baleno,Unknown
4829,2014.0,44060,1,Diesel,Hr-36,Manual,Hatchback,396000,Maruti,Swift,Unknown
4830,2019.0,53379,1,Petrol,Mh-02,Manual,Hatchback,694000,Maruti,Baleno,Unknown
4831,2014.0,47208,1,Petrol,Wb-08,Manual,Suv,403000,Ford,Ecosport,Unknown
4832,2019.0,93348,1,Cng,Mh-12,Manual,Hatchback,480000,Maruti,Celerio,Unknown
4833,2020.0,90951,1,Diesel,Ts-07,Automatic,Sedan,939000,Maruti,Ciaz,Unknown
4834,2013.0,66444,1,Petrol,Gj-27,Manual,Hatchback,291000,Hyundai,I10,Unknown
4835,2020.0,37570,1,Petrol,Gj-30,Manual,Hatchback,483000,Maruti,Celerio,Unknown
4836,2016.0,21674,2,Petrol,Tn-14,Manual,Hatchback,446000,Hyundai,Grand I10,Unknown
4837,2022.0,8837,1,Diesel,Tn-05,Manual,Hatchback,792000,Tata,Altroz,Unknown
4838,2021.0,18854,1,Petrol,Ka-55,Automatic,Sedan,1282000,Honda,Amaze,Unknown
4839,2019.0,44363,2,Petrol,Ts-11,Manual,Hatchback,411000,Renault,Kwid,Unknown
4840,2020.0,35980,1,Petrol,Mh-02,Automatic,Hatchback,679000,Maruti,Ignis,Unknown
4841,2014.0,94458,2,Petrol,Gj-01,Manual,Hatchback,314000,Maruti,Wagon R 1.0,Unknown
4842,2019.0,32098,1,Petrol,Ts-09,Automatic,Hatchback,790000,Maruti,Baleno,Unknown
4843,2021.0,4136,1,Petrol,Ka-01,Manual,Hatchback,726000,Tata,Tiago,Unknown
4844,2016.0,56915,3,Petrol,Wb-08,Manual,Hatchback,283000,Hyundai,I10,Unknown
4845,2016.0,117097,1,Diesel,Mh-12,Manual,Sedan,630000,Hyundai,Verna,Unknown
4846,2011.0,29712,1,Petrol,Dl-3C,Manual,Hatchback,263000,Hyundai,I20,Unknown
4847,2018.0,33436,2,Petrol,Tn-01,Manual,Hatchback,572000,Hyundai,Elite I20,Unknown
4848,2015.0,124731,1,Petrol,Unknown,Manual,Hatchback,309000,Tata,Bolt,Unknown
4849,2014.0,76329,1,Petrol,Ka-03,Automatic,Hatchback,387000,Maruti,Celerio,Unknown
4850,2016.0,75694,2,Petrol,Ts-09,Manual,Sedan,567000,Maruti,Ciaz,Unknown
4851,2021.0,19164,1,Petrol,Gj-16,Manual,Suv,1115000,Maruti,Ertiga,Unknown
4852,2019.0,54264,1,Petrol,Dl-3C,Manual,Suv,716000,Tata,Nexon,Unknown
4853,2019.0,38035,1,Diesel,Rj-45,Manual,Suv,816000,Mahindra,Xuv 3Oo,Unknown
4854,2015.0,49692,2,Petrol,Ts-05,Manual,Hatchback,273000,Maruti,Alto 800,Unknown
4855,2013.0,81712,1,Petrol,Ka-04,Manual,Hatchback,491000,Maruti,Swift,Unknown
4856,2016.0,79267,1,Petrol,Dl-4C,Manual,Hatchback,359000,Maruti,Swift,Unknown
4857,2017.0,21999,1,Petrol,Tn-04,Automatic,Sedan,586000,Maruti,Dzire,Unknown
4858,2017.0,100635,2,Diesel,Mh-02,Manual,Sedan,309000,Hyundai,Verna,Unknown
4859,2019.0,25894,1,Petrol,Gj-26,Manual,Hatchback,608000,Maruti,Baleno,Unknown
4860,2018.0,21097,2,Petrol,Gj-23,Manual,Hatchback,638000,Maruti,Baleno,Unknown
4861,2021.0,22620,1,Cng,Dl-9C,Manual,Hatchback,470000,Maruti,S Presso,Unknown
4862,2020.0,9085,1,Petrol,Ka-05,Manual,Hatchback,695000,Maruti,Swift,Unknown
4863,2018.0,57593,2,Diesel,Gj-38,Manual,Suv,812000,Maruti,Vitara Brezza,Unknown
4864,2012.0,60606,2,Petrol,Ka-41,Manual,Hatchback,482000,Maruti,Swift,Unknown
4865,2011.0,61896,1,Petrol,Dl-12,Manual,Hatchback,312000,Maruti,Swift,Unknown
4866,2018.0,26570,1,Diesel,Up-16,Manual,Hatchback,592000,Toyota,Etios Liva,Unknown
4867,2018.0,43857,1,Diesel,Up-16,Manual,Hatchback,604000,Hyundai,Elite I20,Unknown
4868,2020.0,11131,1,Petrol,Kl-33,Automatic,Hatchback,436000,Datsun,Redi Go,Unknown
4869,2021.0,11559,1,Petrol,Mh-05,Manual,Hatchback,725000,Tata,Altroz,Unknown
4870,2014.0,60574,1,Petrol,Up-43,Manual,Hatchback,394000,Maruti,Swift,Unknown
4871,2020.0,22984,2,Petrol,Dl-5C,Manual,Hatchback,607000,Maruti,Baleno,Unknown
4872,2017.0,28809,1,Petrol,Ka-41,Manual,Hatchback,507000,Tata,Tiago,Unknown
4873,2010.0,81744,1,Petrol,Dl-9C,Manual,Hatchback,178000,Maruti,Ritz,Unknown
4874,2017.0,24920,1,Petrol,Mh-49,Manual,Sedan,609000,Maruti,Dzire,Unknown
4875,2010.0,79792,1,Petrol,Hr-26,Manual,Sedan,254000,Honda,City,Unknown
4876,2019.0,31700,2,Petrol,Tn-10,Automatic,Hatchback,602000,Maruti,Ignis,Unknown
4877,2015.0,78775,3,Diesel,Gj-05,Manual,Sedan,368000,Honda,Amaze,Unknown
4878,2019.0,32175,1,Petrol,Up-32,Manual,Hatchback,646000,Hyundai,Elite I20,Unknown
4879,2018.0,32278,1,Petrol,Ka-51,Manual,Hatchback,390000,Maruti,Alto K10,Unknown
4880,2013.0,56927,1,Petrol,Ka-19,Manual,Sedan,464000,Maruti,Swift Dzire,Unknown
4881,2022.0,653,1,Petrol,Ka-04,Manual,Hatchback,474000,Maruti,Alto,Unknown
4882,2016.0,40914,1,Petrol,Wb-24,Manual,Hatchback,266000,Hyundai,Eon,Unknown
4883,2018.0,44225,1,Cng,Dl-14,Manual,Hatchback,362000,Datsun,Go Plus,Unknown
4884,2018.0,87772,1,Cng,Gj-03,Manual,Sedan,646000,Honda,Amaze,Unknown
4885,2013.0,55225,1,Petrol,Mh-05,Manual,Sedan,419000,Maruti,Swift Dzire,Unknown
4886,2019.0,59985,1,Petrol,Tn-19,Manual,Hatchback,521000,Hyundai,New Santro,Unknown
4887,2016.0,77501,3,Petrol,Ka-02,Manual,Hatchback,572000,Honda,Jazz,Unknown
4888,2015.0,37747,1,Petrol,Gj-06,Manual,Sedan,1218000,Maruti,Swift Dzire,Unknown
4889,2018.0,36546,2,Petrol,Ch-01,Manual,Sedan,931000,Tata,Tigor,Unknown
4890,2022.0,7010,1,Petrol,Wb-24,Automatic,Sedan,733000,Tata,Tigor,Unknown
4891,2019.0,59382,1,Petrol,Br-31,Manual,Hatchback,547000,Maruti,Swift,Unknown
4892,2016.0,60570,1,Petrol,Tn-09,Manual,Hatchback,471000,Hyundai,Grand I10,Unknown
4893,2011.0,69941,1,Petrol,Hr-26,Manual,Hatchback,180000,Hyundai,Santro Xing,Unknown
4894,2011.0,44516,2,Petrol,Mh-02,Manual,Hatchback,247000,Toyota,Etios Liva,Unknown
4895,2012.0,86850,2,Petrol,Mp-04,Manual,Hatchback,260000,Toyota,Etios Liva,Unknown
4896,2015.0,28306,1,Petrol,Ts-08,Automatic,Sedan,1148000,Honda,Amaze,Unknown
4897,2017.0,28383,2,Petrol,Tn-12,Manual,Hatchback,362000,Maruti,Alto K10,Unknown
4898,2016.0,39530,1,Petrol,Dl-8C,Manual,Sedan,387000,Maruti,Swift Dzire,Unknown
4899,2018.0,72131,1,Diesel,Ka-04,Manual,Hatchback,734000,Hyundai,Elite I20,Unknown
4900,2012.0,57188,2,Petrol,Dl-3C,Manual,Hatchback,298000,Maruti,Swift,Unknown
4902,2018.0,9205,2,Petrol,Ka-51,Automatic,Hatchback,554000,Hyundai,New Santro,Unknown
4903,2013.0,74039,2,Petrol,Mh-05,Automatic,Lux_Suv,731000,Honda,Crv,Unknown
4904,2020.0,8733,1,Petrol,Ka-01,Automatic,Hatchback,582000,Renault,Kwid,Unknown
4905,2014.0,81210,1,Petrol,Ka-03,Manual,Hatchback,268000,Hyundai,Eon,Unknown
4906,2015.0,96198,1,Petrol,Ka-04,Manual,Hatchback,437000,Honda,Brio,Unknown
4907,2016.0,26851,2,Petrol,Ka-21,Manual,Hatchback,289000,Maruti,Alto 800,Unknown
4908,2018.0,44625,1,Petrol,Rj-45,Manual,Hatchback,536000,Maruti,Swift,Unknown
4909,2019.0,94931,1,Petrol,Tn-81,Manual,Hatchback,721000,Volkswagen,Polo,Unknown
4910,2014.0,94539,1,Petrol,Gj-27,Manual,Sedan,384000,Honda,Amaze,Unknown
4911,2016.0,46019,2,Petrol,Tn-01,Manual,Hatchback,430000,Hyundai,Grand I10,Unknown
4912,2017.0,13484,1,Petrol,Ts-08,Automatic,Hatchback,634000,Hyundai,Grand I10,Unknown
4913,2021.0,27815,2,Petrol,Gj-01,Manual,Suv,847000,Maruti,Vitara Brezza,Unknown
4914,2019.0,47033,2,Petrol,Ka-50,Automatic,Hatchback,731000,Honda,Jazz,Unknown
4915,2016.0,47465,1,Petrol,Dl-6C,Automatic,Hatchback,407000,Maruti,Celerio,Unknown
4916,2020.0,39300,1,Petrol,Up-32,Manual,Suv,983000,Maruti,S Cross,Unknown
4917,2021.0,15915,1,Petrol,Hr-36,Manual,Hatchback,557000,Tata,Tiago,Unknown
4918,2018.0,46124,2,Petrol,Mh-14,Automatic,Suv,768000,Ford,Ecosport,Unknown
4919,2011.0,53059,2,Cng,Dl-3C,Manual,Lux_Sedan,338000,Toyota,Corolla Altis,Unknown
4920,2015.0,40714,1,Cng,Hr-51,Manual,Sedan,727000,Hyundai,Verna,Unknown
4921,2021.0,14426,1,Petrol,Ka-03,Automatic,Hatchback,998000,Renault,Kiger,Unknown
4922,2017.0,22541,2,Petrol,Ka-42,Automatic,Sedan,1042000,Maruti,Ciaz,Unknown
4923,2018.0,66619,1,Cng,Up-14,Manual,Hatchback,391000,Maruti,Wagon R 1.0,Unknown
4924,2021.0,17657,1,Petrol,Mh-31,Manual,Suv,956000,Tata,Nexon,Unknown
4925,2011.0,75979,2,Petrol,Ap-07,Manual,Hatchback,267000,Hyundai,I10,Unknown
4926,2015.0,57604,1,Petrol,Ka-51,Manual,Hatchback,563000,Maruti,Swift,Unknown
4927,2014.0,84953,2,Petrol,Ka-53,Manual,Hatchback,388000,Hyundai,I20,Unknown
4928,2015.0,87902,3,Diesel,Mh-04,Manual,Lux_Suv,756000,Mahindra,Xuv500,Unknown
4929,2012.0,114012,3,Diesel,Mh-03,Manual,Hatchback,348000,Maruti,Swift,Unknown
4930,2018.0,67370,2,Diesel,Ts-13,Automatic,Sedan,1098000,Hyundai,Verna,Unknown
4931,2021.0,17744,1,Petrol,Ka-01,Automatic,Hatchback,879000,Maruti,Baleno,Unknown
4932,2021.0,15343,1,Petrol,Ka-01,Automatic,Sedan,941000,Maruti,Ciaz,Unknown
4933,2019.0,27301,1,Petrol,Mh-49,Automatic,Hatchback,591000,Maruti,Celerio X,Unknown
4934,2016.0,101652,1,Petrol,Unknown,Manual,Hatchback,414000,Honda,Jazz,Unknown
4935,2017.0,42632,2,Petrol,Kl-07,Manual,Hatchback,546000,Maruti,Swift,Unknown
4936,2016.0,90249,1,Petrol,Tn-12,Automatic,Hatchback,396000,Maruti,Celerio,Unknown
4937,2018.0,59005,1,Diesel,Ka-03,Manual,Suv,613000,Ford,Freestyle,Unknown
4938,2017.0,27985,1,Petrol,Dl-8C,Manual,Hatchback,548000,Maruti,Baleno,Unknown
4939,2019.0,24618,1,Diesel,Gj-05,Manual,Suv,1308000,Mg,Hector,Unknown
4940,2017.0,44338,2,Petrol,Up-32,Manual,Hatchback,280000,Maruti,Alto K10,Unknown
4941,2016.0,57871,2,Petrol,Tn-11,Manual,Hatchback,605000,Hyundai,I20 Active,Unknown
4942,2014.0,53875,1,Petrol,Gj-05,Manual,Sedan,481000,Hyundai,Verna,Unknown
4943,2014.0,72955,2,Petrol,Mh-02,Manual,Hatchback,190000,Maruti,Alto 800,Unknown
4944,2015.0,41152,2,Petrol,Mh-43,Manual,Hatchback,418000,Hyundai,Grand I10,Unknown
4945,2021.0,16611,1,Petrol,Mh-04,Manual,Suv,1212000,Skoda,Kushaq,Unknown
4946,2019.0,68678,1,Cng,Hr-29,Manual,Hatchback,567000,Maruti,New Wagon-R,Unknown
4947,2016.0,49687,2,Petrol,Dl-2C,Manual,Hatchback,584000,Hyundai,Elite I20,Unknown
4948,2017.0,121933,1,Petrol,Unknown,Manual,Hatchback,587000,Maruti,Baleno,Unknown
4949,2020.0,15049,1,Petrol,Mh-05,Manual,Suv,667000,Mahindra,Kuv 100 Nxt,Unknown
4950,2014.0,44008,1,Petrol,Ka-51,Manual,Hatchback,578000,Hyundai,Elite I20,Unknown
4951,2012.0,79865,2,Petrol,Dl-12,Manual,Hatchback,239000,Hyundai,I10,Unknown
4952,2021.0,13450,1,Petrol,Ch-01,Manual,Hatchback,590000,Hyundai,Grand I10 Nios,Unknown
4953,2020.0,33659,1,Petrol,Pb-65,Manual,Hatchback,573000,Hyundai,Grand I10 Nios,Unknown
4954,2018.0,37625,1,Diesel,Hr-30,Manual,Suv,500000,Ford,Freestyle,Unknown
4955,2019.0,108772,1,Diesel,Tn-72,Manual,Suv,771000,Ford,Ecosport,Unknown
4956,2015.0,121056,2,Diesel,Gj-01,Manual,Suv,699000,Hyundai,Creta,Unknown
4957,2019.0,37478,1,Petrol,Rj-45,Manual,Hatchback,343000,Renault,Kwid,Unknown
4958,2015.0,50489,1,Petrol,Hr-51,Manual,Hatchback,354000,Honda,Brio,Unknown
4959,2018.0,26137,2,Petrol,Tn-19,Manual,Hatchback,537000,Maruti,Ignis,Unknown
4960,2018.0,77281,1,Petrol,Kl-39,Manual,Suv,478000,Ford,Freestyle,Unknown
4961,2018.0,4909,2,Petrol,Hr-51,Automatic,Hatchback,412000,Datsun,Redi Go,Unknown
4962,2017.0,121129,2,Diesel,Ts-07,Manual,Suv,833000,Maruti,Vitara Brezza,Unknown
4963,2021.0,34348,1,Petrol,Up-32,Manual,Hatchback,565000,Maruti,Baleno,Unknown
4964,2018.0,27611,1,Petrol,Dl-1C,Automatic,Sedan,768000,Maruti,Dzire,Unknown
4965,2010.0,79541,1,Petrol,Tn-07,Manual,Sedan,418000,Maruti,Swift Dzire,Unknown
4966,2021.0,40429,2,Petrol,Ka-16,Automatic,Hatchback,1011000,Hyundai,New I20,Unknown
4967,2012.0,123598,2,Petrol,Unknown,Manual,Hatchback,221000,Hyundai,Eon,Unknown
4968,2021.0,11389,1,Petrol,Ka-04,Manual,Hatchback,523000,Renault,Kwid,Unknown
4969,2017.0,29942,2,Petrol,Ka-51,Manual,Sedan,770000,Skoda,Rapid,Unknown
4970,2010.0,24442,1,Petrol,Br-01,Manual,Hatchback,171000,Hyundai,I10,Unknown
4971,2018.0,71848,2,Diesel,Mp-09,Manual,Suv,692000,Tata,Nexon,Unknown
4972,2016.0,66754,1,Petrol,Ts-08,Manual,Hatchback,454000,Maruti,Wagon R 1.0,Unknown
4973,2019.0,24337,2,Petrol,Ts-08,Manual,Hatchback,542000,Hyundai,Grand I10,Unknown
4974,2012.0,68582,1,Petrol,Ka-51,Manual,Hatchback,270000,Maruti,Alto 800,Unknown
4975,2018.0,45165,2,Petrol,Gj-01,Manual,Sedan,781000,Toyota,Yaris,Unknown
4976,2018.0,23501,1,Petrol,Dl-9C,Automatic,Sedan,755000,Maruti,Dzire,Unknown
4977,2020.0,23325,1,Petrol,Ts-08,Automatic,Hatchback,723000,Maruti,Ignis,Unknown
4978,2017.0,42900,1,Petrol,Mh-04,Automatic,Sedan,889000,Hyundai,Xcent,Unknown
4979,2016.0,48247,1,Petrol,Ts-09,Automatic,Sedan,744000,Maruti,Ciaz,Unknown
4980,2019.0,81362,2,Diesel,Ts-09,Manual,Sedan,852000,Volkswagen,Ameo,Unknown
4981,2018.0,26772,2,Petrol,Mh-12,Manual,Hatchback,621000,Hyundai,Elite I20,Unknown
4982,2013.0,47038,1,Petrol,Dl-9C,Manual,Hatchback,283000,Maruti,Wagon R 1.0,Unknown
4983,2020.0,28971,2,Petrol,Tn-22,Automatic,Hatchback,640000,Tata,Tiago,Unknown
4984,2013.0,64268,2,Petrol,Ap-01,Manual,Hatchback,216000,Maruti,Alto 800,Unknown
4985,2020.0,68413,1,Petrol,Ka-29,Automatic,Suv,1050000,Hyundai,Venue,Unknown
4986,2019.0,68714,1,Petrol,Up-14,Manual,Suv,711000,Honda,Wr-V,Unknown
4987,2013.0,57786,3,Diesel,Gj-01,Manual,Sedan,336000,Honda,City,Unknown
4988,2010.0,86642,1,Petrol,Ka-50,Manual,Hatchback,200000,Maruti,Alto,Unknown
4989,2019.0,31184,1,Diesel,Dl-3C,Manual,Sedan,879000,Hyundai,Verna,Unknown
4990,2018.0,46291,1,Petrol,Mh-14,Manual,Hatchback,289000,Datsun,Redi Go,Unknown
4991,2011.0,48422,1,Petrol,Dl-4C,Manual,Hatchback,227000,Maruti,Swift,Unknown
4992,2017.0,52527,1,Diesel,Tn-07,Manual,Hatchback,656000,Maruti,Baleno,Unknown
4993,2020.0,28989,1,Petrol,Mh-40,Automatic,Suv,1183000,Maruti,S Cross,Unknown
4994,2018.0,92569,1,Diesel,Ts-07,Automatic,Lux_Suv,1975000,Volkswagen,Tiguan,Unknown
4995,2021.0,2634,1,Petrol,Up-16,Automatic,Hatchback,920000,Renault,Kiger,Unknown
4996,2017.0,45933,2,Petrol,Gj-05,Automatic,Hatchback,340000,Renault,Kwid,Unknown
4997,2010.0,47865,2,Petrol,Mh-02,Manual,Hatchback,216000,Hyundai,I20,Unknown
4998,2016.0,54592,2,Petrol,Mh-12,Manual,Hatchback,375000,Tata,Bolt,Unknown
4999,2010.0,70947,3,Diesel,Wb-06,Manual,Lux_Sedan,272000,Toyota,Corolla Altis,Unknown
5000,2022.0,25981,1,Cng,Gj-03,Manual,Sedan,759000,Tata,Tigor,Unknown
5001,2021.0,24378,1,Petrol,Hr-82,Manual,Hatchback,759000,Toyota,Glanza,Unknown
5002,2020.0,25413,1,Petrol,Mh-12,Automatic,Sedan,734000,Honda,Amaze,Unknown
5003,2018.0,38226,1,Diesel,Up-14,Manual,Suv,729000,Maruti,Vitara Brezza,Unknown
5004,2017.0,76028,1,Petrol,Mh-05,Manual,Hatchback,542000,Maruti,Baleno,Unknown
5005,2014.0,71275,1,Diesel,Mh-02,Manual,Sedan,774000,Toyota,Etios,Unknown
5006,2021.0,36371,1,Petrol,Kl-64,Manual,Suv,1035000,Renault,Duster,Unknown
5007,2019.0,26147,1,Petrol,Tn-02,Manual,Sedan,846000,Maruti,Ciaz,Unknown
5008,2014.0,59786,1,Petrol,Wb-12,Manual,Hatchback,335000,Maruti,Swift,Unknown
5009,2017.0,100453,1,Diesel,Tn-12,Manual,Suv,867000,Hyundai,Creta,Unknown
5010,2017.0,32463,2,Petrol,Dl-10,Manual,Sedan,513000,Maruti,Dzire,Unknown
5011,2014.0,18501,1,Petrol,Mh-03,Manual,Hatchback,343000,Maruti,Wagon R 1.0,Unknown
5012,2018.0,87542,1,Diesel,Up-14,Manual,Suv,792000,Hyundai,Creta,Unknown
5013,2017.0,31487,1,Petrol,Wb-12,Manual,Sedan,341000,Volkswagen,Ameo,Unknown
5014,2022.0,8467,1,Petrol,Ts-15,Manual,Hatchback,578000,Maruti,S Presso,Unknown
5015,2017.0,79464,1,Diesel,Mh-12,Manual,Hatchback,640000,Maruti,Swift,Unknown
5016,2016.0,54340,2,Diesel,Mh-01,Manual,Sedan,736000,Hyundai,Verna,Unknown
5017,2014.0,34836,2,Petrol,Ka-01,Manual,Hatchback,552800,Hyundai,I20,Unknown
5018,2016.0,100263,1,Diesel,Up-16,Manual,Sedan,422000,Skoda,Rapid,Unknown
5019,2017.0,33065,1,Petrol,Kl-39,Automatic,Sedan,504000,Maruti,Swift Dzire,Unknown
5020,2018.0,65959,1,Petrol,Ch-01,Manual,Hatchback,396000,Maruti,Celerio,Unknown
5021,2013.0,88521,2,Petrol,Gj-01,Manual,Hatchback,377000,Hyundai,Grand I10,Unknown
5022,2017.0,51075,2,Cng,Gj-10,Manual,Hatchback,545000,Hyundai,Grand I10,Unknown
5023,2016.0,58808,2,Petrol,Ka-04,Manual,Sedan,709000,Honda,City,Unknown
5024,2018.0,31330,2,Petrol,Dl-9C,Automatic,Sedan,718000,Honda,Amaze,Unknown
5025,2018.0,48679,1,Petrol,Gj-05,Manual,Hatchback,275000,Datsun,Redi Go,Unknown
5026,2019.0,31953,1,Petrol,Gj-01,Manual,Hatchback,559000,Hyundai,Grand I10,Unknown
5027,2021.0,12944,1,Petrol,Dl-3C,Automatic,Hatchback,957000,Renault,Kiger,Unknown
5028,2016.0,63284,1,Petrol,Ka-01,Manual,Hatchback,496000,Hyundai,Grand I10,Unknown
5029,2015.0,93076,1,Cng,Mh-14,Manual,Sedan,563000,Honda,City,Unknown
5030,2017.0,31244,1,Cng,Mh-05,Manual,Hatchback,411000,Maruti,Wagon R 1.0,Unknown
5031,2021.0,18543,1,Petrol,Hr-20,Manual,Hatchback,547000,Maruti,New Wagon-R,Unknown
5032,2019.0,43271,1,Petrol,Ka-03,Manual,Hatchback,607000,Maruti,Swift,Unknown
5033,2015.0,69946,2,Petrol,Dl-12,Manual,Hatchback,396000,Maruti,Swift,Unknown
5034,2018.0,29246,1,Petrol,Ka-53,Automatic,Hatchback,749000,Hyundai,Elite I20,Unknown
5035,2020.0,16411,1,Petrol,Hr-20,Manual,Hatchback,391000,Maruti,Alto,Unknown
5036,2021.0,14998,1,Petrol,Dl-9C,Manual,Hatchback,566000,Maruti,Ignis,Unknown
5037,2015.0,81442,1,Petrol,Mh-01,Manual,Hatchback,382000,Maruti,Swift,Unknown
5038,2021.0,37099,1,Petrol,Up-32,Manual,Hatchback,683800,Hyundai,New I20,Unknown
5039,2019.0,70182,1,Petrol,Dl-12,Manual,Hatchback,498000,Maruti,Swift,Unknown
5040,2012.0,51409,1,Petrol,Mh-05,Automatic,Sedan,1271000,Maruti,Swift Dzire,Unknown
5041,2014.0,18499,1,Petrol,Mh-01,Manual,Hatchback,250000,Datsun,Go,Unknown
5042,2010.0,57406,2,Diesel,Mh-01,Manual,Sedan,740000,Maruti,Swift Dzire,Unknown
5043,2020.0,74089,1,Petrol,Ka-04,Manual,Hatchback,418000,Maruti,S Presso,Unknown
5044,2018.0,53736,1,Petrol,Ka-01,Manual,Hatchback,683000,Volkswagen,Polo,Unknown
5045,2019.0,56375,1,Petrol,Hr-36,Manual,Sedan,596000,Honda,Amaze,Unknown
5046,2021.0,9698,1,Petrol,Dl-3C,Automatic,Hatchback,968000,Renault,Kiger,Unknown
5047,2015.0,76911,2,Petrol,Ka-02,Manual,Hatchback,395000,Honda,Brio,Unknown
5048,2018.0,15925,1,Petrol,Dl-14,Manual,Hatchback,297000,Datsun,Redi Go,Unknown
5049,2017.0,55456,1,Diesel,Mh-47,Automatic,Lux_Suv,1119000,Mahindra,Xuv500,Unknown
5050,2019.0,7492,1,Petrol,Hr-26,Manual,Suv,1057000,Kia,Seltos,Unknown
5051,2017.0,64350,2,Petrol,Mh-02,Automatic,Lux_Sedan,968000,Hyundai,New Elantra,Unknown
5052,2016.0,71788,1,Diesel,Dl-8C,Manual,Suv,522000,Renault,Duster,Unknown
5053,2013.0,71493,2,Diesel,Ts-08,Automatic,Sedan,967000,Maruti,Swift Dzire,Unknown
5054,2020.0,24339,2,Petrol,Ch-01,Manual,Suv,1139000,Kia,Seltos,Unknown
5055,2015.0,47035,1,Diesel,Tn-06,Manual,Hatchback,606000,Maruti,Baleno,Unknown
5056,2011.0,85957,2,Diesel,Tn-13,Manual,Sedan,692000,Toyota,Etios,Unknown
5057,2011.0,63980,2,Petrol,Mh-12,Manual,Lux_Sedan,325000,Toyota,Corolla Altis,Unknown
5058,2016.0,44463,3,Petrol,Gj-05,Manual,Suv,281000,Mahindra,Kuv100,Unknown
5059,2019.0,31283,1,Petrol,Ts-10,Automatic,Hatchback,815000,Maruti,Baleno,Unknown
5060,2015.0,87392,1,Cng,Dl-9C,Manual,Sedan,673000,Honda,City,Unknown
5061,2018.0,23568,2,Petrol,Ts-08,Manual,Hatchback,762000,Hyundai,Elite I20,Unknown
5062,2015.0,101760,1,Diesel,Mh-14,Manual,Sedan,578000,Hyundai,Verna,Unknown
5063,2016.0,56070,2,Diesel,Tn-14,Manual,Sedan,703000,Honda,Amaze,Unknown
5064,2014.0,91398,3,Petrol,Ka-05,Manual,Hatchback,450000,Maruti,Swift,Unknown
5065,2017.0,63684,1,Petrol,Tn-12,Manual,Hatchback,300000,Maruti,Alto 800,Unknown
5066,2018.0,12169,1,Petrol,Tn-05,Manual,Hatchback,453000,Datsun,Go Plus,Unknown
5067,2017.0,38835,1,Petrol,Dl-12,Manual,Lux_Suv,1155000,Hyundai,Tucson New,Unknown
5068,2016.0,80837,2,Petrol,Mh-43,Automatic,Suv,835000,Hyundai,Creta,Unknown
5069,2015.0,91435,2,Petrol,Dl-1C,Manual,Sedan,517000,Maruti,Ciaz,Unknown
5070,2015.0,30927,2,Petrol,Dl-6C,Manual,Sedan,582000,Skoda,Rapid,Unknown
5071,2019.0,42423,1,Petrol,Pb-02,Manual,Sedan,566000,Maruti,Ciaz,Unknown
5072,2015.0,82778,1,Petrol,Wb-26,Manual,Hatchback,288000,Maruti,Celerio,Unknown
5073,2018.0,47726,1,Petrol,Mh-14,Automatic,Sedan,678350,Maruti,Dzire,Unknown
5074,2022.0,35752,2,Petrol,Mh-02,Automatic,Sedan,736000,Hyundai,Aura,Unknown
5075,2012.0,102912,1,Petrol,Unknown,Manual,Hatchback,374400,Maruti,Swift,Unknown
5076,2016.0,64393,1,Petrol,Mh-14,Manual,Suv,544000,Ford,Ecosport,Unknown
5077,2017.0,42730,1,Petrol,Gj-03,Manual,Hatchback,400000,Honda,Brio,Unknown
5078,2017.0,97445,2,Petrol,Tn-02,Automatic,Hatchback,443000,Maruti,Celerio,Unknown
5079,2014.0,116132,2,Petrol,Unknown,Manual,Sedan,344000,Maruti,Swift Dzire,Unknown
5080,2019.0,82869,1,Cng,Dl-5C,Manual,Hatchback,521000,Hyundai,New Santro,Unknown
5081,2017.0,90013,2,Petrol,Ts-07,Manual,Sedan,602000,Maruti,Dzire,Unknown
5082,2015.0,70556,1,Cng,Mh-47,Manual,Hatchback,276000,Maruti,Alto 800,Unknown
5083,2013.0,82985,2,Cng,Gj-05,Manual,Hatchback,214000,Maruti,Alto 800,Unknown
5084,2018.0,45394,1,Diesel,Mh-14,Manual,Suv,836000,Maruti,Vitara Brezza,Unknown
5085,2010.0,61690,1,Petrol,Ka-02,Manual,Hatchback,303000,Hyundai,I20,Unknown
5086,2019.0,91391,1,Petrol,Up-32,Manual,Sedan,668000,Maruti,Ciaz,Unknown
5087,2013.0,67389,1,Petrol,Mh-02,Manual,Hatchback,347000,Hyundai,Grand I10,Unknown
5088,2017.0,57632,1,Petrol,Ka-50,Manual,Hatchback,362000,Maruti,Alto K10,Unknown
5089,2018.0,57744,1,Petrol,Ka-01,Manual,Hatchback,492000,Maruti,Celerio X,Unknown
5090,2018.0,62125,1,Diesel,Mh-05,Automatic,Suv,851000,Maruti,Vitara Brezza,Unknown
5091,2019.0,37432,1,Petrol,Gj-16,Manual,Sedan,537000,Hyundai,Xcent,Unknown
5092,2017.0,86230,1,Cng,Dl-3C,Manual,Hatchback,521000,Maruti,Swift,Unknown
5093,2011.0,113536,3,Diesel,Ka-01,Manual,Sedan,327000,Hyundai,Verna,Unknown
5094,2019.0,31773,1,Petrol,Tn-12,Automatic,Suv,908000,Hyundai,Venue,Unknown
5095,2013.0,54147,2,Petrol,Mh-02,Automatic,Hatchback,383000,Honda,Brio,Unknown
5096,2017.0,54760,1,Petrol,Dl-12,Manual,Hatchback,540000,Hyundai,Elite I20,Unknown
5097,2013.0,92905,2,Petrol,Ap-09,Manual,Hatchback,348000,Hyundai,I20,Unknown
5098,2019.0,20657,2,Petrol,Mh-40,Manual,Hatchback,297000,Maruti,Alto,Unknown
5099,2017.0,52407,1,Cng,Mh-01,Manual,Hatchback,451000,Maruti,Celerio,Unknown
5100,2015.0,72796,1,Petrol,Up-80,Manual,Hatchback,213000,Maruti,Alto 800,Unknown
5101,2012.0,91392,1,Petrol,Mp-04,Automatic,Sedan,618000,Maruti,Swift Dzire,Unknown
5102,2019.0,50252,1,Petrol,Dl-10,Manual,Hatchback,613000,Maruti,Baleno,Unknown
5103,2021.0,25894,1,Petrol,Kl-04,Automatic,Suv,1131000,Tata,Nexon,Unknown
5104,2017.0,62810,3,Petrol,Mh-17,Manual,Hatchback,334000,Renault,Kwid,Unknown
5105,2017.0,42133,1,Petrol,Dl-4C,Automatic,Hatchback,496200,Hyundai,Grand I10,Unknown
5106,2022.0,11261,2,Petrol,Gj-03,Manual,Hatchback,419000,Maruti,Alto,Unknown
5107,2018.0,26566,1,Petrol,Ka-01,Manual,Suv,641000,Ford,Freestyle,Unknown
5108,2018.0,21563,2,Petrol,Hr-26,Manual,Hatchback,405000,Maruti,Wagon R 1.0,Unknown
5109,2018.0,28548,1,Petrol,Ka-01,Manual,Hatchback,688000,Maruti,Swift,Unknown
5110,2019.0,34211,1,Petrol,Gj-03,Automatic,Suv,1788000,Volkswagen,T-Roc,Unknown
5111,2015.0,46642,1,Petrol,Pb-12,Manual,Hatchback,413000,Maruti,Celerio,Unknown
5112,2018.0,56719,1,Diesel,Ts-07,Manual,Hatchback,775000,Hyundai,Elite I20,Unknown
5113,2020.0,18875,1,Petrol,Mh-14,Manual,Hatchback,721000,Maruti,Baleno,Unknown
5114,2010.0,27590,2,Petrol,Mh-14,Manual,Hatchback,170000,Hyundai,Santro Xing,Unknown
5115,2019.0,53268,1,Cng,Ts-07,Manual,Hatchback,523000,Maruti,Celerio,Unknown
5116,2015.0,104043,1,Cng,Gj-18,Manual,Hatchback,454000,Hyundai,Grand I10,Unknown
5117,2020.0,54205,1,Petrol,Hr-98,Automatic,Hatchback,675000,Maruti,Baleno,Unknown
5118,2014.0,73816,2,Petrol,Mh-12,Manual,Sedan,447000,Honda,City,Unknown
5119,2018.0,34787,1,Petrol,Dl-9C,Manual,Hatchback,517000,Hyundai,Grand I10,Unknown
5120,2020.0,16996,1,Petrol,Up-32,Manual,Hatchback,540000,Hyundai,Grand I10,Unknown
5121,2013.0,39769,2,Petrol,Hr-02,Manual,Hatchback,295000,Maruti,Wagon R 1.0,Unknown
5122,2022.0,14981,1,Petrol,Pb-08,Manual,Hatchback,547000,Maruti,Celerio,Unknown
5123,2020.0,62593,1,Diesel,Ka-26,Automatic,Sedan,1341000,Toyota,Yaris,Unknown
5124,2021.0,73424,1,Petrol,Br-02,Manual,Sedan,530000,Tata,Tigor,Unknown
5125,2020.0,46469,1,Petrol,Wb-06,Manual,Hatchback,555000,Maruti,Swift,Unknown
5126,2019.0,58315,1,Petrol,Kl-22,Manual,Hatchback,299000,Maruti,Alto 800,Unknown
5127,2016.0,53917,2,Diesel,Tn-02,Manual,Hatchback,625000,Maruti,Swift,Unknown
5128,2016.0,31324,2,Petrol,Hr-26,Manual,Hatchback,513000,Maruti,Swift,Unknown
5129,2012.0,62544,2,Petrol,Mh-12,Manual,Hatchback,343000,Hyundai,I20,Unknown
5130,2012.0,59553,2,Petrol,Mh-12,Manual,Hatchback,357000,Hyundai,I20,Unknown
5131,2016.0,97711,1,Diesel,Hr-30,Manual,Suv,485000,Ford,Ecosport,Unknown
5132,2022.0,5103,1,Petrol,Tn-10,Automatic,Hatchback,580000,Maruti,S Presso,Unknown
5133,2020.0,100831,1,Petrol,Unknown,Manual,Sedan,325000,Skoda,Rapid,Unknown
5134,2017.0,33218,3,Petrol,Mh-04,Manual,Hatchback,372000,Hyundai,Grand I10,Unknown
5135,2015.0,63649,1,Petrol,Ka-51,Manual,Hatchback,486000,Hyundai,Grand I10,Unknown
5136,2015.0,34871,1,Petrol,Dl-2C,Manual,Hatchback,287000,Maruti,Alto 800,Unknown
5137,2017.0,45074,1,Petrol,Pb-65,Manual,Hatchback,504000,Hyundai,Grand I10,Unknown
5138,2014.0,32253,2,Petrol,Mh-04,Manual,Sedan,440000,Honda,Amaze,Unknown
5139,2014.0,76339,1,Petrol,Mh-08,Manual,Hatchback,216000,Maruti,Alto 800,Unknown
5140,2012.0,10266,1,Petrol,Gj-27,Automatic,Sedan,1167000,Skoda,Rapid,Unknown
5141,2021.0,7353,1,Petrol,Hr-98,Manual,Suv,1117000,Renault,Duster,Unknown
5142,2015.0,71205,2,Petrol,Dl-9C,Manual,Hatchback,307000,Hyundai,I10,Unknown
5143,2011.0,62606,2,Petrol,Tn-22,Manual,Hatchback,268000,Hyundai,I10,Unknown
5144,2018.0,26880,1,Petrol,Mh-02,Automatic,Hatchback,674000,Maruti,Baleno,Unknown
5145,2017.0,29937,1,Petrol,Ts-08,Automatic,Suv,1105000,Hyundai,Creta,Unknown
5146,2019.0,24602,1,Petrol,Dl-1C,Manual,Hatchback,698000,Maruti,Baleno,Unknown
5147,2018.0,57524,1,Cng,Mh-14,Manual,Hatchback,509000,Maruti,Celerio,Unknown
5148,2018.0,82143,1,Petrol,Hr-51,Manual,Sedan,680000,Maruti,Dzire,Unknown
5149,2018.0,59118,2,Petrol,Ts-07,Automatic,Hatchback,619000,Maruti,Swift,Unknown
5150,2021.0,16866,2,Petrol,Tn-90,Manual,Hatchback,693000,Maruti,Swift,Unknown
5151,2015.0,118988,1,Petrol,Unknown,Manual,Hatchback,466000,Maruti,Swift,Unknown
5152,2018.0,87777,2,Diesel,Ka-03,Manual,Suv,593000,Ford,Freestyle,Unknown
5153,2016.0,84618,2,Cng,Dl-12,Manual,Sedan,483000,Honda,City,Unknown
5154,2011.0,96116,2,Petrol,Ka-04,Manual,Hatchback,292000,Hyundai,I10,Unknown
5155,2017.0,98513,1,Diesel,Hr-36,Manual,Suv,738000,Hyundai,Creta,Unknown
5156,2019.0,17480,1,Petrol,Ka-53,Manual,Hatchback,638000,Hyundai,Grand I10,Unknown
5157,2014.0,70171,2,Petrol,Dl-1C,Manual,Sedan,513000,Honda,City,Unknown
5158,2019.0,33240,1,Petrol,Gj-08,Manual,Suv,956000,Maruti,Xl6,Unknown
5159,2014.0,47218,2,Petrol,Mh-49,Manual,Sedan,591000,Tata,Zest,Unknown
5160,2022.0,14742,1,Petrol,Pb-10,Manual,Sedan,1176000,Honda,City,Unknown
5161,2018.0,16281,1,Petrol,Ka-03,Manual,Sedan,979000,Honda,City,Unknown
5162,2018.0,37741,1,Petrol,Rj-45,Manual,Sedan,629000,Tata,Tigor,Unknown
5163,2015.0,56176,1,Petrol,Tn-09,Manual,Sedan,566000,Honda,City,Unknown
5164,2016.0,54996,1,Petrol,Gj-19,Manual,Sedan,706000,Maruti,Swift Dzire,Unknown
5165,2019.0,99003,1,Petrol,Ts-07,Manual,Hatchback,443000,Maruti,S Presso,Unknown
5166,2015.0,49479,3,Petrol,Ka-51,Manual,Hatchback,454000,Hyundai,Grand I10,Unknown
5167,2021.0,24191,1,Cng,Mh-04,Manual,Hatchback,627000,Maruti,New Wagon-R,Unknown
5168,2017.0,43181,1,Petrol,Up-15,Manual,Sedan,670000,Maruti,Ciaz,Unknown
5169,2012.0,111571,2,Diesel,Ka-04,Manual,Hatchback,380000,Hyundai,I20,Unknown
5170,2015.0,25736,1,Petrol,Mh-05,Manual,Hatchback,286000,Renault,Kwid,Unknown
5171,2015.0,52912,1,Petrol,Ka-05,Automatic,Hatchback,573000,Hyundai,Grand I10,Unknown
5172,2016.0,78347,2,Diesel,Mh-02,Automatic,Suv,885000,Hyundai,Creta,Unknown
5173,2012.0,52718,1,Petrol,Up-16,Manual,Hatchback,268000,Hyundai,I10,Unknown
5174,2020.0,8269,1,Petrol,Up-85,Manual,Hatchback,592000,Hyundai,Grand I10,Unknown
5175,2012.0,42619,1,Petrol,Kl-40,Manual,Hatchback,248000,Maruti,Alto K10,Unknown
5176,2014.0,72147,1,Petrol,Wb-06,Manual,Hatchback,232000,Hyundai,I10,Unknown
5177,2014.0,87733,2,Petrol,Wb-02,Manual,Sedan,323000,Honda,City,Unknown
5178,2020.0,17662,1,Diesel,Mh-05,Manual,Suv,1307000,Kia,Seltos,Unknown
5179,2015.0,71447,2,Petrol,Ap-09,Automatic,Sedan,419000,Honda,Amaze,Unknown
5180,2014.0,68882,1,Petrol,Mh-01,Manual,Sedan,365000,Honda,Amaze,Unknown
5181,2016.0,57053,1,Diesel,Ka-02,Manual,Hatchback,745000,Maruti,Baleno,Unknown
5182,2016.0,54128,2,Petrol,Ka-03,Automatic,Hatchback,545000,Hyundai,Grand I10,Unknown
5183,2020.0,43973,1,Petrol,Rj-45,Manual,Hatchback,637000,Hyundai,Elite I20,Unknown
5184,2021.0,44293,1,Cng,Hr-26,Manual,Hatchback,574000,Maruti,New Wagon-R,Unknown
5185,2019.0,44293,1,Diesel,Ts-06,Manual,Suv,1020000,Renault,Duster,Unknown
5186,2017.0,49910,1,Petrol,Up-16,Manual,Hatchback,452000,Maruti,Swift,Unknown
5187,2018.0,71619,1,Diesel,Mp-04,Manual,Suv,652000,Ford,Freestyle,Unknown
5188,2019.0,34861,1,Petrol,Gj-12,Automatic,Hatchback,649000,Maruti,Baleno,Unknown
5189,2015.0,105397,2,Cng,Mh-03,Manual,Sedan,509000,Maruti,Ciaz,Unknown
5190,2019.0,18475,1,Petrol,Hr-29,Manual,Hatchback,386000,Maruti,Alto,Unknown
5191,2018.0,22466,1,Petrol,Up-78,Manual,Hatchback,484000,Hyundai,Grand I10,Unknown
5192,2018.0,79465,2,Petrol,Ka-05,Automatic,Hatchback,386000,Renault,Kwid,Unknown
5193,2019.0,49044,2,Petrol,Dl-7C,Automatic,Suv,837000,Tata,Nexon,Unknown
5194,2018.0,65843,1,Diesel,Dl-5C,Automatic,Suv,742000,Maruti,Vitara Brezza,Unknown
5195,2020.0,41047,1,Cng,Mh-05,Manual,Hatchback,496250,Maruti,S Presso,Unknown
5196,2018.0,31349,1,Petrol,Ka-01,Automatic,Sedan,632000,Maruti,Dzire,Unknown
5197,2017.0,63013,1,Petrol,Tn-19,Manual,Hatchback,606000,Maruti,Baleno,Unknown
5198,2011.0,66466,2,Petrol,Dl-12,Manual,Lux_Sedan,379000,Toyota,Corolla Altis,Unknown
5199,2017.0,54233,1,Petrol,Mp-04,Manual,Hatchback,371000,Maruti,Alto K10,Unknown
5200,2010.0,83307,3,Petrol,Tn-19,Manual,Sedan,592000,Honda,City,Unknown
5201,2016.0,64061,2,Diesel,Ka-01,Manual,Lux_Suv,1217000,Mahindra,Xuv500,Unknown
5202,2018.0,86260,2,Diesel,Gj-16,Manual,Hatchback,675000,Hyundai,Elite I20,Unknown
5203,2016.0,49310,1,Petrol,Mh-24,Manual,Hatchback,381000,Maruti,Wagon R 1.0,Unknown
5204,2018.0,71165,2,Petrol,Ka-04,Automatic,Hatchback,690000,Honda,Jazz,Unknown
5205,2018.0,58133,1,Petrol,Mh-12,Manual,Sedan,470000,Maruti,Ciaz,Unknown
5206,2012.0,51033,2,Petrol,Tn-05,Manual,Hatchback,236000,Maruti,Alto K10,Unknown
5207,2017.0,51579,1,Petrol,Gj-06,Manual,Hatchback,540000,Maruti,Swift,Unknown
5208,2019.0,14076,1,Petrol,Mh-12,Automatic,Hatchback,601000,Tata,Tiago,Unknown
5209,2015.0,54106,1,Petrol,Ka-51,Manual,Hatchback,670000,Hyundai,Elite I20,Unknown
5210,2017.0,25440,1,Petrol,Mh-05,Manual,Hatchback,547000,Hyundai,Elite I20,Unknown
5211,2020.0,52521,1,Petrol,Mh-40,Manual,Suv,1073000,Maruti,S Cross,Unknown
5212,2011.0,70652,1,Petrol,Ka-34,Manual,Sedan,347000,Toyota,Etios,Unknown
5213,2020.0,67357,1,Cng,Dl-8C,Manual,Hatchback,556000,Maruti,New Wagon-R,Unknown
5214,2019.0,54670,2,Petrol,Rj-45,Manual,Hatchback,621000,Hyundai,Grand I10 Nios,Unknown
5215,2017.0,31924,1,Petrol,Mh-01,Manual,Hatchback,523000,Maruti,Swift,Unknown
5216,2017.0,50484,2,Petrol,Mh-12,Automatic,Hatchback,603000,Maruti,Baleno,Unknown
5217,2019.0,93338,3,Diesel,Ka-01,Manual,Sedan,456000,Tata,Tigor,Unknown
5218,2015.0,69770,1,Cng,Dl-9C,Manual,Hatchback,295000,Maruti,Alto K10,Unknown
5219,2011.0,32176,1,Petrol,Dl-7C,Manual,Hatchback,280000,Hyundai,I20,Unknown
5220,2011.0,120084,1,Petrol,Unknown,Manual,Hatchback,195000,Hyundai,I10,Unknown
5221,2021.0,14318,1,Petrol,Tn-19,Manual,Hatchback,711000,Maruti,Swift,Unknown
5222,2013.0,59849,2,Petrol,Mh-12,Manual,Sedan,440000,Maruti,Swift Dzire,Unknown
5223,2018.0,36998,2,Petrol,Tn-07,Automatic,Sedan,746000,Honda,Amaze,Unknown
5224,2016.0,67184,1,Petrol,Hr-51,Automatic,Suv,800000,Hyundai,Creta,Unknown
5225,2021.0,24978,1,Petrol,Ka-68,Manual,Hatchback,395000,Datsun,Redi Go,Unknown
5226,2015.0,45899,1,Petrol,Ts-08,Manual,Hatchback,376000,Maruti,Wagon R 1.0,Unknown
5227,2017.0,26195,1,Petrol,Ka-04,Manual,Hatchback,706000,Hyundai,Elite I20,Unknown
5228,2016.0,66211,1,Diesel,Tn-01,Manual,Suv,837000,Maruti,Vitara Brezza,Unknown
5229,2022.0,23728,1,Cng,Dl-3C,Manual,Hatchback,769000,Hyundai,Grand I10 Nios,Unknown
5230,2019.0,93449,1,Petrol,Gj-03,Manual,Hatchback,565000,Hyundai,Grand I10,Unknown
5231,2014.0,35520,2,Petrol,Mh-12,Manual,Hatchback,372500,Hyundai,Grand I10,Unknown
5232,2015.0,32750,1,Petrol,Gj-05,Manual,Hatchback,331000,Maruti,Wagon R 1.0,Unknown
5233,2018.0,33510,1,Petrol,Mp-09,Manual,Sedan,598000,Skoda,Rapid,Unknown
5234,2018.0,35547,1,Petrol,Kl-24,Automatic,Hatchback,458000,Maruti,Wagon R 1.0,Unknown
5235,2014.0,32294,1,Petrol,Mh-04,Manual,Hatchback,353000,Maruti,Wagon R 1.0,Unknown
5236,2015.0,78770,2,Diesel,Gj-15,Manual,Hatchback,415000,Honda,Jazz,Unknown
5237,2014.0,46270,1,Petrol,Kl-25,Manual,Hatchback,242000,Maruti,Alto 800,Unknown
5238,2018.0,82705,2,Diesel,Up-41,Manual,Suv,683000,Maruti,S Cross,Unknown
5239,2020.0,59138,1,Petrol,Mp-09,Automatic,Sedan,651000,Hyundai,Verna,Unknown
5240,2016.0,61121,2,Petrol,Ka-51,Manual,Hatchback,462000,Hyundai,Grand I10,Unknown
5241,2021.0,21445,1,Petrol,Up-16,Manual,Suv,814000,Honda,Wr-V,Unknown
5242,2022.0,3483,1,Petrol,Mh-12,Automatic,Hatchback,731000,Maruti,Celerio,Unknown
5243,2013.0,39369,1,Petrol,Ka-05,Manual,Hatchback,501000,Maruti,Swift,Unknown
5244,2014.0,75840,3,Diesel,Tn-11,Manual,Hatchback,387000,Hyundai,Grand I10,Unknown
5245,2016.0,73138,1,Petrol,Tn-81,Manual,Hatchback,445000,Tata,Tiago,Unknown
5246,2015.0,64524,1,Petrol,Ka-03,Manual,Hatchback,509200,Honda,Jazz,Unknown
5247,2018.0,17802,1,Petrol,Dl-2C,Manual,Hatchback,547000,Maruti,Baleno,Unknown
5248,2019.0,48347,1,Diesel,Wb-02,Manual,Sedan,272000,Hyundai,Xcent,Unknown
5249,2021.0,35877,1,Petrol,Gj-01,Automatic,Sedan,916000,Toyota,Yaris,Unknown
5250,2017.0,25091,1,Petrol,Dl-10,Manual,Hatchback,460800,Hyundai,Grand I10,Unknown
5251,2013.0,73371,1,Petrol,Hr-29,Manual,Sedan,398000,Maruti,Swift Dzire,Unknown
5252,2018.0,38239,1,Petrol,Ka-02,Automatic,Hatchback,400000,Renault,Kwid,Unknown
5253,2019.0,40934,1,Petrol,Up-78,Manual,Hatchback,682000,Hyundai,Grand I10 Nios,Unknown
5254,2019.0,58565,2,Diesel,Mh-14,Manual,Suv,861000,Ford,Ecosport,Unknown
5255,2017.0,46351,2,Petrol,Mh-12,Manual,Hatchback,325000,Renault,Kwid,Unknown
5256,2013.0,66085,1,Petrol,Ka-01,Manual,Hatchback,419000,Hyundai,I20,Unknown
5257,2011.0,54095,1,Petrol,Dl-4C,Manual,Hatchback,205000,Hyundai,I10,Unknown
5258,2018.0,68457,1,Petrol,Ts-07,Manual,Hatchback,587650,Maruti,Swift,Unknown
5259,2013.0,21090,1,Petrol,Dl-12,Manual,Sedan,404000,Maruti,Swift Dzire,Unknown
5260,2015.0,109686,1,Petrol,Unknown,Automatic,Lux_Sedan,625000,Hyundai,New Elantra,Unknown
5261,2022.0,16581,1,Petrol,Tn-11,Manual,Suv,1113000,Tata,Nexon,Unknown
5262,2019.0,48566,2,Petrol,Gj-05,Manual,Hatchback,323000,Renault,Kwid,Unknown
5263,2018.0,54813,1,Petrol,Ka-51,Manual,Suv,607000,Ford,Freestyle,Unknown
5264,2017.0,80554,1,Petrol,Mp-09,Manual,Hatchback,451000,Hyundai,Grand I10,Unknown
5265,2020.0,15389,1,Petrol,Gj-03,Manual,Hatchback,532000,Maruti,New Wagon-R,Unknown
5266,2019.0,15356,1,Petrol,Ka-01,Manual,Hatchback,535000,Maruti,Celerio,Unknown
5267,2020.0,63015,2,Petrol,Rj-45,Manual,Hatchback,603000,Hyundai,Elite I20,Unknown
5268,2021.0,18885,1,Petrol,Hr-26,Manual,Hatchback,709000,Maruti,Baleno,Unknown
5269,2018.0,101272,1,Petrol,Unknown,Manual,Hatchback,588000,Maruti,Baleno,Unknown
5270,2018.0,97937,1,Petrol,Kl-40,Manual,Hatchback,402000,Tata,Tiago,Unknown
5271,2017.0,42320,2,Petrol,Mh-12,Manual,Hatchback,629000,Honda,Jazz,Unknown
5272,2010.0,43069,2,Petrol,Mp-04,Manual,Hatchback,215000,Maruti,Ritz,Unknown
5273,2018.0,63888,1,Petrol,Ts-08,Manual,Suv,844000,Hyundai,Creta,Unknown
5274,2020.0,40742,1,Petrol,Ka-02,Manual,Hatchback,769000,Tata,Altroz,Unknown
5275,2017.0,50894,1,Petrol,Rj-14,Manual,Hatchback,287650,Hyundai,Eon,Unknown
5276,2019.0,29430,1,Petrol,Gj-02,Manual,Suv,970000,Maruti,Xl6,Unknown
5277,2015.0,50124,2,Petrol,Mp-04,Manual,Hatchback,426000,Hyundai,Grand I10,Unknown
5278,2019.0,42212,1,Petrol,Rj-02,Manual,Hatchback,331000,Maruti,Alto 800,Unknown
5279,2015.0,58483,1,Petrol,Gj-18,Automatic,Sedan,834000,Hyundai,Xcent,Unknown
5280,2017.0,76424,1,Cng,Mh-48,Manual,Suv,789000,Maruti,Ertiga,Unknown
5281,2016.0,118569,2,Petrol,Unknown,Manual,Sedan,514000,Honda,City,Unknown
5282,2020.0,25741,2,Petrol,Tn-01,Manual,Hatchback,384000,Maruti,Alto,Unknown
5283,2013.0,75102,2,Petrol,Tn-18,Manual,Hatchback,226000,Maruti,Alto 800,Unknown
5284,2020.0,21388,1,Petrol,Rj-45,Manual,Hatchback,559000,Tata,Altroz,Unknown
5285,2013.0,25799,1,Petrol,Up-78,Automatic,Sedan,823000,Maruti,Swift Dzire,Unknown
5286,2017.0,87141,1,Petrol,Tn-07,Manual,Suv,643000,Ford,Ecosport,Unknown
5287,2018.0,97017,2,Diesel,Ts-13,Manual,Hatchback,692000,Hyundai,Elite I20,Unknown
5288,2020.0,11063,1,Petrol,Rj-02,Manual,Suv,1099000,Maruti,S Cross,Unknown
5289,2010.0,82999,1,Petrol,Kl-07,Manual,Hatchback,175000,Maruti,Alto K10,Unknown
5290,2017.0,63260,2,Petrol,Tn-12,Manual,Hatchback,520000,Hyundai,Grand I10,Unknown
5291,2016.0,55188,2,Petrol,Mh-02,Automatic,Suv,919000,Hyundai,Creta,Unknown
5292,2019.0,112814,1,Petrol,Unknown,Manual,Sedan,302000,Skoda,Rapid,Unknown
5293,2017.0,47949,1,Petrol,Mh-01,Automatic,Hatchback,623000,Maruti,Baleno,Unknown
5294,2014.0,36843,3,Petrol,Wb-06,Manual,Hatchback,269000,Honda,Brio,Unknown
5295,2018.0,64666,1,Petrol,Mh-12,Manual,Hatchback,497800,Tata,Tiago,Unknown
5296,2021.0,40592,1,Petrol,Ts-08,Manual,Suv,568000,Nissan,Magnite,Unknown
5297,2020.0,60123,1,Petrol,Tn-02,Manual,Sedan,615000,Hyundai,Aura,Unknown
5298,2012.0,51860,1,Petrol,Dl-10,Manual,Hatchback,221000,Hyundai,Santro Xing,Unknown
5299,2019.0,39930,1,Petrol,Dl-2C,Manual,Hatchback,568000,Maruti,Swift,Unknown
5300,2019.0,45133,1,Petrol,Ka-01,Manual,Suv,961000,Ford,Ecosport,Unknown
5301,2017.0,20134,1,Petrol,Ka-04,Manual,Suv,983000,Hyundai,Creta,Unknown
5302,2013.0,125004,1,Petrol,Unknown,Automatic,Hatchback,317000,Hyundai,I10,Unknown
5303,2018.0,86235,1,Diesel,Up-14,Manual,Suv,587000,Honda,Wr-V,Unknown
5304,2021.0,42539,1,Petrol,Gj-05,Automatic,Suv,1113000,Tata,Nexon,Unknown
5305,2018.0,51028,1,Petrol,Ka-01,Automatic,Hatchback,537000,Tata,Tiago,Unknown
5306,2019.0,7767,1,Petrol,Gj-01,Manual,Hatchback,654000,Hyundai,Grand I10 Nios,Unknown
5307,2019.0,32334,2,Petrol,Ka-52,Manual,Hatchback,378000,Maruti,Alto K10,Unknown
5308,2017.0,69301,1,Petrol,Gj-01,Automatic,Lux_Sedan,1230000,Hyundai,New Elantra,Unknown
5309,2018.0,76661,1,Cng,Dl-9C,Manual,Hatchback,439000,Maruti,Wagon R 1.0,Unknown
5310,2018.0,44216,1,Petrol,Tn-09,Automatic,Hatchback,479000,Maruti,Celerio X,Unknown
5311,2021.0,119544,1,Petrol,Unknown,Manual,Sedan,550000,Tata,Tigor,Unknown
5312,2016.0,78151,1,Diesel,Ts-08,Manual,Hatchback,612000,Hyundai,Elite I20,Unknown
5313,2017.0,22223,1,Petrol,Ka-51,Automatic,Hatchback,757000,Maruti,Baleno,Unknown
5314,2018.0,106467,1,Diesel,Ts-07,Automatic,Suv,837000,Tata,Nexon,Unknown
5315,2013.0,33497,1,Petrol,Dl-5C,Manual,Sedan,351000,Maruti,Swift Dzire,Unknown
5316,2016.0,41107,1,Petrol,Ka-07,Manual,Hatchback,573000,Maruti,Swift,Unknown
5317,2018.0,47641,3,Petrol,Up-32,Manual,Hatchback,615250,Hyundai,I20 Active,Unknown
5318,2022.0,8408,1,Cng,Br-01,Manual,Hatchback,674000,Maruti,New Wagon-R,Unknown
5319,2021.0,14184,2,Cng,Mh-05,Manual,Hatchback,593000,Maruti,New Wagon-R,Unknown
5320,2019.0,60143,2,Petrol,Mh-16,Manual,Hatchback,486000,Volkswagen,Polo,Unknown
5321,2018.0,33388,2,Petrol,Dl-12,Automatic,Suv,793000,Ford,Ecosport,Unknown
5322,2019.0,34293,1,Diesel,Ka-05,Automatic,Sedan,1153000,Skoda,Rapid,Unknown
5323,2017.0,42658,3,Petrol,Tn-12,Manual,Hatchback,589000,Volkswagen,Polo,Unknown
5324,2017.0,33600,1,Petrol,Tn-85,Manual,Suv,279000,Maruti,Omni E,Unknown
5325,2014.0,23808,1,Petrol,Wb-02,Manual,Sedan,326000,Honda,Amaze,Unknown
5326,2019.0,26181,1,Petrol,Up-14,Manual,Hatchback,645000,Maruti,Baleno,Unknown
5327,2019.0,35898,1,Petrol,Gj-19,Manual,Hatchback,469000,Maruti,Celerio,Unknown
5328,2016.0,105562,1,Diesel,Ts-07,Manual,Suv,820000,Maruti,Vitara Brezza,Unknown
5329,2018.0,88479,1,Diesel,Ts-07,Manual,Hatchback,553000,Hyundai,Grand I10,Unknown
5330,2022.0,3170,1,Petrol,Kl-07,Manual,Hatchback,532000,Maruti,S Presso,Unknown
5331,2016.0,42591,3,Petrol,Mh-14,Manual,Hatchback,303000,Maruti,Alto K10,Unknown
5332,2011.0,44512,1,Cng,Gj-02,Manual,Sedan,633000,Toyota,Etios,Unknown
5333,2020.0,33657,1,Diesel,Ka-63,Automatic,Suv,1293000,Kia,Sonet,Unknown
5334,2020.0,50262,1,Petrol,Hr-26,Manual,Hatchback,650000,Hyundai,Grand I10 Nios,Unknown
5335,2014.0,53179,2,Petrol,Ts-07,Manual,Hatchback,299000,Maruti,Alto K10,Unknown
5336,2018.0,25537,1,Petrol,Ka-01,Automatic,Hatchback,705000,Maruti,Swift,Unknown
5337,2022.0,7870,1,Petrol,Hr-51,Manual,Hatchback,524000,Maruti,S Presso,Unknown
5338,2015.0,64984,1,Petrol,Rj-14,Manual,Hatchback,396000,Maruti,Wagon R 1.0,Unknown
5339,2020.0,12744,1,Cng,Dl-1C,Manual,Hatchback,588000,Maruti,New Wagon-R,Unknown
5340,2019.0,42354,1,Diesel,Mh-01,Manual,Suv,1002000,Ford,Ecosport,Unknown
5341,2017.0,34132,2,Petrol,Tn-04,Manual,Suv,722000,Ford,Ecosport,Unknown
5342,2016.0,84825,2,Petrol,Up-14,Manual,Hatchback,534000,Hyundai,Elite I20,Unknown
5343,2015.0,70012,1,Petrol,Mh-02,Manual,Sedan,300000,Honda,City,Unknown
5344,2018.0,61029,2,Petrol,Gj-21,Manual,Hatchback,326000,Maruti,Alto 800,Unknown
5345,2017.0,67057,1,Petrol,Ka-05,Automatic,Hatchback,661000,Honda,Jazz,Unknown
5346,2019.0,23876,1,Petrol,Ts-08,Automatic,Hatchback,837000,Volkswagen,Polo,Unknown
5347,2022.0,5367,1,Petrol,Ka-05,Manual,Suv,1134000,Kia,Carens,Unknown
5348,2014.0,22916,3,Petrol,Tn-01,Manual,Hatchback,262000,Maruti,Alto K10,Unknown
5349,2015.0,78958,1,Petrol,Mh-04,Manual,Hatchback,406000,Maruti,Swift,Unknown
5350,2015.0,21899,2,Petrol,Dl-8C,Manual,Hatchback,297000,Hyundai,I10,Unknown
5351,2021.0,6090,1,Petrol,Pb-37,Manual,Hatchback,521000,Maruti,New Wagon-R,Unknown
5352,2018.0,81041,2,Petrol,Mh-05,Automatic,Sedan,835000,Hyundai,Verna,Unknown
5353,2012.0,77199,1,Petrol,Br-01,Manual,Hatchback,173000,Maruti,Alto,Unknown
5354,2013.0,75895,2,Petrol,Mh-14,Manual,Hatchback,235000,Maruti,Alto K10,Unknown
5355,2014.0,82596,2,Petrol,Ts-09,Automatic,Sedan,512000,Volkswagen,Vento,Unknown
5356,2021.0,37224,1,Petrol,Ts-08,Automatic,Suv,1044000,Toyota,Urban Cruiser,Unknown
5357,2014.0,55007,1,Petrol,Ka-01,Manual,Hatchback,501000,Hyundai,I20,Unknown
5358,2018.0,66586,1,Petrol,Up-32,Manual,Hatchback,297000,Hyundai,Eon,Unknown
5359,2015.0,80445,3,Diesel,Mh-31,Manual,Sedan,517000,Skoda,Rapid,Unknown
5360,2020.0,5643,1,Petrol,Wb-10,Manual,Hatchback,326000,Maruti,Alto,Unknown
5361,2016.0,46543,1,Petrol,Dl-6C,Manual,Hatchback,226000,Maruti,Alto 800,Unknown
5362,2017.0,45642,1,Petrol,Gj-01,Manual,Hatchback,515000,Hyundai,Grand I10,Unknown
5363,2017.0,66636,2,Petrol,Mh-02,Manual,Sedan,338000,Maruti,Dzire,Unknown
5364,2014.0,85876,1,Diesel,Ka-53,Manual,Hatchback,443000,Maruti,Swift,Unknown
5365,2020.0,16300,1,Petrol,Ts-08,Manual,Hatchback,446000,Maruti,S Presso,Unknown
5366,2019.0,40185,1,Petrol,Ka-51,Manual,Suv,927000,Hyundai,Venue,Unknown
5367,2020.0,18200,1,Petrol,Dl-4C,Automatic,Hatchback,804000,Hyundai,Grand I10 Nios,Unknown
5368,2017.0,70775,2,Petrol,Ka-08,Automatic,Hatchback,382000,Renault,Kwid,Unknown
5369,2017.0,48468,2,Petrol,Ts-12,Automatic,Sedan,797000,Honda,City,Unknown
5370,2019.0,28723,1,Diesel,Mh-01,Automatic,Suv,992000,Tata,Nexon,Unknown
5371,2017.0,106665,1,Petrol,Unknown,Automatic,Hatchback,600000,Maruti,Baleno,Unknown
5372,2016.0,80786,2,Petrol,Ts-03,Manual,Hatchback,246000,Renault,Kwid,Unknown
5373,2022.0,16141,1,Petrol,Ts-15,Manual,Hatchback,454000,Maruti,Alto,Unknown
5374,2022.0,12415,1,Petrol,Dl-7C,Manual,Suv,1114000,Hyundai,Venue,Unknown
5375,2020.0,63696,1,Petrol,Dl-5C,Manual,Sedan,221000,Tata,Tigor,Unknown
5376,2017.0,49327,2,Cng,Dl-8C,Manual,Hatchback,552250,Hyundai,Elite I20,Unknown
5377,2014.0,50772,1,Petrol,Wb-02,Manual,Hatchback,295000,Maruti,Swift,Unknown
5378,2014.0,94941,1,Petrol,Mh-43,Manual,Sedan,510000,Hyundai,Verna,Unknown
5379,2019.0,1245,2,Petrol,Mh-01,Automatic,Sedan,862000,Maruti,Ciaz,Unknown
5380,2015.0,9515,2,Cng,Dl-4C,Manual,Hatchback,496000,Hyundai,Elite I20,Unknown
5381,2014.0,83887,1,Petrol,Dl-9C,Manual,Sedan,214000,Maruti,Swift Dzire,Unknown
5382,2017.0,56824,1,Petrol,Mh-47,Manual,Hatchback,597000,Maruti,Baleno,Unknown
5383,2018.0,98305,1,Petrol,Mh-12,Manual,Hatchback,455000,Maruti,Celerio X,Unknown
5384,2022.0,14234,1,Petrol,Tn-81,Manual,Sedan,766000,Honda,Amaze,Unknown
5385,2021.0,26086,2,Petrol,Ts-04,Automatic,Suv,1034000,Tata,Nexon,Unknown
5386,2021.0,29224,1,Diesel,Ka-04,Manual,Suv,1201000,Kia,Sonet,Unknown
5387,2018.0,36488,1,Petrol,Kl-41,Manual,Hatchback,625000,Maruti,Baleno,Unknown
5388,2022.0,45872,1,Petrol,Ka-16,Manual,Hatchback,505000,Maruti,S Presso,Unknown
5389,2014.0,46390,1,Petrol,Gj-05,Manual,Hatchback,371000,Honda,Brio,Unknown
5390,2015.0,91087,1,Petrol,Ka-01,Manual,Hatchback,551000,Maruti,Swift,Unknown
5391,2021.0,19301,1,Petrol,Mh-12,Manual,Suv,754000,Hyundai,Venue,Unknown
5392,2013.0,53101,1,Petrol,Ka-01,Manual,Hatchback,436000,Maruti,Swift,Unknown
5393,2018.0,51323,2,Petrol,Hr-26,Manual,Suv,726000,Ford,Ecosport,Unknown
5394,2016.0,20262,1,Petrol,Gj-18,Manual,Hatchback,600600,Hyundai,Elite I20,Unknown
5395,2018.0,89559,2,Cng,Gj-03,Manual,Hatchback,640000,Maruti,Baleno,Unknown
5396,2019.0,16032,1,Petrol,Up-14,Automatic,Suv,957000,Tata,Nexon,Unknown
5397,2012.0,74653,1,Cng,Mh-12,Manual,Hatchback,212000,Maruti,Alto,Unknown
5398,2019.0,70314,1,Petrol,Ka-05,Automatic,Hatchback,698000,Maruti,Swift,Unknown
5399,2015.0,28309,1,Petrol,Mh-47,Manual,Hatchback,364000,Maruti,Celerio,Unknown
5400,2013.0,59723,1,Petrol,Ka-03,Manual,Hatchback,455000,Hyundai,I20,Unknown
5401,2021.0,5350,1,Petrol,Mh-48,Automatic,Suv,1518000,Mahindra,Thar,Unknown
5402,2017.0,46299,1,Petrol,Hr-26,Manual,Sedan,668000,Maruti,Ciaz,Unknown
5403,2017.0,31463,2,Petrol,Gj-01,Manual,Hatchback,522000,Hyundai,Grand I10,Unknown
5404,2020.0,65225,1,Petrol,Mp-09,Manual,Hatchback,545000,Maruti,New Wagon-R,Unknown
5405,2019.0,23098,1,Petrol,Mp-04,Manual,Hatchback,675000,Hyundai,Elite I20,Unknown
5406,2017.0,65742,1,Petrol,Gj-24,Manual,Hatchback,334000,Maruti,Alto K10,Unknown
5407,2018.0,83362,1,Petrol,Gj-01,Manual,Hatchback,577000,Maruti,Baleno,Unknown
5408,2014.0,24700,1,Petrol,Ka-03,Manual,Hatchback,565000,Maruti,Swift,Unknown
5409,2014.0,49570,1,Petrol,Ka-02,Manual,Hatchback,533300,Maruti,Swift,Unknown
5410,2018.0,50674,2,Petrol,Gj-27,Manual,Hatchback,517000,Volkswagen,Polo,Unknown
5411,2015.0,54576,2,Petrol,Dl-2C,Manual,Sedan,319000,Maruti,Ciaz,Unknown
5412,2016.0,100058,1,Petrol,Unknown,Manual,Hatchback,454000,Hyundai,Grand I10,Unknown
5413,2019.0,33984,2,Petrol,Mh-03,Manual,Hatchback,492000,Hyundai,New Santro,Unknown
5414,2019.0,11921,2,Petrol,Mh-14,Manual,Hatchback,526350,Hyundai,Grand I10,Unknown
5415,2017.0,41485,1,Diesel,Br-06,Manual,Suv,523000,Mahindra,Tuv300,Unknown
5416,2010.0,88062,2,Petrol,Ap-29,Manual,Hatchback,240000,Hyundai,I10,Unknown
5417,2018.0,44293,1,Petrol,Dl-3C,Manual,Hatchback,243000,Datsun,Redi Go,Unknown
5418,2018.0,112488,1,Petrol,Unknown,Manual,Hatchback,453000,Hyundai,Grand I10,Unknown
5419,2020.0,29686,1,Petrol,Gj-06,Automatic,Hatchback,557000,Hyundai,New Santro,Unknown
5420,2018.0,62508,1,Petrol,Dl-4C,Manual,Sedan,430000,Honda,Amaze,Unknown
5421,2017.0,25244,1,Petrol,Hr-51,Automatic,Hatchback,598000,Honda,Jazz,Unknown
5422,2018.0,84143,1,Petrol,Ts-23,Automatic,Hatchback,654000,Maruti,Swift,Unknown
5423,2011.0,115500,1,Petrol,Unknown,Manual,Sedan,235000,Toyota,Etios,Unknown
5424,2018.0,64792,1,Petrol,Gj-27,Manual,Hatchback,605000,Maruti,Baleno,Unknown
5425,2019.0,10616,1,Petrol,Dl-1C,Manual,Hatchback,513750,Maruti,Swift,Unknown
5426,2016.0,62128,2,Petrol,Dl-9C,Manual,Sedan,757000,Maruti,Ciaz,Unknown
5427,2019.0,52186,1,Petrol,Kl-07,Manual,Suv,366000,Maruti,Eeco,Unknown
5428,2017.0,122864,2,Diesel,Mh-01,Manual,Sedan,345000,Volkswagen,Ameo,Unknown
5429,2019.0,5688,1,Petrol,Ka-51,Manual,Hatchback,576000,Hyundai,Grand I10,Unknown
5430,2018.0,60765,1,Petrol,Ts-15,Manual,Hatchback,705000,Maruti,Baleno,Unknown
5431,2022.0,14893,1,Diesel,Mh-24,Automatic,Suv,1699000,Mahindra,Thar,Unknown
5432,2011.0,41035,1,Petrol,Mh-02,Manual,Hatchback,240000,Maruti,Wagon R 1.0,Unknown
5433,2018.0,60036,1,Petrol,Hr-10,Manual,Suv,1051000,Hyundai,Creta,Unknown
5434,2017.0,69166,1,Diesel,Pb-10,Manual,Sedan,413000,Skoda,Rapid,Unknown
5435,2021.0,37539,1,Diesel,Hr-26,Manual,Hatchback,828000,Tata,Altroz,Unknown
5436,2019.0,76548,2,Petrol,Tn-05,Automatic,Suv,891000,Hyundai,Venue,Unknown
5437,2015.0,91656,2,Petrol,Wb-02,Manual,Hatchback,342000,Hyundai,Grand I10,Unknown
5438,2018.0,15598,1,Petrol,Tn-42,Manual,Hatchback,342000,Datsun,Redi Go,Unknown
5439,2017.0,76320,2,Petrol,Mh-01,Automatic,Sedan,862000,Honda,City,Unknown
5440,2022.0,30108,1,Diesel,Gj-27,Manual,Suv,1250000,Tata,Nexon,Unknown
5441,2018.0,45234,1,Petrol,Br-01,Manual,Hatchback,568000,Maruti,Swift,Unknown
5442,2015.0,33901,1,Petrol,Ka-03,Manual,Hatchback,394000,Maruti,Wagon R 1.0,Unknown
5443,2015.0,84483,1,Cng,Hr-13,Manual,Hatchback,318000,Maruti,Wagon R 1.0,Unknown
5444,2021.0,61396,1,Petrol,Mp-09,Manual,Hatchback,435000,Maruti,Celerio X,Unknown
5445,2017.0,61139,2,Petrol,Ka-53,Manual,Suv,982000,Hyundai,Creta,Unknown
5446,2015.0,87053,2,Petrol,Dl-8C,Automatic,Hatchback,431000,Hyundai,Grand I10,Unknown
5447,2019.0,40477,1,Petrol,Mh-05,Manual,Hatchback,750000,Maruti,Baleno,Unknown
5448,2020.0,72313,1,Diesel,Mh-14,Automatic,Suv,1552000,Kia,Seltos,Unknown
5449,2017.0,67068,1,Petrol,Gj-38,Manual,Hatchback,363000,Honda,Brio,Unknown
5450,2013.0,97228,1,Cng,Mh-12,Manual,Hatchback,290000,Maruti,Alto 800,Unknown
5451,2012.0,106944,1,Petrol,Unknown,Manual,Hatchback,319000,Maruti,Swift,Unknown
5452,2019.0,20950,2,Petrol,Gj-27,Manual,Hatchback,334000,Maruti,Alto 800,Unknown
5453,2018.0,55363,1,Petrol,Mh-12,Manual,Hatchback,443000,Hyundai,New Santro,Unknown
5454,2016.0,73985,2,Diesel,Pb-12,Manual,Suv,383000,Mahindra,Kuv100,Unknown
5455,2018.0,48950,2,Petrol,Gj-27,Manual,Hatchback,342000,Renault,Kwid,Unknown
5456,2017.0,22808,2,Petrol,Ts-12,Manual,Hatchback,630000,Hyundai,Elite I20,Unknown
5457,2018.0,8790,1,Petrol,Mh-01,Automatic,Hatchback,349000,Datsun,Redi Go,Unknown
5458,2018.0,80993,1,Diesel,Gj-24,Manual,Suv,787000,Maruti,Vitara Brezza,Unknown
5459,2020.0,46812,1,Petrol,Gj-03,Manual,Hatchback,463000,Maruti,S Presso,Unknown
5460,2015.0,48361,1,Petrol,Ts-09,Automatic,Hatchback,412000,Maruti,Wagon R 1.0,Unknown
5461,2014.0,16364,1,Petrol,Gj-01,Manual,Hatchback,403000,Honda,Brio,Unknown
5462,2017.0,77428,1,Petrol,Ka-01,Automatic,Sedan,736000,Honda,Amaze,Unknown
5463,2012.0,49326,1,Petrol,Dl-3C,Manual,Hatchback,211000,Hyundai,Santro Xing,Unknown
5464,2017.0,56859,1,Petrol,Ka-01,Manual,Sedan,782000,Skoda,Rapid,Unknown
5465,2017.0,99348,2,Petrol,Rj-14,Manual,Hatchback,382000,Maruti,Wagon R 1.0,Unknown
5466,2019.0,32790,2,Petrol,Ka-05,Automatic,Hatchback,787000,Honda,Jazz,Unknown
5467,2017.0,60758,1,Petrol,Up-16,Manual,Hatchback,576000,Hyundai,Elite I20,Unknown
5468,2016.0,65531,1,Petrol,Dl-7C,Manual,Suv,716000,Hyundai,Creta,Unknown
5469,2013.0,29002,1,Petrol,Ka-53,Manual,Hatchback,509000,Maruti,Swift,Unknown
5470,2017.0,54327,1,Petrol,Ts-07,Manual,Hatchback,661000,Volkswagen,Polo,Unknown
5471,2019.0,2714,1,Petrol,Mh-47,Automatic,Hatchback,786000,Maruti,Baleno,Unknown
5472,2022.0,7396,1,Petrol,Tn-22,Manual,Hatchback,762000,Maruti,Swift,Unknown
5473,2021.0,84992,1,Diesel,Ap-10,Manual,Sedan,413000,Hyundai,Verna,Unknown
5474,2021.0,24060,1,Diesel,Tn-14,Automatic,Suv,1882000,Tata,Safari,Unknown
5475,2018.0,69503,2,Petrol,Dl-3C,Automatic,Sedan,775000,Maruti,Ciaz,Unknown
5476,2020.0,38812,2,Diesel,Hr-26,Manual,Sedan,601000,Toyota,Yaris,Unknown
5477,2021.0,29845,1,Petrol,Mh-12,Automatic,Suv,1130000,Maruti,Xl6,Unknown
5478,2016.0,51780,1,Petrol,Ts-09,Manual,Hatchback,481000,Hyundai,Grand I10,Unknown
5479,2012.0,63748,2,Petrol,Mh-48,Manual,Hatchback,207000,Maruti,Alto 800,Unknown
5480,2018.0,68734,2,Diesel,Tn-09,Manual,Hatchback,587000,Maruti,Swift,Unknown
5481,2020.0,37706,1,Petrol,Ts-09,Automatic,Hatchback,782000,Hyundai,Grand I10 Nios,Unknown
5482,2015.0,70107,3,Petrol,Mh-12,Manual,Hatchback,388000,Hyundai,Grand I10,Unknown
5483,2016.0,67654,1,Diesel,Mh-43,Manual,Sedan,409000,Maruti,Swift Dzire,Unknown
5484,2019.0,16903,2,Petrol,Ts-13,Manual,Hatchback,357000,Maruti,Alto,Unknown
5485,2012.0,104398,1,Petrol,Unknown,Manual,Hatchback,219000,Hyundai,Santro Xing,Unknown
5486,2014.0,17410,1,Petrol,Br-01,Manual,Hatchback,223000,Hyundai,Eon,Unknown
5487,2018.0,14627,2,Petrol,Hr-51,Manual,Hatchback,335000,Renault,Kwid,Unknown
5488,2010.0,65856,2,Petrol,Wb-06,Manual,Hatchback,222000,Hyundai,I20,Unknown
5489,2014.0,38741,2,Petrol,Mh-43,Manual,Hatchback,394000,Hyundai,Grand I10,Unknown
5490,2012.0,68948,2,Petrol,Ka-01,Automatic,Hatchback,343000,Hyundai,I10,Unknown
5491,2018.0,30426,1,Petrol,Ka-02,Manual,Hatchback,613000,Maruti,Swift,Unknown
5492,2017.0,44545,2,Petrol,Ts-09,Automatic,Suv,1032000,Hyundai,Creta,Unknown
5493,2016.0,67497,2,Petrol,Ts-07,Manual,Hatchback,414000,Maruti,Wagon R 1.0,Unknown
5494,2014.0,118152,3,Cng,Gj-01,Manual,Hatchback,373000,Hyundai,Grand I10,Unknown
5495,2016.0,29893,1,Diesel,Hr-26,Manual,Suv,586000,Nissan,Terrano,Unknown
5496,2017.0,54273,2,Petrol,Ts-10,Manual,Hatchback,398000,Maruti,Wagon R 1.0,Unknown
5497,2016.0,65593,1,Petrol,Dl-6C,Manual,Sedan,561000,Hyundai,Verna,Unknown
5498,2016.0,62950,2,Petrol,Mp-04,Manual,Hatchback,531000,Hyundai,Elite I20,Unknown
5499,2015.0,77646,1,Petrol,Ka-04,Manual,Hatchback,554000,Maruti,Swift,Unknown
5500,2014.0,66377,1,Diesel,Br-01,Manual,Suv,425000,Renault,Duster,Unknown
5501,2013.0,72004,1,Diesel,Ka-05,Automatic,Sedan,506000,Maruti,Swift Dzire,Unknown
5502,2015.0,61844,1,Petrol,Tn-01,Manual,Sedan,721000,Maruti,Ciaz,Unknown
5503,2019.0,90330,2,Diesel,Ts-09,Manual,Sedan,483000,Maruti,Dzire,Unknown
5504,2019.0,42662,1,Petrol,Ts-13,Manual,Hatchback,628000,Maruti,Swift,Unknown
5505,2017.0,51683,1,Petrol,Ts-09,Manual,Hatchback,296000,Datsun,Redi Go,Unknown
5506,2018.0,40757,1,Diesel,Mh-05,Manual,Hatchback,569000,Hyundai,Grand I10,Unknown
5507,2016.0,47140,1,Cng,Mh-47,Manual,Hatchback,389000,Maruti,Wagon R 1.0,Unknown
5508,2018.0,64362,1,Diesel,Hr-26,Manual,Suv,631000,Maruti,S Cross,Unknown
5509,2021.0,13505,1,Petrol,Ts-07,Automatic,Hatchback,981000,Renault,Kiger,Unknown
5510,2018.0,58071,1,Petrol,Ts-09,Automatic,Hatchback,306000,Datsun,Redi Go,Unknown
5511,2012.0,45679,2,Diesel,Hr-30,Manual,Sedan,343000,Maruti,Swift Dzire,Unknown
5512,2016.0,65399,1,Petrol,Tn-11,Manual,Hatchback,444000,Hyundai,Grand I10,Unknown
5513,2016.0,79819,2,Diesel,Hr-70,Manual,Suv,574000,Maruti,Vitara Brezza,Unknown
5514,2018.0,31128,1,Petrol,Mh-05,Automatic,Suv,785000,Ford,Ecosport,Unknown
5515,2019.0,12892,1,Petrol,Ts-08,Automatic,Sedan,741000,Maruti,Dzire,Unknown
5516,2022.0,23227,1,Petrol,Gj-02,Manual,Suv,682000,Renault,Triber,Unknown
5517,2014.0,59394,1,Petrol,Ka-05,Manual,Hatchback,313000,Maruti,Alto K10,Unknown
5518,2019.0,34113,2,Petrol,Ka-11,Manual,Hatchback,448000,Hyundai,New Santro,Unknown
5519,2020.0,11925,1,Petrol,Br-01,Manual,Suv,1021000,Hyundai,Venue,Unknown
5520,2018.0,50466,2,Petrol,Hr-26,Manual,Hatchback,543000,Maruti,Baleno,Unknown
5521,2022.0,25888,1,Petrol,Pb-08,Manual,Suv,1129000,Skoda,Kushaq,Unknown
5522,2016.0,51321,1,Petrol,Ts-07,Automatic,Hatchback,371000,Maruti,Alto K10,Unknown
5523,2015.0,62252,1,Petrol,Kl-07,Manual,Hatchback,470000,Hyundai,Grand I10,Unknown
5524,2016.0,39242,1,Petrol,Pb-65,Manual,Hatchback,313000,Maruti,Alto K10,Unknown
5525,2022.0,3602,2,Petrol,Pb-09,Manual,Hatchback,673000,Maruti,Celerio,Unknown
5526,2015.0,38280,1,Petrol,Up-14,Manual,Hatchback,414000,Hyundai,Grand I10,Unknown
5527,2018.0,84821,1,Petrol,Ts-36,Automatic,Suv,856000,Tata,Nexon,Unknown
5528,2022.0,16500,1,Petrol,Pb-08,Automatic,Hatchback,553000,Maruti,S Presso,Unknown
5529,2010.0,6393,1,Petrol,Ts-07,Manual,Sedan,700000,Honda,Civic,Unknown
5530,2022.0,50853,1,Petrol,Gj-27,Manual,Sedan,527000,Maruti,Ciaz,Unknown
5531,2018.0,79926,1,Petrol,Tn-19,Manual,Hatchback,639000,Maruti,Baleno,Unknown
5532,2016.0,90291,3,Diesel,Ka-51,Manual,Lux_Suv,929000,Mahindra,Xuv500,Unknown
5533,2017.0,38195,1,Diesel,Mh-14,Manual,Hatchback,791000,Volkswagen,Polo,Unknown
5534,2022.0,21497,1,Cng,Mh-12,Manual,Hatchback,807000,Tata,Tiago,Unknown
5535,2014.0,29159,1,Petrol,Wb-06,Manual,Sedan,562000,Honda,Amaze,Unknown
5536,2021.0,9461,1,Petrol,Wb-12,Manual,Hatchback,725000,Honda,Jazz,Unknown
5537,2018.0,27994,2,Petrol,Mh-12,Manual,Sedan,782000,Honda,City,Unknown
5538,2016.0,45624,2,Petrol,Gj-01,Manual,Hatchback,415000,Honda,Jazz,Unknown
5539,2018.0,64572,2,Petrol,Rj-18,Manual,Suv,417000,Ford,Freestyle,Unknown
5540,2016.0,39319,2,Petrol,Mh-05,Automatic,Hatchback,390000,Maruti,Celerio,Unknown
5541,2018.0,64267,1,Petrol,Mh-03,Manual,Hatchback,607000,Maruti,Baleno,Unknown
5542,2019.0,88667,1,Cng,Mh-02,Manual,Hatchback,369000,Maruti,Alto,Unknown
5543,2021.0,55092,1,Diesel,Up-15,Automatic,Sedan,655000,Honda,City,Unknown
5544,2011.0,102256,2,Petrol,Unknown,Manual,Hatchback,211000,Hyundai,I10,Unknown
5545,2021.0,34169,1,Petrol,Pb-07,Manual,Hatchback,457000,Maruti,S Presso,Unknown
5546,2019.0,31298,2,Petrol,Dl-1C,Manual,Hatchback,643000,Maruti,Baleno,Unknown
5547,2012.0,51468,3,Cng,Mh-01,Manual,Suv,447000,Maruti,Ertiga,Unknown
5548,2020.0,25560,1,Petrol,Br-01,Manual,Hatchback,457000,Hyundai,New Santro,Unknown
5549,2022.0,13772,1,Petrol,Dl-14,Manual,Suv,823000,Nissan,Magnite,Unknown
5550,2017.0,61475,2,Petrol,Dl-2C,Manual,Hatchback,287000,Maruti,Alto 800,Unknown
5551,2018.0,38995,3,Petrol,Ka-01,Manual,Suv,631000,Ford,Freestyle,Unknown
5552,2016.0,40045,2,Petrol,Mh-12,Manual,Hatchback,514000,Maruti,Baleno,Unknown
5553,2016.0,71388,2,Petrol,Dl-10,Manual,Hatchback,505000,Hyundai,Elite I20,Unknown
5554,2016.0,41472,2,Petrol,Mh-04,Automatic,Sedan,603000,Volkswagen,Vento,Unknown
5555,2012.0,57513,1,Petrol,Ka-53,Manual,Hatchback,258000,Maruti,Alto K10,Unknown
5556,2018.0,26348,1,Petrol,Up-32,Manual,Hatchback,452000,Nissan,Micra Active,Unknown
5557,2018.0,54579,1,Petrol,Up-14,Manual,Hatchback,475000,Hyundai,Grand I10,Unknown
5558,2018.0,124932,1,Petrol,Unknown,Automatic,Hatchback,412000,Maruti,Celerio X,Unknown
5559,2018.0,50652,1,Diesel,Ts-07,Manual,Suv,1130000,Hyundai,Creta,Unknown
5560,2020.0,51216,1,Petrol,Ts-07,Manual,Hatchback,764000,Hyundai,Elite I20,Unknown
5561,2015.0,67271,1,Petrol,Ka-51,Manual,Hatchback,357000,Hyundai,I10,Unknown
5562,2012.0,40439,1,Petrol,Ap-09,Manual,Hatchback,369000,Honda,Brio,Unknown
5563,2021.0,50261,1,Petrol,Mh-14,Manual,Hatchback,752000,Maruti,Baleno,Unknown
5564,2016.0,55978,1,Petrol,Dl-9C,Automatic,Hatchback,401000,Maruti,Celerio,Unknown
5565,2015.0,40071,2,Petrol,Up-78,Manual,Hatchback,350000,Hyundai,Grand I10,Unknown
5566,2015.0,28431,2,Petrol,Mh-02,Manual,Hatchback,250000,Maruti,Alto 800,Unknown
5567,2021.0,23941,1,Petrol,Gj-06,Manual,Hatchback,713000,Maruti,Swift,Unknown
5568,2022.0,25905,1,Petrol,Ka-05,Manual,Sedan,667000,Honda,Amaze,Unknown
5569,2018.0,46328,1,Petrol,Ka-03,Manual,Suv,605000,Mahindra,Kuv 100 Nxt,Unknown
5570,2020.0,14654,2,Petrol,Pb-28,Manual,Suv,913000,Maruti,Vitara Brezza,Unknown
5571,2014.0,4162,1,Petrol,Mh-12,Manual,Sedan,742250,Maruti,Swift Dzire,Unknown
5572,2020.0,35383,1,Petrol,Ts-07,Automatic,Hatchback,593000,Hyundai,New Santro,Unknown
5573,2012.0,110103,1,Diesel,Ts-09,Manual,Sedan,653000,Maruti,Swift Dzire,Unknown
5574,2021.0,30809,2,Petrol,Ka-03,Manual,Suv,744000,Renault,Triber,Unknown
5575,2018.0,76073,1,Diesel,Ka-53,Manual,Sedan,847000,Hyundai,Verna,Unknown
5576,2013.0,40973,1,Petrol,Mh-02,Manual,Hatchback,301000,Maruti,Ritz,Unknown
5577,2017.0,54876,2,Petrol,Rj-14,Manual,Hatchback,527000,Hyundai,Grand I10,Unknown
5578,2019.0,12384,2,Petrol,Ka-09,Manual,Suv,561000,Mahindra,Kuv 100 Nxt,Unknown
5579,2019.0,49111,1,Petrol,Pb-91,Manual,Hatchback,322000,Maruti,Alto,Unknown
5580,2016.0,34696,1,Petrol,Mh-01,Manual,Hatchback,493000,Hyundai,Elite I20,Unknown
5581,2018.0,17414,1,Petrol,Gj-06,Manual,Hatchback,334000,Maruti,Alto 800,Unknown
5582,2016.0,25079,1,Petrol,Gj-05,Manual,Hatchback,505000,Maruti,Swift,Unknown
5583,2015.0,54108,3,Petrol,Gj-01,Manual,Hatchback,285000,Hyundai,Eon,Unknown
5584,2018.0,75908,1,Diesel,Up-14,Manual,Lux_Suv,951000,Mahindra,Xuv500,Unknown
5585,2016.0,9323,1,Petrol,Ka-01,Automatic,Sedan,786000,Maruti,Swift Dzire,Unknown
5586,2020.0,39259,1,Petrol,Up-32,Manual,Suv,756000,Hyundai,Venue,Unknown
5587,2017.0,82084,1,Diesel,Ka-13,Manual,Suv,784000,Honda,Wr-V,Unknown
5588,2014.0,84367,1,Petrol,Wb-08,Manual,Hatchback,312000,Hyundai,Grand I10,Unknown
5589,2018.0,76475,1,Cng,Hr-26,Manual,Hatchback,435000,Maruti,Celerio,Unknown
5590,2019.0,24355,2,Petrol,Tn-14,Manual,Hatchback,504000,Tata,Tiago,Unknown
5591,2016.0,66757,2,Diesel,Mh-43,Manual,Suv,696000,Maruti,Vitara Brezza,Unknown
5592,2016.0,91242,2,Petrol,Hr-26,Automatic,Lux_Sedan,846000,Toyota,Corolla Altis,Unknown
5593,2014.0,51080,1,Petrol,Br-01,Manual,Hatchback,269800,Maruti,Wagon R 1.0,Unknown
5594,2011.0,69378,1,Petrol,Ka-51,Automatic,Hatchback,332000,Hyundai,I10,Unknown
5595,2014.0,26940,1,Petrol,Mh-01,Automatic,Sedan,752000,Honda,Amaze,Unknown
5596,2018.0,87660,1,Petrol,Ka-01,Automatic,Hatchback,685000,Maruti,Swift,Unknown
5597,2016.0,33405,1,Petrol,Ts-09,Automatic,Sedan,1032000,Maruti,Ciaz,Unknown
5598,2016.0,48115,2,Petrol,Mh-10,Manual,Hatchback,276000,Maruti,Alto K10,Unknown
5599,2019.0,45051,1,Petrol,Ts-02,Manual,Suv,778000,Hyundai,Venue,Unknown
5600,2015.0,38011,2,Petrol,Mh-47,Automatic,Hatchback,474000,Honda,Jazz,Unknown
5601,2013.0,98524,2,Diesel,Ka-05,Manual,Lux_Suv,716000,Mahindra,Xuv500,Unknown
5602,2021.0,8383,1,Petrol,Dl-3C,Automatic,Hatchback,834000,Renault,Kiger,Unknown
5603,2019.0,47644,1,Petrol,Hr-36,Manual,Hatchback,634000,Maruti,Baleno,Unknown
5604,2013.0,84200,1,Diesel,Ap-29,Manual,Hatchback,365000,Maruti,Ritz,Unknown
5605,2015.0,55392,3,Diesel,Mh-03,Automatic,Suv,792000,Hyundai,Creta,Unknown
5606,2014.0,17785,1,Petrol,Ka-03,Automatic,Sedan,1210000,Hyundai,Xcent,Unknown
5607,2016.0,32907,1,Petrol,Ts-07,Manual,Hatchback,500000,Hyundai,Grand I10,Unknown
5608,2014.0,68917,1,Diesel,Hr-26,Manual,Sedan,445000,Honda,City,Unknown
5609,2015.0,109919,2,Diesel,Gj-03,Manual,Sedan,553000,Honda,City,Unknown
5610,2021.0,20331,1,Petrol,Gj-01,Manual,Hatchback,657000,Maruti,Baleno,Unknown
5611,2014.0,65014,1,Petrol,Dl-9C,Manual,Hatchback,311000,Maruti,Wagon R 1.0,Unknown
5612,2017.0,75768,1,Petrol,Gj-05,Manual,Sedan,570000,Maruti,Dzire,Unknown
5613,2019.0,59015,1,Petrol,Pb-91,Automatic,Sedan,955000,Maruti,Ciaz,Unknown
5614,2016.0,59310,1,Petrol,Tn-63,Manual,Hatchback,303000,Hyundai,Eon,Unknown
5615,2019.0,49572,1,Petrol,Hr-51,Manual,Sedan,370000,Maruti,Ciaz,Unknown
5616,2018.0,72021,1,Cng,Dl-4C,Manual,Hatchback,571000,Hyundai,Elite I20,Unknown
5617,2017.0,22447,1,Petrol,Mh-12,Manual,Hatchback,640000,Hyundai,Elite I20,Unknown
5618,2016.0,116178,1,Diesel,Ka-09,Manual,Lux_Suv,1116000,Mahindra,Xuv500,Unknown
5619,2011.0,59051,2,Petrol,Tn-02,Manual,Hatchback,282000,Hyundai,I10,Unknown
5620,2017.0,48220,1,Petrol,Pb-65,Manual,Hatchback,362000,Maruti,Alto K10,Unknown
5621,2018.0,91190,1,Diesel,Tn-14,Automatic,Sedan,613000,Toyota,Yaris,Unknown
5622,2012.0,63140,1,Petrol,Dl-3C,Automatic,Lux_Sedan,496000,Toyota,Corolla Altis,Unknown
5623,2012.0,30341,2,Cng,Hr-02,Manual,Sedan,929000,Honda,City,Unknown
5624,2013.0,58790,1,Petrol,Ka-03,Manual,Hatchback,321000,Honda,Brio,Unknown
5625,2011.0,70301,1,Petrol,Ka-05,Manual,Hatchback,257000,Hyundai,Santro Xing,Unknown
5626,2015.0,101067,2,Petrol,Unknown,Manual,Hatchback,335000,Hyundai,Grand I10,Unknown
5627,2013.0,74281,1,Diesel,Mh-14,Manual,Sedan,683000,Hyundai,Verna,Unknown
5628,2022.0,8786,1,Petrol,Dl-12,Automatic,Hatchback,573000,Renault,Kwid,Unknown
5629,2022.0,19148,1,Petrol,Tn-45,Manual,Suv,1010000,Mahindra,Xuv 3Oo,Unknown
5630,2012.0,52892,3,Petrol,Mh-46,Manual,Hatchback,213000,Hyundai,I10,Unknown
5631,2019.0,77171,1,Cng,Mh-46,Manual,Hatchback,500000,Maruti,New Wagon-R,Unknown
5632,2021.0,9457,1,Petrol,Tn-05,Automatic,Suv,811000,Tata,Punch,Unknown
5633,2020.0,95612,1,Petrol,Dl-8C,Automatic,Sedan,860000,Hyundai,Aura,Unknown
5634,2020.0,61922,1,Petrol,Ka-01,Automatic,Suv,944000,Tata,Nexon,Unknown
5635,2019.0,14159,1,Petrol,Gj-15,Manual,Hatchback,322000,Maruti,Alto,Unknown
5636,2018.0,26246,1,Petrol,Dl-12,Automatic,Suv,843000,Ford,Ecosport,Unknown
5637,2016.0,31615,1,Petrol,Ka-53,Manual,Sedan,803000,Maruti,Swift Dzire,Unknown
5638,2016.0,76039,2,Petrol,Ka-01,Automatic,Hatchback,452000,Maruti,Celerio,Unknown
5639,2013.0,97871,2,Diesel,Ka-02,Manual,Hatchback,504000,Maruti,Swift,Unknown
5640,2015.0,68548,3,Petrol,Mh-12,Manual,Hatchback,342000,Maruti,Wagon R 1.0,Unknown
5641,2016.0,84068,2,Diesel,Tn-12,Manual,Sedan,748000,Maruti,Ciaz,Unknown
5642,2017.0,61770,1,Petrol,Dl-4C,Automatic,Suv,945000,Hyundai,Creta,Unknown
5643,2014.0,6505,1,Cng,Hr-29,Manual,Sedan,899000,Maruti,Swift Dzire,Unknown
5644,2021.0,114377,2,Petrol,Unknown,Manual,Sedan,460000,Skoda,Rapid,Unknown
5645,2018.0,55152,1,Petrol,Ka-53,Manual,Hatchback,762400,Hyundai,Elite I20,Unknown
5646,2019.0,56593,1,Petrol,Mh-14,Manual,Hatchback,605000,Hyundai,Elite I20,Unknown
5647,2019.0,83314,1,Petrol,Gj-05,Manual,Sedan,627000,Maruti,Dzire,Unknown
5648,2017.0,76039,1,Petrol,Dl-8C,Manual,Hatchback,458000,Maruti,Swift,Unknown
5649,2017.0,38218,2,Petrol,Ka-35,Automatic,Hatchback,669000,Maruti,Baleno,Unknown
5650,2017.0,43477,1,Petrol,Tn-13,Automatic,Hatchback,608000,Maruti,Baleno,Unknown
5651,2020.0,74571,2,Cng,Hr-30,Manual,Hatchback,460000,Maruti,Celerio,Unknown
5652,2017.0,86329,1,Cng,Mh-05,Manual,Suv,801000,Maruti,Ertiga,Unknown
5653,2014.0,42988,2,Petrol,Tn-12,Manual,Hatchback,271000,Maruti,Alto 800,Unknown
5654,2019.0,31653,1,Petrol,Hr-87,Manual,Hatchback,526000,Maruti,Swift,Unknown
5655,2022.0,13918,1,Petrol,Ts-07,Manual,Suv,948000,Nissan,Magnite,Unknown
5656,2016.0,79683,1,Diesel,Rj-14,Manual,Sedan,541000,Maruti,Swift Dzire,Unknown
5657,2010.0,52793,1,Petrol,Dl-4C,Manual,Sedan,518000,Honda,City,Unknown
5658,2018.0,31604,2,Petrol,Ka-01,Manual,Hatchback,374000,Maruti,Alto K10,Unknown
5659,2019.0,38093,1,Petrol,Ka-51,Automatic,Suv,1638000,Kia,Seltos,Unknown
5660,2019.0,42455,1,Petrol,Gj-23,Automatic,Hatchback,606000,Maruti,Swift,Unknown
5661,2018.0,89525,2,Petrol,Ts-09,Manual,Sedan,649000,Honda,Amaze,Unknown
5662,2016.0,21728,1,Petrol,Ka-04,Manual,Hatchback,709000,Maruti,Baleno,Unknown
5663,2017.0,32550,2,Petrol,Dl-10,Manual,Hatchback,508000,Maruti,Baleno,Unknown
5664,2016.0,80190,1,Petrol,Ka-53,Manual,Hatchback,460000,Maruti,Wagon R 1.0,Unknown
5665,2017.0,40248,2,Petrol,Dl-8C,Manual,Hatchback,451000,Hyundai,Grand I10,Unknown
5666,2018.0,29458,1,Petrol,Ka-03,Manual,Hatchback,618000,Honda,Jazz,Unknown
5667,2018.0,81010,1,Petrol,Ka-03,Manual,Sedan,483000,Maruti,Dzire,Unknown
5668,2016.0,102185,1,Petrol,Unknown,Manual,Hatchback,300000,Maruti,Alto K10,Unknown
5669,2018.0,59512,2,Petrol,Ts-09,Automatic,Hatchback,727000,Maruti,Baleno,Unknown
5670,2011.0,109956,1,Petrol,Unknown,Manual,Hatchback,224000,Hyundai,I20,Unknown
5671,2017.0,83673,1,Petrol,Dl-1C,Manual,Hatchback,307000,Maruti,Wagon R 1.0,Unknown
5672,2010.0,81627,1,Petrol,Ap-13,Manual,Hatchback,181000,Hyundai,Santro Xing,Unknown
5673,2020.0,11840,2,Diesel,Ka-51,Manual,Suv,1374000,Kia,Seltos,Unknown
5674,2022.0,13218,1,Petrol,Pb-03,Automatic,Hatchback,741000,Tata,Tiago Nrg,Unknown
5675,2013.0,28501,1,Petrol,Mh-02,Manual,Hatchback,316000,Maruti,Ritz,Unknown
5676,2012.0,65501,1,Petrol,Mh-12,Manual,Sedan,796000,Maruti,Swift Dzire,Unknown
5677,2022.0,11658,1,Petrol,Gj-01,Automatic,Hatchback,941000,Maruti,Baleno,Unknown
5678,2016.0,55425,1,Petrol,Up-14,Manual,Suv,727000,Hyundai,Creta,Unknown
5679,2014.0,90396,1,Diesel,Ts-07,Manual,Sedan,500000,Maruti,Swift Dzire,Unknown
5680,2018.0,33563,2,Petrol,Up-16,Manual,Hatchback,428000,Tata,Tiago,Unknown
5681,2013.0,59493,1,Petrol,Gj-03,Manual,Hatchback,317000,Honda,Brio,Unknown
5682,2021.0,26606,1,Diesel,Gj-18,Automatic,Suv,1084000,Tata,Nexon,Unknown
5683,2018.0,81020,1,Petrol,Mh-16,Automatic,Hatchback,458000,Maruti,Wagon R 1.0,Unknown
5684,2017.0,98410,1,Petrol,Kl-63,Manual,Suv,575000,Ford,Ecosport,Unknown
5685,2019.0,36188,1,Petrol,Tn-14,Manual,Hatchback,409000,Renault,Kwid,Unknown
5686,2015.0,26285,1,Petrol,Mh-02,Manual,Sedan,501000,Maruti,Swift Dzire,Unknown
5687,2013.0,65393,1,Petrol,Dl-9C,Manual,Hatchback,264000,Honda,Brio,Unknown
5688,2010.0,89071,2,Petrol,Ap-10,Manual,Hatchback,151000,Maruti,Alto,Unknown
5689,2019.0,16657,1,Petrol,Mh-47,Manual,Hatchback,503000,Hyundai,New Santro,Unknown
5690,2016.0,37162,1,Petrol,Ka-41,Manual,Sedan,600000,Maruti,Swift Dzire,Unknown
5691,2018.0,51496,2,Petrol,Gj-06,Manual,Suv,670000,Honda,Wr-V,Unknown
5692,2019.0,71910,1,Cng,Hr-13,Manual,Hatchback,465200,Maruti,Celerio,Unknown
5693,2015.0,59990,1,Petrol,Ts-09,Manual,Hatchback,476000,Maruti,Swift,Unknown
5694,2021.0,39677,1,Petrol,Rj-45,Manual,Suv,819600,Ford,Ecosport,Unknown
5695,2019.0,55812,1,Petrol,Ts-07,Manual,Hatchback,561000,Hyundai,Grand I10,Unknown
5696,2016.0,75876,1,Petrol,Tn-14,Manual,Hatchback,590000,Maruti,Baleno,Unknown
5697,2020.0,40242,1,Cng,Dl-12,Manual,Hatchback,516000,Maruti,New Wagon-R,Unknown
5698,2019.0,72494,1,Petrol,Ka-12,Manual,Hatchback,606000,Maruti,Swift,Unknown
5699,2019.0,27869,1,Petrol,Mh-49,Manual,Hatchback,656000,Toyota,Glanza,Unknown
5700,2018.0,22239,1,Petrol,Ka-01,Automatic,Hatchback,680000,Maruti,Swift,Unknown
5701,2022.0,1410,1,Cng,Wb-06,Manual,Hatchback,607000,Tata,Tiago,Unknown
5702,2019.0,32346,1,Petrol,Hr-35,Manual,Hatchback,552000,Maruti,Baleno,Unknown
5703,2018.0,54309,2,Petrol,Dl-9C,Manual,Hatchback,465000,Maruti,Swift,Unknown
5704,2015.0,67791,2,Diesel,Ka-05,Manual,Hatchback,682000,Maruti,Swift,Unknown
5705,2018.0,44626,1,Petrol,Up-14,Manual,Hatchback,433000,Hyundai,Grand I10,Unknown
5706,2018.0,54156,1,Petrol,Ts-07,Manual,Hatchback,436000,Maruti,Celerio X,Unknown
5707,2022.0,8861,1,Petrol,Kl-01,Manual,Suv,852000,Tata,Punch,Unknown
5708,2012.0,107156,3,Petrol,Unknown,Manual,Hatchback,255000,Honda,Brio,Unknown
5709,2015.0,59987,2,Petrol,Dl-10,Manual,Hatchback,520000,Hyundai,Elite I20,Unknown
5710,2014.0,43727,1,Petrol,Mh-12,Manual,Sedan,486000,Hyundai,Xcent,Unknown
5711,2014.0,77005,2,Diesel,Mp-09,Manual,Hatchback,389000,Maruti,Swift,Unknown
5712,2015.0,30105,1,Petrol,Dl-12,Automatic,Hatchback,488000,Hyundai,Grand I10,Unknown
5713,2012.0,124458,2,Diesel,Ka-04,Automatic,Sedan,486000,Skoda,Rapid,Unknown
5714,2017.0,60581,1,Petrol,Kl-03,Manual,Hatchback,264000,Maruti,Alto 800,Unknown
5715,2019.0,34980,2,Petrol,Kl-16,Manual,Suv,546000,Ford,Freestyle,Unknown
5716,2014.0,61069,1,Diesel,Mh-05,Manual,Hatchback,394000,Hyundai,Grand I10,Unknown
5717,2011.0,74895,2,Petrol,Mh-12,Manual,Hatchback,244000,Hyundai,I10,Unknown
5718,2021.0,17843,2,Petrol,Ka-01,Manual,Hatchback,404000,Maruti,Alto,Unknown
5719,2017.0,88228,1,Petrol,Gj-01,Manual,Suv,737000,Honda,Br-V,Unknown
5720,2015.0,19219,1,Petrol,Mh-05,Manual,Hatchback,260000,Maruti,Alto 800,Unknown
5721,2017.0,18470,2,Petrol,Tn-02,Manual,Hatchback,479000,Hyundai,Grand I10,Unknown
5722,2022.0,14023,1,Petrol,Tn-02,Manual,Hatchback,479000,Renault,Kwid,Unknown
5723,2018.0,42162,2,Petrol,Ka-03,Automatic,Hatchback,681000,Maruti,Swift,Unknown
5724,2018.0,33329,1,Petrol,Tn-14,Manual,Sedan,817000,Honda,City,Unknown
5725,2017.0,27626,1,Petrol,Up-32,Automatic,Hatchback,615000,Maruti,Baleno,Unknown
5726,2019.0,23022,1,Petrol,Ts-10,Manual,Hatchback,748000,Hyundai,Elite I20,Unknown
5727,2020.0,27890,1,Petrol,Mh-31,Automatic,Hatchback,434000,Maruti,S Presso,Unknown
5728,2018.0,45076,1,Petrol,Ts-09,Manual,Hatchback,321000,Maruti,Alto 800,Unknown
5729,2016.0,20907,1,Petrol,Tn-21,Manual,Lux_Suv,1197000,Hyundai,Tucson New,Unknown
5730,2020.0,47278,1,Diesel,Mh-14,Automatic,Sedan,1269000,Maruti,Dzire,Unknown
5731,2021.0,30176,1,Petrol,Mh-05,Manual,Hatchback,620000,Maruti,Swift,Unknown
5732,2014.0,65861,3,Diesel,Tn-19,Automatic,Sedan,668000,Honda,City,Unknown
5733,2014.0,48144,1,Petrol,Hr-51,Manual,Sedan,491000,Honda,Amaze,Unknown
5734,2018.0,108918,1,Petrol,Unknown,Manual,Suv,740000,Honda,Wr-V,Unknown
5735,2016.0,57445,1,Petrol,Tn-04,Manual,Hatchback,467000,Hyundai,Grand I10,Unknown
5736,2011.0,86777,1,Petrol,Dl-7C,Manual,Hatchback,220000,Hyundai,I10,Unknown
5737,2020.0,63298,1,Petrol,Ts-05,Manual,Hatchback,403000,Maruti,S Presso,Unknown
5738,2018.0,28733,1,Petrol,Tn-09,Manual,Hatchback,320000,Datsun,Redi Go,Unknown
5739,2021.0,79380,1,Petrol,Mh-04,Automatic,Sedan,842000,Toyota,Yaris,Unknown
5740,2018.0,61975,1,Petrol,Ts-29,Automatic,Hatchback,401000,Renault,Kwid,Unknown
5741,2010.0,63799,3,Petrol,Wb-06,Manual,Sedan,227000,Honda,City,Unknown
5742,2019.0,99103,1,Diesel,Wb-08,Manual,Sedan,301000,Volkswagen,Ameo,Unknown
5743,2020.0,81644,1,Petrol,Up-14,Manual,Suv,894000,Maruti,Xl6,Unknown
5744,2019.0,61306,2,Petrol,Mh-02,Automatic,Sedan,576000,Honda,Amaze,Unknown
5745,2016.0,42175,2,Petrol,Mh-02,Manual,Sedan,327000,Volkswagen,Ameo,Unknown
5746,2020.0,79358,1,Cng,Mh-14,Manual,Hatchback,384000,Maruti,Alto,Unknown
5747,2015.0,79125,1,Petrol,Gj-01,Manual,Sedan,580000,Volkswagen,Vento,Unknown
5748,2017.0,37755,1,Diesel,Wb-26,Manual,Suv,628000,Mahindra,Tuv300,Unknown
5749,2014.0,83695,1,Petrol,Kl-08,Manual,Hatchback,406000,Volkswagen,Polo,Unknown
5750,2015.0,89150,1,Petrol,Gj-01,Manual,Sedan,409000,Honda,City,Unknown
5751,2021.0,52134,1,Petrol,Gj-15,Manual,Hatchback,802000,Tata,Altroz,Unknown
5752,2014.0,64736,1,Petrol,Ts-10,Manual,Hatchback,396000,Honda,Brio,Unknown
5753,2016.0,25318,2,Petrol,Dl-9C,Manual,Hatchback,399000,Maruti,Celerio,Unknown
5754,2014.0,96850,2,Petrol,Ka-04,Manual,Sedan,332000,Maruti,Swift Dzire,Unknown
5755,2016.0,67184,1,Diesel,Ka-03,Automatic,Sedan,705000,Honda,City,Unknown
5756,2015.0,78240,1,Petrol,Mh-05,Manual,Hatchback,501000,Hyundai,Elite I20,Unknown
5757,2017.0,55856,2,Petrol,Dl-8C,Manual,Hatchback,531000,Hyundai,Elite I20,Unknown
5758,2018.0,56429,1,Petrol,Ka-09,Manual,Hatchback,495000,Hyundai,New Santro,Unknown
5759,2014.0,35895,1,Petrol,Mh-43,Manual,Sedan,464000,Honda,Amaze,Unknown
5760,2014.0,101010,2,Cng,Mh-04,Manual,Hatchback,476000,Hyundai,Elite I20,Unknown
5761,2015.0,74997,1,Diesel,Ka-04,Automatic,Sedan,709000,Volkswagen,Vento,Unknown
5762,2018.0,33105,1,Petrol,Tn-12,Manual,Hatchback,500000,Hyundai,Grand I10,Unknown
5763,2015.0,73944,1,Petrol,Ts-07,Manual,Hatchback,271000,Maruti,Alto 800,Unknown
5764,2013.0,113498,1,Diesel,Ka-19,Manual,Hatchback,465000,Maruti,Swift,Unknown
5765,2014.0,53487,2,Petrol,Wb-06,Manual,Sedan,459000,Honda,City,Unknown
5766,2010.0,82291,1,Petrol,Ka-51,Manual,Sedan,513000,Maruti,Swift Dzire,Unknown
5767,2012.0,50076,1,Petrol,Tn-22,Manual,Hatchback,317000,Honda,Brio,Unknown
5768,2019.0,77169,1,Petrol,Hr-29,Manual,Hatchback,629000,Maruti,Baleno,Unknown
5769,2019.0,26338,1,Petrol,Dl-6C,Automatic,Suv,1044000,Hyundai,Venue,Unknown
5770,2012.0,106516,1,Diesel,Ka-01,Manual,Hatchback,470000,Maruti,Swift,Unknown
5771,2018.0,95385,1,Petrol,Gj-26,Manual,Hatchback,327000,Maruti,Alto 800,Unknown
5772,2017.0,39530,1,Petrol,Wb-02,Manual,Suv,565000,Ford,Ecosport,Unknown
5773,2011.0,22955,2,Petrol,Dl-8C,Manual,Hatchback,201000,Maruti,Wagon R 1.0,Unknown
5774,2020.0,9063,1,Petrol,Ka-03,Automatic,Hatchback,783000,Tata,Tiago,Unknown
5775,2018.0,13957,1,Petrol,Ka-01,Manual,Hatchback,385000,Hyundai,Eon,Unknown
5776,2018.0,44719,1,Diesel,Pb-10,Automatic,Suv,811000,Maruti,Vitara Brezza,Unknown
5777,2016.0,58075,1,Cng,Mh-05,Manual,Hatchback,617000,Maruti,Baleno,Unknown
5778,2022.0,5356,1,Petrol,Ka-03,Manual,Suv,1525000,Volkswagen,Taigun,Unknown
5779,2019.0,39925,1,Petrol,Gj-19,Manual,Hatchback,309000,Maruti,Alto,Unknown
5780,2022.0,8173,1,Cng,Gj-09,Manual,Sedan,842000,Tata,Tigor,Unknown
5781,2020.0,36693,1,Petrol,Hr-51,Manual,Hatchback,339000,Maruti,Alto,Unknown
5782,2016.0,118214,2,Diesel,Ts-10,Automatic,Suv,671000,Renault,Duster,Unknown
5783,2016.0,52612,1,Petrol,Ka-53,Manual,Hatchback,620000,Maruti,Baleno,Unknown
5784,2016.0,33820,1,Petrol,Dl-4C,Automatic,Sedan,840000,Honda,City,Unknown
5785,2015.0,58716,1,Petrol,Hr-06,Automatic,Hatchback,543000,Volkswagen,Polo,Unknown
5786,2018.0,24571,1,Petrol,Hr-26,Automatic,Hatchback,683000,Maruti,Baleno,Unknown
5787,2020.0,51768,1,Petrol,Dl-1C,Manual,Hatchback,513650,Maruti,Swift,Unknown
5788,2020.0,68303,2,Petrol,Ka-09,Manual,Sedan,1233000,Volkswagen,Vento,Unknown
5789,2016.0,91825,1,Diesel,Gj-03,Automatic,Lux_Suv,2666000,Jeep,Grand Cherokee,Unknown
5790,2017.0,7734,1,Petrol,Gj-05,Manual,Hatchback,546000,Maruti,Swift,Unknown
5791,2017.0,99302,1,Petrol,Gj-13,Manual,Hatchback,525000,Hyundai,Grand I10,Unknown
5792,2014.0,85119,1,Petrol,Wb-24,Manual,Hatchback,172650,Maruti,Alto 800,Unknown
5793,2021.0,11712,1,Petrol,Ka-05,Automatic,Suv,868000,Renault,Triber,Unknown
5794,2014.0,66402,1,Petrol,Dl-2C,Manual,Hatchback,320000,Maruti,Wagon R 1.0,Unknown
5795,2018.0,30432,1,Petrol,Mh-04,Manual,Sedan,612000,Maruti,Dzire,Unknown
5796,2020.0,18420,1,Petrol,Pb-91,Automatic,Hatchback,663000,Tata,Tiago,Unknown
5797,2010.0,95627,3,Petrol,Ap-09,Manual,Hatchback,205000,Hyundai,Santro Xing,Unknown
5798,2021.0,25400,1,Petrol,Ka-63,Automatic,Hatchback,1144000,Hyundai,New I20,Unknown
5799,2018.0,59997,2,Petrol,Dl-9C,Manual,Sedan,357000,Tata,Tigor,Unknown
5800,2013.0,92202,1,Diesel,Wb-02,Manual,Hatchback,315000,Maruti,Swift,Unknown
5801,2020.0,10393,1,Petrol,Dl-9C,Manual,Hatchback,700000,Maruti,Baleno,Unknown
5802,2018.0,55658,1,Petrol,Gj-03,Manual,Hatchback,324000,Maruti,Alto 800,Unknown
5803,2020.0,36270,2,Petrol,Gj-32,Manual,Hatchback,335350,Maruti,Alto,Unknown
5804,2018.0,39125,2,Petrol,Ts-07,Manual,Hatchback,559000,Hyundai,Grand I10,Unknown
5805,2014.0,39078,1,Petrol,Ka-53,Manual,Hatchback,550000,Hyundai,I20,Unknown
5806,2015.0,24361,2,Petrol,Dl-3C,Automatic,Hatchback,303000,Maruti,Alto K10,Unknown
5807,2014.0,33342,2,Petrol,Wb-08,Manual,Hatchback,256000,Maruti,Wagon R 1.0,Unknown
5808,2010.0,41987,1,Petrol,Ka-25,Manual,Hatchback,234000,Maruti,Alto K10,Unknown
5809,2017.0,22591,2,Petrol,Hr-51,Manual,Suv,768000,Hyundai,Creta,Unknown
5810,2016.0,65991,2,Petrol,Gj-23,Manual,Hatchback,506000,Maruti,Swift,Unknown
5811,2012.0,74379,1,Diesel,Mh-46,Manual,Hatchback,419000,Maruti,Swift,Unknown
5812,2014.0,24501,3,Petrol,Wb-24,Manual,Hatchback,209000,Hyundai,Eon,Unknown
5813,2020.0,23475,1,Petrol,Tn-18,Manual,Hatchback,650000,Maruti,Swift,Unknown
5814,2019.0,52162,1,Petrol,Gj-23,Manual,Hatchback,329000,Maruti,Alto,Unknown
5815,2013.0,91821,2,Petrol,Ap-29,Manual,Hatchback,331000,Maruti,Wagon R 1.0,Unknown
5816,2017.0,58998,1,Petrol,Ka-36,Automatic,Sedan,627000,Honda,Amaze,Unknown
5817,2019.0,21722,1,Petrol,Ka-03,Manual,Hatchback,416000,Renault,Kwid,Unknown
5818,2020.0,62388,1,Diesel,Up-16,Manual,Suv,1082000,Mahindra,Xuv 3Oo,Unknown
5819,2019.0,105662,1,Petrol,Unknown,Manual,Sedan,490000,Honda,Amaze,Unknown
5820,2021.0,43062,1,Petrol,Hr-14,Manual,Hatchback,600000,Maruti,Swift,Unknown
5821,2021.0,6001,1,Petrol,Gj-06,Automatic,Hatchback,816000,Maruti,Baleno,Unknown
5822,2021.0,57662,1,Petrol,Kl-80,Manual,Suv,606000,Ford,Freestyle,Unknown
5823,2021.0,12549,1,Petrol,Ch-01,Manual,Suv,700000,Renault,Triber,Unknown
5824,2014.0,95624,1,Petrol,Wb-08,Manual,Hatchback,396000,Hyundai,Elite I20,Unknown
5825,2019.0,31638,1,Petrol,Ts-07,Manual,Sedan,951000,Maruti,Ciaz,Unknown
5826,2018.0,25178,2,Petrol,Mh-01,Manual,Suv,627000,Tata,Nexon,Unknown
5827,2014.0,86577,2,Petrol,Ka-04,Automatic,Hatchback,468000,Hyundai,Grand I10,Unknown
5828,2016.0,86431,2,Petrol,Tn-12,Manual,Hatchback,527000,Volkswagen,Polo,Unknown
5829,2013.0,71576,1,Petrol,Dl-3C,Manual,Hatchback,259000,Maruti,Wagon R 1.0,Unknown
5830,2018.0,40069,2,Petrol,Mh-40,Manual,Hatchback,292000,Maruti,Alto 800,Unknown
5831,2019.0,60765,1,Diesel,Gj-38,Manual,Suv,589000,Ford,Freestyle,Unknown
5832,2022.0,9205,1,Petrol,Gj-02,Manual,Hatchback,697000,Volkswagen,Polo,Unknown
5833,2015.0,25121,1,Petrol,Ts-11,Manual,Hatchback,284000,Hyundai,Eon,Unknown
5834,2017.0,63734,2,Diesel,Tn-09,Manual,Hatchback,646000,Hyundai,Elite I20,Unknown
5835,2021.0,39403,1,Diesel,Mh-04,Automatic,Suv,1299000,Mahindra,Xuv 3Oo,Unknown
5836,2018.0,63256,1,Petrol,Gj-01,Manual,Hatchback,606000,Maruti,Baleno,Unknown
5837,2022.0,12907,1,Petrol,Up-14,Automatic,Hatchback,962000,Renault,Kiger,Unknown
5838,2021.0,9647,1,Petrol,Dl-3C,Manual,Hatchback,488000,Maruti,Celerio,Unknown
5839,2018.0,52724,1,Diesel,Gj-06,Manual,Suv,881000,Maruti,Ertiga,Unknown
5840,2016.0,71947,1,Petrol,Br-01,Automatic,Hatchback,320000,Maruti,Wagon R 1.0,Unknown
5841,2013.0,68652,1,Petrol,Rj-14,Manual,Hatchback,197000,Hyundai,Eon,Unknown
5842,2017.0,59956,1,Petrol,Tn-05,Manual,Suv,687000,Tata,Nexon,Unknown
5843,2012.0,46903,1,Petrol,Mh-01,Manual,Sedan,370000,Honda,City,Unknown
5844,2014.0,98253,2,Petrol,Hr-26,Manual,Hatchback,341000,Hyundai,I20,Unknown
5845,2013.0,77272,2,Petrol,Mh-12,Manual,Hatchback,226000,Hyundai,Santro Xing,Unknown
5846,2016.0,50199,2,Petrol,Tn-04,Manual,Hatchback,570000,Honda,Jazz,Unknown
5847,2016.0,53492,1,Petrol,Mh-12,Manual,Sedan,672000,Maruti,Ciaz,Unknown
5848,2019.0,62795,1,Petrol,Ts-07,Manual,Hatchback,584000,Hyundai,Grand I10,Unknown
5849,2019.0,23694,1,Petrol,Dl-11,Automatic,Suv,873000,Tata,Nexon,Unknown
5850,2016.0,71144,1,Petrol,Ts-07,Automatic,Sedan,752000,Hyundai,Verna,Unknown
5851,2010.0,76641,2,Petrol,Wb-12,Manual,Hatchback,155000,Hyundai,I10,Unknown
5852,2012.0,78175,3,Petrol,Hr-51,Manual,Hatchback,244000,Honda,Brio,Unknown
5853,2018.0,30817,1,Petrol,Kl-54,Manual,Hatchback,437000,Maruti,Wagon R 1.0,Unknown
5854,2017.0,91203,2,Cng,Mh-02,Manual,Hatchback,340000,Maruti,Wagon R 1.0,Unknown
5855,2016.0,88947,1,Cng,Dl-12,Manual,Hatchback,541000,Hyundai,Elite I20,Unknown
5856,2016.0,62347,1,Petrol,Ts-09,Automatic,Suv,678000,Ford,Ecosport,Unknown
5857,2018.0,70022,1,Petrol,Ts-07,Automatic,Suv,813000,Tata,Nexon,Unknown
5858,2021.0,60222,1,Diesel,Ch-01,Manual,Hatchback,789000,Tata,Altroz,Unknown
5859,2012.0,64266,2,Petrol,Mp-04,Manual,Hatchback,267000,Hyundai,I10,Unknown
5860,2019.0,69821,1,Cng,Dl-5C,Manual,Hatchback,528000,Maruti,New Wagon-R,Unknown
5861,2017.0,89380,2,Petrol,Br-06,Manual,Hatchback,348000,Toyota,Etios Liva,Unknown
5862,2018.0,54611,1,Petrol,Ts-15,Manual,Hatchback,377000,Maruti,Alto K10,Unknown
5863,2012.0,97945,2,Petrol,Ka-51,Manual,Hatchback,320000,Honda,Jazz,Unknown
5864,2016.0,110267,2,Petrol,Unknown,Manual,Hatchback,369000,Nissan,Micra Active,Unknown
5865,2021.0,21969,1,Petrol,Dl-6C,Manual,Hatchback,369200,Maruti,Alto,Unknown
5866,2019.0,73862,1,Petrol,Gj-01,Manual,Sedan,587000,Maruti,Dzire,Unknown
5867,2016.0,50906,1,Diesel,Gj-01,Automatic,Suv,913000,Hyundai,Creta,Unknown
5868,2017.0,101161,1,Petrol,Unknown,Manual,Sedan,299000,Honda,City,Unknown
5869,2021.0,12763,1,Petrol,Ka-04,Manual,Suv,1403000,Kia,Seltos,Unknown
5870,2014.0,69819,2,Petrol,Dl-4C,Manual,Sedan,228000,Hyundai,Verna,Unknown
5871,2018.0,30264,1,Petrol,Gj-01,Manual,Hatchback,695000,Hyundai,Elite I20,Unknown
5872,2019.0,51729,2,Diesel,Ts-10,Manual,Hatchback,610000,Tata,Tiago,Unknown
5873,2020.0,61919,1,Diesel,Ka-05,Manual,Suv,1015000,Hyundai,Venue,Unknown
5874,2020.0,27058,1,Petrol,Hr-30,Manual,Suv,757000,Hyundai,Venue,Unknown
5875,2017.0,27037,1,Petrol,Tn-18,Manual,Hatchback,458000,Maruti,Wagon R 1.0,Unknown
5876,2017.0,72260,1,Petrol,Ch-01,Manual,Sedan,282000,Maruti,Dzire,Unknown
5877,2017.0,95581,1,Petrol,Gj-01,Automatic,Hatchback,549225,Honda,Jazz,Unknown
5878,2019.0,52650,1,Petrol,Mh-12,Automatic,Sedan,818000,Honda,City,Unknown
5879,2017.0,41572,1,Petrol,Mh-03,Manual,Hatchback,278000,Maruti,Alto 800,Unknown
5880,2016.0,50071,1,Diesel,Tn-22,Manual,Sedan,786000,Maruti,Swift Dzire,Unknown
5881,2017.0,60388,2,Petrol,Mh-04,Manual,Hatchback,321000,Hyundai,Eon,Unknown
5882,2017.0,28134,2,Petrol,Ka-50,Manual,Hatchback,347000,Maruti,Alto K10,Unknown
5883,2019.0,66399,1,Petrol,Ka-04,Automatic,Sedan,900000,Maruti,Ciaz,Unknown
5884,2011.0,89933,2,Petrol,Hr-26,Manual,Sedan,292000,Honda,City,Unknown
5885,2014.0,57053,1,Petrol,Dl-8C,Manual,Suv,577000,Maruti,Ertiga,Unknown
5886,2020.0,35341,1,Petrol,Rj-45,Manual,Hatchback,655000,Hyundai,Elite I20,Unknown
5887,2012.0,35297,1,Petrol,Dl-9C,Manual,Hatchback,196000,Maruti,Alto K10,Unknown
5888,2017.0,70259,1,Diesel,Ts-07,Manual,Hatchback,690000,Maruti,Baleno,Unknown
5889,2015.0,12034,2,Petrol,Br-01,Manual,Hatchback,360000,Maruti,Wagon R Stingray,Unknown
5890,2021.0,12247,1,Petrol,Wb-02,Automatic,Hatchback,522000,Renault,Kwid,Unknown
5891,2019.0,39141,1,Petrol,Tn-22,Manual,Hatchback,371000,Renault,Kwid,Unknown
5892,2010.0,90039,1,Petrol,Hr-26,Manual,Sedan,216000,Maruti,Swift Dzire,Unknown
5893,2013.0,91854,1,Petrol,Ka-03,Automatic,Sedan,470000,Honda,City,Unknown
5894,2015.0,76485,1,Petrol,Ka-53,Manual,Hatchback,555000,Maruti,Swift,Unknown
5895,2021.0,37773,1,Petrol,Up-32,Manual,Hatchback,618250,Tata,Altroz,Unknown
5896,2021.0,36504,1,Petrol,Up-44,Manual,Hatchback,773000,Toyota,Glanza,Unknown
5897,2019.0,38658,1,Petrol,Up-32,Manual,Hatchback,552000,Maruti,Baleno,Unknown
5898,2022.0,16749,1,Petrol,Pb-91,Manual,Sedan,761000,Hyundai,Aura,Unknown
5899,2018.0,29484,1,Petrol,Ka-41,Manual,Hatchback,535000,Maruti,Celerio,Unknown
5900,2016.0,77631,1,Petrol,Ka-04,Manual,Hatchback,591000,Hyundai,Elite I20,Unknown
5901,2016.0,88415,2,Petrol,Ka-03,Automatic,Suv,703000,Ford,Ecosport,Unknown
5902,2019.0,20203,1,Petrol,Up-25,Manual,Hatchback,489000,Hyundai,Grand I10 Nios,Unknown
5903,2016.0,70572,2,Petrol,Gj-05,Automatic,Hatchback,361000,Maruti,Wagon R 1.0,Unknown
5904,2021.0,12973,1,Petrol,Mh-05,Manual,Suv,940000,Tata,Nexon,Unknown
5905,2011.0,71144,2,Petrol,Mh-02,Automatic,Hatchback,296000,Hyundai,I10,Unknown
5906,2017.0,44351,1,Petrol,Mh-12,Automatic,Hatchback,383000,Maruti,Alto K10,Unknown
5907,2017.0,74249,1,Petrol,Dl-8C,Manual,Hatchback,501000,Maruti,Baleno,Unknown
5908,2018.0,12443,1,Petrol,Gj-03,Manual,Hatchback,334000,Maruti,Alto 800,Unknown
5909,2018.0,57243,1,Petrol,Up-78,Manual,Sedan,690000,Maruti,Dzire,Unknown
5910,2016.0,123776,2,Diesel,Mh-05,Manual,Suv,665000,Maruti,Vitara Brezza,Unknown
5911,2019.0,23439,1,Petrol,Ka-05,Automatic,Hatchback,505000,Renault,Kwid,Unknown
5912,2010.0,60716,1,Petrol,Mh-12,Manual,Hatchback,229000,Hyundai,I10,Unknown
5913,2017.0,86678,3,Petrol,Ka-01,Automatic,Hatchback,437000,Maruti,Celerio,Unknown
5914,2015.0,60289,1,Petrol,Ka-51,Manual,Hatchback,476000,Hyundai,Grand I10,Unknown
5915,2019.0,33057,1,Cng,Up-14,Manual,Hatchback,565000,Hyundai,New Santro,Unknown
5916,2014.0,53677,1,Petrol,Ka-04,Manual,Hatchback,544000,Hyundai,I20,Unknown
5917,2020.0,882,1,Petrol,Up-32,Manual,Sedan,794000,Hyundai,Aura,Unknown
5918,2011.0,106094,1,Petrol,Unknown,Manual,Hatchback,243000,Hyundai,I20,Unknown
5919,2017.0,63709,1,Diesel,Mh-12,Automatic,Sedan,1138000,Honda,City,Unknown
5920,2020.0,3470,1,Petrol,Ka-05,Manual,Sedan,913000,Skoda,Rapid,Unknown
5921,2021.0,37535,1,Petrol,Mh-02,Automatic,Sedan,662000,Volkswagen,Vento,Unknown
5922,2021.0,21967,1,Petrol,Dl-8C,Automatic,Suv,807000,Nissan,Magnite,Unknown
5923,2022.0,8463,1,Petrol,Tn-25,Manual,Hatchback,668000,Maruti,Ignis,Unknown
5924,2020.0,38639,1,Petrol,Gj-01,Manual,Suv,752000,Maruti,Vitara Brezza,Unknown
5925,2013.0,116737,1,Diesel,Ka-51,Manual,Sedan,649000,Honda,Amaze,Unknown
5926,2013.0,62049,1,Petrol,Mh-03,Manual,Hatchback,259000,Hyundai,I10,Unknown
5927,2017.0,74340,2,Petrol,Ts-10,Manual,Hatchback,326000,Maruti,Alto K10,Unknown
5928,2016.0,17000,1,Petrol,Ka-53,Manual,Hatchback,782000,Hyundai,Elite I20,Unknown
5929,2016.0,65484,1,Petrol,Wb-02,Manual,Sedan,555000,Honda,City,Unknown
5930,2012.0,68473,1,Petrol,Wb-12,Manual,Hatchback,189000,Maruti,Alto 800,Unknown
5931,2017.0,40512,2,Petrol,Hr-26,Manual,Hatchback,486800,Maruti,Swift,Unknown
5932,2014.0,69860,1,Petrol,Dl-13,Manual,Hatchback,397000,Maruti,Swift,Unknown
5933,2017.0,27818,1,Petrol,Gj-06,Automatic,Hatchback,558000,Maruti,Ignis,Unknown
5934,2018.0,83567,2,Diesel,Dl-3C,Manual,Suv,770000,Maruti,Ertiga,Unknown
5935,2014.0,50908,1,Petrol,Mp-04,Manual,Sedan,476000,Honda,Amaze,Unknown
5936,2020.0,7922,1,Petrol,Ka-03,Automatic,Suv,750000,Renault,Triber,Unknown
5937,2017.0,35646,2,Diesel,Mh-49,Manual,Hatchback,699000,Hyundai,Elite I20,Unknown
5938,2013.0,101340,1,Petrol,Unknown,Manual,Hatchback,260000,Honda,Brio,Unknown
5939,2016.0,72640,1,Diesel,Gj-18,Manual,Sedan,1348000,Hyundai,Verna,Unknown
5940,2020.0,19244,1,Petrol,Ts-11,Manual,Hatchback,740000,Tata,Altroz,Unknown
5941,2014.0,94611,2,Petrol,Ts-07,Manual,Hatchback,386000,Maruti,Ritz,Unknown
5942,2021.0,95954,1,Diesel,Ap-28,Manual,Sedan,629000,Skoda,Rapid,Unknown
5943,2016.0,103731,2,Petrol,Unknown,Manual,Hatchback,590000,Hyundai,I20 Active,Unknown
5944,2021.0,10667,1,Petrol,Gj-01,Automatic,Suv,1141000,Tata,Nexon,Unknown
5945,2010.0,52162,1,Petrol,Dl-2C,Manual,Hatchback,170000,Maruti,Alto K10,Unknown
5946,2017.0,56507,2,Petrol,Mh-12,Manual,Suv,634000,Honda,Wr-V,Unknown
5947,2016.0,55492,1,Petrol,Hr-26,Manual,Suv,657000,Maruti,Ertiga,Unknown
5948,2017.0,44723,1,Cng,Mh-02,Manual,Hatchback,406650,Maruti,Wagon R 1.0,Unknown
5949,2014.0,31946,1,Petrol,Mh-05,Manual,Hatchback,432000,Maruti,Swift,Unknown
5950,2012.0,31298,1,Petrol,Mh-31,Manual,Hatchback,333000,Maruti,Swift,Unknown
5951,2018.0,44540,1,Cng,Mh-01,Manual,Hatchback,469350,Tata,Tiago,Unknown
5952,2011.0,49342,2,Petrol,Wb-20,Manual,Hatchback,170000,Hyundai,I10,Unknown
5953,2019.0,14653,1,Petrol,Mh-34,Manual,Hatchback,495000,Hyundai,Grand I10,Unknown
5954,2018.0,52646,1,Petrol,Gj-38,Manual,Hatchback,321000,Maruti,Alto 800,Unknown
5955,2018.0,16647,1,Petrol,Hr-50,Manual,Hatchback,208000,Datsun,Redi Go,Unknown
5956,2019.0,45739,1,Petrol,Hr-26,Manual,Suv,726000,Ford,Ecosport,Unknown
5957,2017.0,68031,1,Cng,Dl-3C,Manual,Hatchback,318000,Maruti,Alto 800,Unknown
5958,2019.0,49589,1,Petrol,Ka-51,Automatic,Suv,1631000,Kia,Seltos,Unknown
5959,2011.0,45304,1,Petrol,Up-78,Manual,Sedan,410000,Toyota,Etios,Unknown
5960,2021.0,13225,1,Petrol,Dl-3C,Automatic,Hatchback,755000,Maruti,Baleno,Unknown
5961,2020.0,11683,1,Petrol,Gj-01,Manual,Hatchback,677000,Maruti,Baleno,Unknown
5962,2019.0,65358,2,Petrol,Rj-10,Manual,Sedan,597000,Honda,Amaze,Unknown
5963,2017.0,96548,2,Cng,Gj-27,Automatic,Hatchback,403000,Maruti,Celerio,Unknown
5964,2017.0,61115,1,Petrol,Ka-03,Manual,Sedan,725000,Maruti,Dzire,Unknown
5965,2021.0,66395,1,Diesel,Gj-06,Manual,Suv,1015000,Tata,Nexon,Unknown
5966,2018.0,92055,1,Cng,Mh-46,Manual,Hatchback,431000,Maruti,Wagon R 1.0,Unknown
5967,2021.0,58286,1,Diesel,Ka-46,Manual,Hatchback,1185000,Hyundai,New I20,Unknown
5968,2019.0,68616,1,Petrol,Mh-12,Manual,Suv,609000,Renault,Triber,Unknown
5969,2020.0,55419,1,Petrol,Gj-08,Manual,Suv,964000,Maruti,S Cross,Unknown
5970,2018.0,78901,1,Cng,Mh-05,Manual,Hatchback,456000,Maruti,Wagon R 1.0,Unknown
5971,2016.0,60380,1,Petrol,Kl-47,Manual,Hatchback,587000,Maruti,Swift,Unknown
5972,2021.0,32020,1,Cng,Mh-01,Manual,Hatchback,472000,Maruti,S Presso,Unknown
5973,2016.0,34796,1,Petrol,Mh-14,Automatic,Sedan,764000,Honda,City,Unknown
5974,2022.0,4301,1,Cng,Up-32,Manual,Hatchback,728000,Tata,Tiago,Unknown
5975,2016.0,73195,2,Diesel,Ka-03,Automatic,Suv,697000,Mahindra,Tuv300,Unknown
5976,2013.0,53850,2,Diesel,Up-32,Manual,Sedan,408000,Honda,Amaze,Unknown
5977,2021.0,24808,1,Petrol,Pb-32,Manual,Suv,901000,Maruti,Vitara Brezza,Unknown
5978,2021.0,22112,1,Petrol,Ka-07,Manual,Hatchback,419000,Maruti,Alto,Unknown
5979,2016.0,45761,2,Petrol,Mh-03,Manual,Hatchback,528000,Maruti,Baleno,Unknown
5980,2015.0,71874,1,Petrol,Mh-12,Manual,Sedan,517000,Honda,City,Unknown
5981,2017.0,40997,2,Petrol,Ka-03,Manual,Hatchback,456000,Maruti,Celerio,Unknown
5982,2015.0,28999,1,Petrol,Up-14,Manual,Hatchback,338000,Maruti,Wagon R 1.0,Unknown
5983,2018.0,84296,2,Cng,Mh-02,Automatic,Sedan,686000,Volkswagen,Ameo,Unknown
5984,2010.0,70706,2,Petrol,Mp-04,Manual,Hatchback,238000,Hyundai,I10,Unknown
5985,2015.0,32840,2,Petrol,Gj-01,Manual,Hatchback,488000,Maruti,Swift,Unknown
5986,2018.0,85458,1,Petrol,Ka-20,Manual,Hatchback,347000,Renault,Kwid,Unknown
5987,2018.0,35985,2,Petrol,Tn-03,Manual,Hatchback,716000,Hyundai,Elite I20,Unknown
5988,2010.0,36007,1,Petrol,Mh-02,Manual,Hatchback,241000,Maruti,Wagon R 1.0,Unknown
5989,2014.0,55158,1,Petrol,Ka-27,Manual,Hatchback,285000,Maruti,Alto 800,Unknown
5990,2018.0,43359,1,Diesel,Hr-26,Automatic,Lux_Suv,1192000,Mahindra,Xuv500,Unknown
5991,2015.0,20170,1,Petrol,Mh-15,Manual,Hatchback,386000,Maruti,Wagon R 1.0,Unknown
5992,2019.0,40044,2,Cng,Dl-1C,Automatic,Suv,1171000,Hyundai,Creta,Unknown
5993,2014.0,94540,1,Petrol,Ts-07,Manual,Hatchback,421000,Maruti,Swift,Unknown
5994,2014.0,95138,1,Petrol,Wb-02,Manual,Hatchback,299750,Hyundai,Grand I10,Unknown
5995,2017.0,51497,2,Petrol,Hr-87,Manual,Hatchback,398000,Maruti,Ignis,Unknown
5996,2020.0,25335,1,Petrol,Mh-14,Automatic,Hatchback,806000,Maruti,Swift,Unknown
5997,2014.0,26015,1,Petrol,Mh-02,Automatic,Hatchback,439000,Honda,Brio,Unknown
5998,2021.0,18707,1,Petrol,Ka-55,Automatic,Hatchback,552000,Renault,Kwid,Unknown
5999,2021.0,11323,1,Petrol,Tn-85,Manual,Suv,877000,Maruti,S Cross,Unknown
6000,2015.0,63857,1,Petrol,Dl-8C,Automatic,Lux_Sedan,807000,Toyota,Corolla Altis,Unknown
6001,2018.0,76180,2,Cng,Mh-48,Manual,Hatchback,611000,Hyundai,Elite I20,Unknown
6002,2014.0,18728,1,Petrol,Ka-03,Automatic,Hatchback,440000,Maruti,Celerio,Unknown
6003,2018.0,40826,2,Petrol,Dl-4C,Manual,Hatchback,546000,Hyundai,Elite I20,Unknown
6004,2016.0,87444,2,Diesel,Up-16,Manual,Sedan,466000,Honda,City,Unknown
6005,2022.0,27372,1,Petrol,Ts-10,Manual,Suv,974000,Maruti,Brezza,Unknown
6006,2013.0,77326,1,Diesel,Tn-05,Manual,Hatchback,403000,Maruti,Swift,Unknown
6007,2019.0,46881,1,Petrol,Hr-26,Manual,Hatchback,373000,Maruti,Alto,Unknown
6008,2018.0,28969,1,Petrol,Mh-47,Manual,Hatchback,567350,Maruti,Baleno,Unknown
6009,2021.0,38745,1,Petrol,Tn-21,Manual,Suv,924000,Honda,Wr-V,Unknown
6010,2016.0,36037,1,Petrol,Dl-4C,Manual,Hatchback,566000,Hyundai,Elite I20,Unknown
6011,2016.0,52762,1,Petrol,Ka-51,Manual,Hatchback,542000,Honda,Jazz,Unknown
6012,2021.0,19164,1,Petrol,Tn-23,Manual,Hatchback,626000,Tata,Altroz,Unknown
6013,2021.0,41968,1,Petrol,Ka-50,Manual,Hatchback,489000,Renault,Kwid,Unknown
6014,2016.0,44754,2,Petrol,Tn-04,Manual,Hatchback,285000,Maruti,Alto K10,Unknown
6015,2014.0,51156,1,Petrol,Up-32,Manual,Hatchback,254000,Maruti,Alto K10,Unknown
6016,2017.0,37815,1,Petrol,Up-32,Manual,Suv,557000,Honda,Wr-V,Unknown
6017,2011.0,71783,1,Petrol,Dl-3C,Manual,Hatchback,198000,Hyundai,I10,Unknown
6018,2017.0,42655,1,Petrol,Mh-12,Manual,Hatchback,670000,Maruti,Baleno,Unknown
6019,2021.0,15063,1,Petrol,Tn-13,Automatic,Suv,798000,Renault,Triber,Unknown
6020,2016.0,84666,1,Diesel,Ka-53,Manual,Suv,834000,Maruti,Vitara Brezza,Unknown
6021,2013.0,102867,2,Diesel,Ka-51,Manual,Hatchback,373000,Hyundai,Grand I10,Unknown
6022,2017.0,60784,1,Diesel,Up-32,Automatic,Hatchback,585000,Maruti,Ignis,Unknown
6023,2018.0,46746,1,Petrol,Ts-08,Manual,Hatchback,531000,Maruti,Ignis,Unknown
6024,2019.0,93152,1,Petrol,Dl-9C,Manual,Hatchback,497000,Maruti,Swift,Unknown
6025,2012.0,91128,1,Diesel,Mh-04,Manual,Sedan,675000,Maruti,Swift Dzire,Unknown
6026,2013.0,87589,1,Diesel,Ap-29,Manual,Sedan,394000,Honda,Amaze,Unknown
6027,2014.0,47089,1,Diesel,Mh-02,Manual,Sedan,1048000,Honda,Amaze,Unknown
6028,2021.0,51968,1,Cng,Mh-04,Manual,Hatchback,561000,Maruti,New Wagon-R,Unknown
6029,2020.0,23981,2,Petrol,Hr-19,Manual,Hatchback,512000,Maruti,New Wagon-R,Unknown
6030,2017.0,45931,1,Petrol,Mh-04,Manual,Hatchback,449000,Hyundai,Grand I10,Unknown
6031,2015.0,52288,1,Diesel,Hr-51,Manual,Hatchback,397000,Maruti,Baleno,Unknown
6032,2021.0,7129,1,Petrol,Ka-04,Manual,Sedan,871000,Skoda,Rapid,Unknown
6033,2017.0,29501,1,Petrol,Mp-04,Manual,Hatchback,473000,Hyundai,Grand I10,Unknown
6034,2019.0,24194,1,Petrol,Mh-14,Manual,Hatchback,401000,Maruti,S Presso,Unknown
6035,2019.0,97304,2,Diesel,Gj-18,Manual,Sedan,532000,Maruti,Ciaz,Unknown
6036,2021.0,6817,1,Petrol,Mh-04,Manual,Hatchback,378000,Maruti,Alto,Unknown
6037,2013.0,44437,1,Petrol,Ka-01,Manual,Hatchback,465000,Maruti,Swift,Unknown
6038,2013.0,38326,2,Petrol,Dl-4C,Manual,Hatchback,273700,Honda,Brio,Unknown
6039,2020.0,69393,1,Petrol,Dl-1C,Automatic,Sedan,505000,Toyota,Yaris,Unknown
6040,2017.0,51181,1,Petrol,Ka-51,Manual,Hatchback,667000,Hyundai,Elite I20,Unknown
6041,2014.0,65518,1,Petrol,Up-14,Manual,Hatchback,414000,Hyundai,I20,Unknown
6042,2015.0,48122,2,Petrol,Mh-14,Manual,Hatchback,472000,Maruti,Baleno,Unknown
6043,2022.0,78827,1,Diesel,Tn-52,Manual,Hatchback,755500,Tata,Altroz,Unknown
6044,2021.0,32806,1,Petrol,Tn-32,Manual,Suv,820000,Nissan,Magnite,Unknown
6045,2018.0,90305,2,Diesel,Ts-29,Manual,Suv,788000,Mahindra,Thar,Unknown
6046,2015.0,112871,1,Diesel,Ka-05,Manual,Hatchback,649000,Maruti,Swift,Unknown
6047,2022.0,18993,1,Cng,Up-78,Manual,Hatchback,500000,Maruti,S Presso,Unknown
6048,2016.0,54808,1,Petrol,Gj-01,Automatic,Suv,926000,Hyundai,Creta,Unknown
6049,2014.0,80719,1,Cng,Mh-12,Manual,Hatchback,302000,Maruti,Alto 800,Unknown
6050,2010.0,66835,1,Petrol,Mh-14,Manual,Hatchback,248800,Maruti,Wagon R 1.0,Unknown
6051,2018.0,51607,2,Petrol,Ka-02,Automatic,Hatchback,320000,Datsun,Redi Go,Unknown
6052,2017.0,17218,1,Petrol,Ts-07,Manual,Sedan,851000,Honda,Amaze,Unknown
6053,2015.0,54873,2,Petrol,Mh-03,Automatic,Lux_Suv,964000,Honda,Crv,Unknown
6054,2017.0,78249,1,Diesel,Ts-10,Manual,Suv,773000,Honda,Wr-V,Unknown
6055,2011.0,38095,2,Petrol,Hr-26,Manual,Hatchback,168000,Hyundai,I10,Unknown
6056,2021.0,5603,1,Petrol,Up-32,Automatic,Hatchback,648000,Hyundai,New Santro,Unknown
6057,2011.0,57085,2,Petrol,Wb-06,Manual,Hatchback,202000,Hyundai,I20,Unknown
6058,2018.0,69511,1,Petrol,Mh-34,Manual,Hatchback,497000,Hyundai,Grand I10,Unknown
6059,2017.0,41702,2,Petrol,Mh-12,Manual,Hatchback,477000,Hyundai,Elite I20,Unknown
6060,2019.0,46057,1,Petrol,Tn-10,Manual,Hatchback,643000,Maruti,Baleno,Unknown
6061,2015.0,50609,2,Petrol,Ka-47,Manual,Hatchback,539000,Maruti,Swift,Unknown
6062,2017.0,24810,2,Petrol,Ka-05,Manual,Hatchback,376000,Renault,Kwid,Unknown
6063,2018.0,24067,1,Petrol,Ts-10,Manual,Hatchback,502000,Tata,Tiago,Unknown
6064,2020.0,18650,1,Petrol,Gj-05,Manual,Hatchback,381000,Maruti,Alto,Unknown
6065,2019.0,29314,1,Petrol,Tn-50,Manual,Hatchback,477000,Tata,Tiago,Unknown
6066,2015.0,88555,1,Petrol,Tn-12,Manual,Hatchback,368000,Honda,Brio,Unknown
6067,2016.0,33902,2,Petrol,Ka-05,Automatic,Hatchback,526000,Nissan,Micra,Unknown
6068,2021.0,10389,1,Petrol,Ka-02,Manual,Suv,1119000,Hyundai,Venue,Unknown
6069,2016.0,80007,1,Petrol,Mh-47,Manual,Sedan,646000,Honda,City,Unknown
6070,2011.0,19721,1,Petrol,Mh-14,Automatic,Sedan,955000,Honda,City,Unknown
6071,2017.0,33535,1,Petrol,Mh-15,Manual,Sedan,595000,Skoda,Rapid,Unknown
6072,2014.0,89210,2,Petrol,Hr-03,Manual,Hatchback,445000,Hyundai,Elite I20,Unknown
6073,2014.0,58874,1,Petrol,Mh-15,Manual,Hatchback,230000,Maruti,Alto 800,Unknown
6074,2017.0,86390,2,Petrol,Mh-31,Automatic,Hatchback,472000,Maruti,Ignis,Unknown
6075,2020.0,12183,1,Petrol,Ka-05,Manual,Suv,839000,Hyundai,Venue,Unknown
6076,2018.0,34106,1,Petrol,Mh-04,Manual,Suv,733350,Honda,Wr-V,Unknown
6077,2016.0,58046,1,Petrol,Gj-05,Manual,Hatchback,421000,Hyundai,Grand I10,Unknown
6078,2016.0,50152,1,Petrol,Tn-10,Manual,Hatchback,309000,Maruti,Alto 800,Unknown
6079,2017.0,48732,1,Petrol,Tn-10,Manual,Hatchback,530000,Hyundai,Grand I10,Unknown
6080,2019.0,54289,1,Petrol,Mh-14,Automatic,Hatchback,684000,Maruti,Swift,Unknown
6081,2020.0,97165,1,Diesel,Gj-05,Manual,Suv,1054000,Kia,Sonet,Unknown
6082,2019.0,20065,1,Petrol,Gj-06,Manual,Hatchback,566000,Hyundai,Grand I10,Unknown
6083,2021.0,6162,1,Petrol,Wb-24,Manual,Hatchback,650000,Hyundai,Grand I10 Nios,Unknown
6084,2020.0,12963,1,Petrol,Dl-5C,Automatic,Hatchback,715000,Hyundai,Grand I10 Nios,Unknown
6085,2022.0,23013,1,Petrol,Mh-14,Automatic,Suv,1215000,Tata,Nexon,Unknown
6086,2014.0,55465,2,Petrol,Dl-5C,Manual,Hatchback,298000,Maruti,Wagon R 1.0,Unknown
6087,2014.0,69273,1,Petrol,Wb-02,Manual,Sedan,333000,Maruti,Swift Dzire,Unknown
6088,2019.0,56414,1,Cng,Hr-26,Manual,Hatchback,639000,Hyundai,Elite I20,Unknown
6089,2018.0,29855,1,Petrol,Mh-05,Manual,Hatchback,393000,Datsun,Go Plus,Unknown
6090,2016.0,53814,1,Petrol,Ka-02,Manual,Hatchback,533000,Hyundai,Grand I10,Unknown
6091,2021.0,86012,1,Petrol,Tn-04,Manual,Hatchback,771000,Toyota,Glanza,Unknown
6092,2020.0,17083,1,Petrol,Pb-10,Manual,Hatchback,351000,Maruti,Alto,Unknown
6093,2018.0,55860,1,Petrol,Hr-26,Manual,Hatchback,704000,Hyundai,Elite I20,Unknown
6094,2021.0,89396,1,Cng,Hr-76,Manual,Hatchback,563000,Hyundai,New Santro,Unknown
6095,2018.0,23517,1,Petrol,Mh-12,Manual,Hatchback,298000,Hyundai,Eon,Unknown
6096,2016.0,60653,1,Petrol,Dl-8C,Automatic,Sedan,780000,Maruti,Ciaz,Unknown
6097,2016.0,30539,1,Petrol,Mh-01,Manual,Hatchback,595000,Hyundai,Elite I20,Unknown
6098,2014.0,63426,1,Cng,Mh-14,Manual,Hatchback,351000,Maruti,Wagon R 1.0,Unknown
6099,2017.0,84597,1,Petrol,Ts-32,Manual,Hatchback,295000,Maruti,Alto 800,Unknown
6100,2017.0,31214,1,Petrol,Kl-01,Manual,Hatchback,310000,Maruti,Alto 800,Unknown
6101,2014.0,67438,2,Petrol,Gj-01,Manual,Hatchback,306000,Hyundai,I10,Unknown
6102,2018.0,10168,1,Petrol,Gj-06,Automatic,Sedan,1019000,Hyundai,Verna,Unknown
6103,2021.0,14915,2,Diesel,Mh-46,Automatic,Suv,1903000,Tata,Safari,Unknown
6104,2021.0,17211,1,Petrol,Dl-3C,Manual,Hatchback,667000,Maruti,Swift,Unknown
6105,2018.0,70601,1,Petrol,Ka-41,Automatic,Hatchback,755000,Hyundai,Elite I20,Unknown
6106,2018.0,54831,1,Diesel,Dl-11,Manual,Suv,674000,Ford,Ecosport,Unknown
6107,2018.0,10478,1,Petrol,Dl-14,Manual,Hatchback,298000,Datsun,Redi Go,Unknown
6108,2017.0,88695,1,Diesel,Ts-09,Manual,Suv,724000,Ford,Ecosport,Unknown
6109,2019.0,147,2,Petrol,Mh-12,Manual,Hatchback,531000,Hyundai,New Santro,Unknown
6110,2012.0,59621,2,Petrol,Ap-29,Manual,Hatchback,310000,Hyundai,I10,Unknown
6111,2016.0,42110,1,Petrol,Hr-29,Manual,Sedan,580000,Volkswagen,Vento,Unknown
6112,2016.0,49370,1,Petrol,Br-09,Manual,Hatchback,371000,Maruti,Wagon R Stingray,Unknown
6113,2020.0,76360,1,Petrol,Ts-12,Automatic,Hatchback,793000,Hyundai,New I20,Unknown
6114,2015.0,60408,2,Petrol,Dl-8C,Automatic,Lux_Sedan,879000,Toyota,Corolla Altis,Unknown
6115,2017.0,53087,1,Petrol,Gj-01,Manual,Sedan,608000,Maruti,Ciaz,Unknown
6116,2018.0,42347,1,Cng,Gj-06,Manual,Hatchback,517000,Honda,Brio,Unknown
6117,2017.0,65986,1,Petrol,Gj-06,Manual,Hatchback,537000,Hyundai,Grand I10,Unknown
6118,2015.0,19250,2,Petrol,Mh-31,Manual,Sedan,815000,Maruti,Ciaz,Unknown
6119,2017.0,66973,2,Diesel,Mh-04,Manual,Sedan,647000,Maruti,Swift Dzire,Unknown
6120,2021.0,16634,1,Diesel,Tn-01,Automatic,Suv,1861000,Tata,Harrier,Unknown
6121,2020.0,51724,1,Petrol,Tn-09,Automatic,Hatchback,529000,Maruti,S Presso,Unknown
6122,2014.0,80727,1,Petrol,Ts-10,Manual,Sedan,774000,Maruti,Swift Dzire,Unknown
6123,2021.0,36453,1,Petrol,Pb-65,Automatic,Sedan,1022000,Skoda,Rapid,Unknown
6124,2021.0,74599,2,Cng,Dl-1C,Automatic,Sedan,817000,Toyota,Yaris,Unknown
6125,2014.0,50930,2,Petrol,Mh-12,Manual,Hatchback,268000,Maruti,Alto K10,Unknown
6126,2019.0,83865,1,Petrol,Gj-01,Automatic,Suv,880000,Ford,Ecosport,Unknown
6127,2011.0,73338,1,Petrol,Dl-10,Manual,Hatchback,210000,Volkswagen,Polo,Unknown
6128,2017.0,82848,1,Cng,Dl-10,Manual,Hatchback,439000,Hyundai,Grand I10,Unknown
6129,2016.0,87604,1,Diesel,Ts-08,Manual,Lux_Suv,915000,Mahindra,Xuv500,Unknown
6130,2016.0,58679,2,Petrol,Dl-9C,Manual,Suv,753000,Hyundai,Creta,Unknown
6131,2018.0,76303,1,Petrol,Ka-02,Manual,Sedan,641000,Maruti,Dzire,Unknown
6132,2017.0,43381,1,Petrol,Dl-8C,Manual,Hatchback,504000,Maruti,Baleno,Unknown
6133,2018.0,81440,1,Petrol,Ka-51,Automatic,Hatchback,647000,Hyundai,Grand I10,Unknown
6134,2018.0,29312,1,Petrol,Mh-02,Manual,Sedan,363000,Maruti,Dzire,Unknown
6135,2018.0,69862,1,Diesel,Dl-8C,Automatic,Suv,665000,Maruti,Vitara Brezza,Unknown
6136,2019.0,36936,1,Petrol,Wb-02,Manual,Sedan,742000,Honda,City,Unknown
6137,2018.0,119547,1,Cng,Up-14,Manual,Sedan,492000,Hyundai,Xcent,Unknown
6138,2018.0,34991,1,Petrol,Hr-51,Automatic,Hatchback,647000,Honda,Jazz,Unknown
6139,2016.0,33655,2,Petrol,Ka-53,Manual,Hatchback,740000,Hyundai,Elite I20,Unknown
6140,2020.0,96075,1,Diesel,Dl-3C,Manual,Suv,750000,Ford,Ecosport,Unknown
6141,2018.0,20207,1,Petrol,Kl-39,Manual,Hatchback,373000,Renault,Kwid,Unknown
6142,2018.0,36043,2,Petrol,Ka-53,Manual,Hatchback,751000,Hyundai,Elite I20,Unknown
6143,2012.0,40968,1,Petrol,Ap-29,Manual,Hatchback,217000,Maruti,Alto,Unknown
6144,2016.0,53258,1,Diesel,Mh-05,Automatic,Sedan,803000,Maruti,Swift Dzire,Unknown
6145,2018.0,42776,1,Petrol,Gj-06,Manual,Sedan,459000,Maruti,Dzire,Unknown
6146,2013.0,39409,1,Petrol,Mh-05,Automatic,Sedan,752000,Volkswagen,Vento,Unknown
6147,2014.0,69859,1,Petrol,Dl-1C,Manual,Hatchback,345000,Maruti,Swift,Unknown
6148,2020.0,32488,2,Petrol,Wb-02,Automatic,Sedan,749000,Hyundai,Aura,Unknown
6149,2022.0,3449,1,Petrol,Dl-12,Manual,Suv,736650,Renault,Triber,Unknown
6150,2014.0,78099,2,Diesel,Ka-06,Manual,Sedan,725000,Honda,Amaze,Unknown
6151,2019.0,23305,1,Petrol,Gj-27,Manual,Sedan,784400,Honda,City,Unknown
6152,2017.0,40811,2,Petrol,Ka-03,Manual,Hatchback,662000,Maruti,Swift,Unknown
6153,2018.0,42166,2,Petrol,Ka-01,Automatic,Hatchback,684000,Maruti,Swift,Unknown
6154,2017.0,79178,1,Cng,Gj-27,Manual,Hatchback,501000,Hyundai,Grand I10,Unknown
6155,2017.0,54072,1,Petrol,Mh-47,Manual,Hatchback,518000,Volkswagen,Polo,Unknown
6156,2022.0,16075,2,Petrol,Tn-38,Automatic,Hatchback,1114000,Hyundai,New I20,Unknown
6157,2015.0,52486,2,Petrol,Ka-35,Manual,Hatchback,541000,Maruti,Swift,Unknown
6158,2018.0,12724,2,Petrol,Hr-26,Manual,Suv,719000,Honda,Wr-V,Unknown
6159,2019.0,55752,2,Petrol,Gj-03,Manual,Suv,823000,Hyundai,Venue,Unknown
6160,2015.0,104654,1,Diesel,Pb-08,Manual,Suv,802000,Toyota,Innova,Unknown
6161,2017.0,53751,1,Petrol,Up-14,Manual,Sedan,477000,Hyundai,Xcent,Unknown
6162,2018.0,22248,1,Diesel,Hr-51,Manual,Suv,596000,Maruti,Vitara Brezza,Unknown
6163,2014.0,78346,2,Diesel,Gj-01,Manual,Suv,351000,Renault,Duster,Unknown
6164,2010.0,43861,1,Petrol,Ap-09,Manual,Hatchback,283000,Maruti,Wagon R 1.0,Unknown
6165,2020.0,56218,1,Petrol,Ka-51,Manual,Hatchback,597000,Maruti,Ignis,Unknown
6166,2018.0,18363,1,Petrol,Kl-11,Manual,Suv,696000,Tata,Nexon,Unknown
6167,2018.0,31071,1,Petrol,Hr-51,Automatic,Sedan,890000,Honda,City,Unknown
6168,2014.0,71552,1,Petrol,Wb-08,Manual,Sedan,449000,Honda,City,Unknown
6169,2016.0,61431,1,Petrol,Mh-46,Manual,Hatchback,436000,Hyundai,Grand I10,Unknown
6170,2016.0,67385,1,Cng,Gj-16,Automatic,Hatchback,427000,Maruti,Celerio,Unknown
6171,2022.0,1457,1,Cng,Ts-03,Manual,Hatchback,720250,Maruti,Celerio,Unknown
6172,2014.0,85644,1,Cng,Mh-46,Manual,Hatchback,301000,Maruti,Wagon R 1.0,Unknown
6173,2015.0,67245,1,Petrol,Ka-51,Manual,Hatchback,583000,Maruti,Swift,Unknown
6174,2021.0,8642,1,Petrol,Hr-26,Manual,Suv,831000,Maruti,Vitara Brezza,Unknown
6175,2016.0,17821,1,Petrol,Mh-04,Automatic,Sedan,781000,Maruti,Swift Dzire,Unknown
6176,2015.0,25034,1,Petrol,Gj-01,Manual,Sedan,717000,Maruti,Swift Dzire,Unknown
6177,2014.0,51903,1,Petrol,Mh-05,Manual,Hatchback,461000,Maruti,Swift,Unknown
6178,2013.0,35781,2,Petrol,Mh-05,Manual,Hatchback,283000,Honda,Brio,Unknown
6179,2012.0,78249,3,Petrol,Ka-53,Manual,Hatchback,421000,Maruti,Swift,Unknown
6180,2021.0,40917,1,Petrol,Gj-06,Automatic,Sedan,892000,Maruti,Ciaz,Unknown
6181,2015.0,56766,1,Petrol,Dl-1C,Manual,Hatchback,359000,Hyundai,Grand I10,Unknown
6182,2017.0,61411,1,Diesel,Up-32,Manual,Suv,653000,Ford,Ecosport,Unknown
6183,2016.0,49976,2,Diesel,Ka-05,Manual,Hatchback,729000,Maruti,Baleno,Unknown
6184,2021.0,79824,1,Diesel,Ka-01,Manual,Sedan,753000,Tata,Tigor,Unknown
6185,2013.0,96533,3,Petrol,Tn-18,Manual,Hatchback,396000,Volkswagen,Polo,Unknown
6186,2019.0,105021,2,Petrol,Unknown,Manual,Hatchback,520000,Tata,Tiago,Unknown
6187,2016.0,45421,1,Petrol,Dl-8C,Manual,Hatchback,320000,Maruti,Alto K10,Unknown
6188,2014.0,122143,2,Petrol,Unknown,Manual,Sedan,229000,Honda,City,Unknown
6189,2021.0,15324,1,Petrol,Ch-01,Manual,Hatchback,709000,Maruti,Swift,Unknown
6190,2016.0,91947,2,Diesel,Pb-10,Manual,Hatchback,379000,Hyundai,Grand I10,Unknown
6191,2021.0,43902,1,Diesel,Rj-14,Manual,Suv,905000,Mahindra,Bolero Neo,Unknown
6192,2020.0,44956,1,Petrol,Hr-80,Manual,Hatchback,347000,Maruti,Alto,Unknown
6193,2019.0,9875,1,Petrol,Mh-05,Manual,Hatchback,335000,Maruti,Alto,Unknown
6194,2021.0,10555,1,Petrol,Dl-14,Manual,Hatchback,501000,Maruti,New Wagon-R,Unknown
6195,2019.0,34496,1,Petrol,Hr-29,Manual,Hatchback,608000,Maruti,Baleno,Unknown
6196,2017.0,31238,3,Petrol,Ka-51,Manual,Hatchback,492000,Hyundai,Grand I10,Unknown
6197,2010.0,69700,2,Petrol,Dl-7C,Manual,Lux_Sedan,238000,Toyota,Corolla Altis,Unknown
6198,2022.0,3008,1,Petrol,Hr-51,Manual,Suv,787000,Nissan,Magnite,Unknown
6199,2011.0,63525,1,Petrol,Mh-14,Manual,Hatchback,268000,Hyundai,I10,Unknown
6200,2020.0,2191,1,Petrol,Up-16,Automatic,Sedan,828000,Maruti,Dzire,Unknown
6201,2014.0,9439,1,Petrol,Ka-03,Automatic,Sedan,1456000,Maruti,Swift Dzire,Unknown
6202,2021.0,14756,1,Petrol,Wb-10,Manual,Hatchback,647000,Maruti,Swift,Unknown
6203,2018.0,35189,3,Diesel,Ka-03,Automatic,Lux_Suv,1498000,Mahindra,Xuv500,Unknown
6204,2018.0,38982,2,Petrol,Hr-81,Manual,Hatchback,542000,Maruti,Swift,Unknown
6205,2019.0,21238,1,Petrol,Tn-14,Manual,Hatchback,458650,Maruti,S Presso,Unknown
6206,2019.0,49661,1,Petrol,Dl-5C,Manual,Hatchback,506000,Maruti,Swift,Unknown
6207,2015.0,82677,1,Diesel,Ka-51,Automatic,Sedan,624000,Skoda,Rapid,Unknown
6208,2017.0,55262,1,Petrol,Gj-01,Manual,Hatchback,522000,Maruti,Swift,Unknown
6209,2021.0,43788,1,Petrol,Up-78,Manual,Hatchback,651000,Maruti,Swift,Unknown
6210,2018.0,19366,2,Petrol,Kl-07,Manual,Hatchback,503000,Hyundai,Grand I10,Unknown
6211,2014.0,98136,1,Diesel,Br-01,Manual,Lux_Sedan,443000,Toyota,Corolla Altis,Unknown
6212,2018.0,46175,2,Petrol,Br-01,Manual,Hatchback,502000,Maruti,Swift,Unknown
6213,2016.0,98661,1,Diesel,Mh-46,Manual,Suv,733000,Maruti,Vitara Brezza,Unknown
6214,2017.0,16133,1,Petrol,Mh-04,Automatic,Hatchback,579000,Maruti,Ignis,Unknown
6215,2018.0,67778,1,Petrol,Up-53,Automatic,Sedan,686000,Maruti,Dzire,Unknown
6216,2014.0,99204,1,Cng,Mh-43,Manual,Hatchback,332000,Maruti,Wagon R 1.0,Unknown
6217,2010.0,22657,1,Petrol,Dl-9C,Manual,Hatchback,168000,Maruti,Wagon R 1.0,Unknown
6218,2018.0,40396,1,Petrol,Hr-26,Manual,Hatchback,544000,Maruti,Baleno,Unknown
6219,2014.0,54179,1,Petrol,Gj-01,Manual,Hatchback,335000,Maruti,Wagon R 1.0,Unknown
6220,2016.0,75196,1,Petrol,Rj-40,Automatic,Hatchback,325000,Maruti,Alto K10,Unknown
6221,2012.0,81625,3,Petrol,Gj-05,Manual,Hatchback,334000,Maruti,Swift,Unknown
6222,2016.0,82180,2,Petrol,Rj-14,Manual,Hatchback,483000,Honda,Jazz,Unknown
6223,2020.0,31459,1,Petrol,Dl-2C,Manual,Hatchback,548000,Maruti,Ignis,Unknown
6224,2014.0,51356,3,Petrol,Tn-11,Manual,Hatchback,229000,Maruti,Alto 800,Unknown
6225,2012.0,41110,1,Petrol,Dl-9C,Manual,Hatchback,298000,Maruti,Swift,Unknown
6226,2013.0,61235,3,Petrol,Mh-04,Manual,Hatchback,271000,Maruti,Wagon R Stingray,Unknown
6227,2022.0,17215,1,Petrol,Gj-10,Manual,Hatchback,777000,Maruti,Baleno,Unknown
6228,2016.0,54042,1,Petrol,Ts-07,Manual,Sedan,737000,Hyundai,Verna,Unknown
6229,2014.0,34904,1,Petrol,Tn-64,Manual,Sedan,869000,Honda,City,Unknown
6230,2016.0,59492,1,Petrol,Tn-13,Manual,Hatchback,352000,Renault,Kwid,Unknown
6231,2017.0,26928,2,Petrol,Mh-48,Manual,Hatchback,443000,Hyundai,Grand I10,Unknown
6232,2016.0,78948,1,Diesel,Wb-02,Automatic,Lux_Sedan,856000,Hyundai,New Elantra,Unknown
6233,2016.0,97942,2,Petrol,Tn-07,Manual,Sedan,369000,Hyundai,Verna,Unknown
6234,2018.0,56130,2,Petrol,Tn-06,Manual,Hatchback,555000,Maruti,Swift,Unknown
6235,2017.0,46609,2,Petrol,Up-32,Manual,Suv,622000,Ford,Ecosport,Unknown
6236,2016.0,92733,2,Diesel,Up-15,Manual,Hatchback,391000,Maruti,Swift,Unknown
6237,2012.0,52013,1,Petrol,Kl-46,Manual,Hatchback,197000,Hyundai,Eon,Unknown
6238,2013.0,65366,1,Petrol,Mh-02,Manual,Hatchback,306000,Maruti,Wagon R 1.0,Unknown
6239,2015.0,33491,1,Petrol,Ts-12,Manual,Hatchback,589000,Hyundai,Elite I20,Unknown
6240,2020.0,41121,1,Petrol,Up-32,Manual,Hatchback,520000,Maruti,New Wagon-R,Unknown
6241,2013.0,76257,3,Petrol,Ap-28,Manual,Hatchback,227000,Maruti,Alto 800,Unknown
6242,2015.0,32895,1,Petrol,Ch-01,Manual,Hatchback,406000,Hyundai,Grand I10,Unknown
6243,2021.0,3731,1,Petrol,Up-32,Automatic,Hatchback,654000,Maruti,Celerio,Unknown
6244,2018.0,103737,1,Petrol,Unknown,Manual,Hatchback,426000,Tata,Tiago,Unknown
6245,2018.0,83340,1,Cng,Ka-04,Manual,Hatchback,460650,Tata,Tiago,Unknown
6246,2016.0,22170,1,Petrol,Br-01,Automatic,Sedan,816000,Volkswagen,Vento,Unknown
6247,2020.0,59204,1,Petrol,Mh-14,Manual,Hatchback,415000,Maruti,S Presso,Unknown
6248,2018.0,29723,2,Petrol,Hr-26,Automatic,Hatchback,524000,Maruti,Swift,Unknown
6249,2018.0,89972,1,Petrol,Up-53,Manual,Hatchback,565000,Hyundai,I20 Active,Unknown
6250,2013.0,39682,2,Petrol,Ka-04,Manual,Sedan,622000,Maruti,Swift Dzire,Unknown
6251,2014.0,56578,1,Petrol,Ka-05,Manual,Hatchback,458000,Hyundai,Grand I10,Unknown
6252,2016.0,102359,1,Petrol,Unknown,Manual,Sedan,455000,Maruti,Swift Dzire,Unknown
6253,2014.0,62977,1,Petrol,Tn-07,Manual,Hatchback,516000,Volkswagen,Polo,Unknown
6254,2018.0,60593,1,Petrol,Gj-16,Manual,Hatchback,271000,Maruti,Alto 800,Unknown
6255,2013.0,50843,1,Petrol,Kl-01,Manual,Hatchback,251000,Maruti,Alto 800,Unknown
6256,2017.0,46036,2,Petrol,Gj-05,Automatic,Hatchback,348000,Renault,Kwid,Unknown
6257,2019.0,13936,2,Petrol,Gj-07,Manual,Hatchback,595000,Hyundai,Grand I10,Unknown
6258,2020.0,10875,1,Petrol,Kl-39,Manual,Suv,691000,Mahindra,Kuv 100 Nxt,Unknown
6259,2017.0,29498,1,Petrol,Wb-02,Manual,Hatchback,426000,Hyundai,Elite I20,Unknown
6260,2010.0,78608,1,Petrol,Kl-02,Manual,Hatchback,279000,Maruti,Ritz,Unknown
6261,2014.0,40679,1,Petrol,Mh-03,Manual,Hatchback,322000,Maruti,Wagon R 1.0,Unknown
6262,2019.0,33244,1,Petrol,Mp-04,Manual,Hatchback,430000,Hyundai,New Santro,Unknown
6263,2021.0,33495,1,Petrol,Tn-23,Manual,Suv,813000,Nissan,Magnite,Unknown
6264,2017.0,123152,1,Diesel,Tn-11,Manual,Suv,459000,Mahindra,Kuv100,Unknown
6265,2015.0,40632,1,Petrol,Dl-12,Manual,Suv,540000,Ford,Ecosport,Unknown
6266,2015.0,71383,1,Petrol,Ka-51,Manual,Hatchback,573000,Maruti,Swift,Unknown
6267,2016.0,52276,1,Petrol,Tn-01,Manual,Hatchback,578000,Hyundai,Elite I20,Unknown
6268,2016.0,17967,1,Petrol,Tn-59,Manual,Hatchback,683000,Hyundai,I20 Active,Unknown
6269,2017.0,39217,2,Petrol,Tn-10,Manual,Hatchback,627000,Maruti,Baleno,Unknown
6270,2017.0,73697,1,Petrol,Dl-9C,Manual,Sedan,599000,Honda,City,Unknown
6271,2017.0,60408,2,Diesel,Ka-03,Manual,Lux_Suv,1037000,Mahindra,Xuv500,Unknown
6272,2019.0,76615,1,Petrol,Mh-41,Manual,Hatchback,299000,Maruti,Alto 800,Unknown
6273,2018.0,45675,2,Petrol,Ka-01,Manual,Hatchback,699000,Hyundai,I20 Active,Unknown
6274,2013.0,78213,2,Petrol,Ka-53,Automatic,Hatchback,340000,Hyundai,I10,Unknown
6275,2011.0,71026,1,Petrol,Ka-09,Manual,Hatchback,241000,Hyundai,Eon,Unknown
6276,2015.0,71593,1,Petrol,Wb-02,Manual,Hatchback,304000,Maruti,Wagon R 1.0,Unknown
6277,2019.0,67830,2,Petrol,Gj-04,Manual,Sedan,612000,Honda,Amaze,Unknown
6278,2019.0,23888,1,Petrol,Pb-07,Manual,Hatchback,362000,Maruti,Alto,Unknown
6279,2015.0,16285,1,Petrol,Mp-04,Manual,Hatchback,306000,Maruti,Alto 800,Unknown
6280,2018.0,65118,2,Petrol,Up-16,Automatic,Hatchback,570000,Hyundai,Elite I20,Unknown
6281,2018.0,59723,1,Diesel,Ka-41,Manual,Suv,1111000,Mahindra,Scorpio,Unknown
6282,2018.0,60813,1,Petrol,Kl-42,Manual,Hatchback,372000,Renault,Kwid,Unknown
6283,2020.0,41366,2,Petrol,Br-01,Manual,Hatchback,362000,Renault,Kwid,Unknown
6284,2018.0,7659,2,Petrol,Dl-8C,Automatic,Hatchback,273000,Datsun,Redi Go,Unknown
6285,2018.0,20255,1,Diesel,Mh-43,Manual,Hatchback,653000,Maruti,Baleno,Unknown
6286,2019.0,58004,1,Petrol,Dl-8C,Automatic,Suv,809000,Tata,Nexon,Unknown
6287,2020.0,34044,1,Petrol,Pb-06,Manual,Hatchback,555000,Hyundai,Grand I10 Nios,Unknown
6288,2017.0,77357,2,Diesel,Ka-05,Manual,Sedan,567000,Volkswagen,Ameo,Unknown
6289,2018.0,103763,1,Petrol,Unknown,Manual,Hatchback,397000,Maruti,Ignis,Unknown
6290,2017.0,97908,1,Petrol,Gj-18,Automatic,Lux_Sedan,1009000,Toyota,Corolla Altis,Unknown
6291,2014.0,67573,2,Petrol,Dl-4C,Manual,Hatchback,363000,Maruti,Swift,Unknown
6292,2015.0,55610,2,Petrol,Tn-18,Automatic,Suv,555500,Ford,Ecosport,Unknown
6293,2021.0,18772,1,Petrol,Dl-8C,Manual,Suv,598000,Renault,Triber,Unknown
6294,2011.0,65090,1,Petrol,Dl-9C,Manual,Hatchback,214000,Maruti,Swift,Unknown
6295,2014.0,62423,1,Cng,Mh-02,Manual,Hatchback,365000,Maruti,Wagon R 1.0,Unknown
6296,2018.0,23589,1,Petrol,Hr-51,Manual,Sedan,981000,Honda,Amaze,Unknown
6297,2021.0,45138,1,Cng,Dl-9C,Manual,Hatchback,400000,Maruti,Alto,Unknown
6298,2018.0,47983,1,Petrol,Mh-03,Automatic,Hatchback,456000,Tata,Tiago,Unknown
6299,2021.0,43570,1,Cng,Mh-43,Manual,Hatchback,684000,Hyundai,Grand I10 Nios,Unknown
6300,2012.0,76689,2,Petrol,Gj-05,Manual,Hatchback,285000,Honda,Brio,Unknown
6301,2019.0,86165,1,Petrol,Gj-27,Manual,Hatchback,528350,Maruti,Baleno,Unknown
6302,2015.0,52209,1,Petrol,Ka-51,Manual,Hatchback,487000,Maruti,Celerio,Unknown
6303,2017.0,36298,1,Petrol,Ts-10,Manual,Hatchback,507000,Maruti,Ignis,Unknown
6304,2019.0,48266,1,Petrol,Tn-06,Automatic,Suv,715000,Tata,Nexon,Unknown
6305,2019.0,28958,1,Petrol,Up-16,Automatic,Hatchback,612000,Maruti,Ignis,Unknown
6306,2016.0,90397,1,Petrol,Up-16,Manual,Hatchback,293000,Maruti,Alto K10,Unknown
6307,2016.0,88272,1,Diesel,Ka-03,Automatic,Lux_Suv,1120000,Mahindra,Xuv500,Unknown
6308,2017.0,42668,1,Petrol,Dl-6C,Manual,Hatchback,336000,Maruti,Alto K10,Unknown
6309,2016.0,57973,1,Petrol,Mh-12,Manual,Hatchback,450000,Hyundai,Grand I10,Unknown
6310,2018.0,64200,2,Diesel,Tn-14,Manual,Suv,829000,Ford,Ecosport,Unknown
6311,2015.0,47617,2,Petrol,Ka-01,Automatic,Hatchback,611000,Honda,Jazz,Unknown
6312,2018.0,62535,1,Petrol,Ts-09,Automatic,Sedan,674000,Maruti,Dzire,Unknown
6313,2019.0,25343,1,Petrol,Kl-34,Automatic,Hatchback,513000,Nissan,Micra,Unknown
6314,2016.0,68362,1,Petrol,Kl-08,Manual,Hatchback,260000,Renault,Kwid,Unknown
6315,2017.0,38904,1,Petrol,Tn-05,Manual,Hatchback,516000,Hyundai,Grand I10,Unknown
6316,2017.0,17472,1,Petrol,Mh-04,Automatic,Hatchback,456000,Maruti,Celerio,Unknown
6317,2011.0,68940,1,Petrol,Mh-43,Manual,Sedan,385000,Toyota,Etios,Unknown
6318,2018.0,29096,1,Petrol,Wb-20,Automatic,Hatchback,343000,Maruti,Alto K10,Unknown
6319,2017.0,57996,1,Petrol,Dl-6C,Manual,Hatchback,524000,Maruti,Baleno,Unknown
6320,2014.0,66639,1,Petrol,Up-70,Manual,Hatchback,359000,Maruti,Swift,Unknown
6321,2014.0,70334,1,Petrol,Kl-01,Manual,Sedan,536000,Honda,City,Unknown
6322,2019.0,23897,2,Petrol,Pb-10,Automatic,Hatchback,780000,Hyundai,Elite I20,Unknown
6323,2019.0,92294,1,Petrol,Mh-15,Automatic,Sedan,708000,Honda,Amaze,Unknown
6324,2018.0,24983,1,Petrol,Ts-08,Manual,Hatchback,361000,Maruti,Alto K10,Unknown
6325,2010.0,61282,2,Petrol,Hr-26,Manual,Hatchback,234000,Volkswagen,Polo,Unknown
6326,2019.0,59924,1,Petrol,Rj-02,Manual,Hatchback,604000,Hyundai,Elite I20,Unknown
6327,2016.0,24378,1,Petrol,Mh-12,Manual,Hatchback,352000,Maruti,Alto 800,Unknown
6328,2013.0,74081,1,Petrol,Hr-26,Manual,Hatchback,379000,Hyundai,I20,Unknown
6329,2020.0,54942,2,Diesel,Mh-48,Manual,Sedan,462000,Hyundai,Aura,Unknown
6330,2016.0,70922,1,Diesel,Mh-05,Manual,Sedan,721000,Hyundai,Verna,Unknown
6331,2015.0,45701,2,Petrol,Ka-50,Automatic,Hatchback,487000,Maruti,Celerio,Unknown
6332,2017.0,112619,1,Petrol,Unknown,Manual,Sedan,768000,Maruti,Dzire,Unknown
6333,2018.0,25611,1,Petrol,Ka-04,Manual,Suv,480000,Mahindra,Kuv 100 Nxt,Unknown
6334,2018.0,46009,1,Petrol,Ka-05,Automatic,Hatchback,656000,Maruti,Swift,Unknown
6335,2016.0,42768,2,Petrol,Gj-15,Manual,Hatchback,397000,Maruti,Wagon R 1.0,Unknown
6336,2010.0,14367,1,Petrol,Dl-7C,Manual,Hatchback,148000,Hyundai,I10,Unknown
6337,2019.0,20851,2,Petrol,Tn-31,Manual,Hatchback,473000,Hyundai,New Santro,Unknown
6338,2010.0,86201,3,Petrol,Mh-04,Manual,Hatchback,222000,Maruti,Swift,Unknown
6339,2019.0,51146,1,Diesel,Mh-02,Automatic,Suv,922000,Renault,Duster,Unknown
6340,2020.0,10035,1,Petrol,Mh-12,Automatic,Sedan,914000,Maruti,Ciaz,Unknown
6341,2011.0,69551,1,Petrol,Ka-01,Manual,Hatchback,248000,Maruti,Alto K10,Unknown
6342,2018.0,15793,1,Petrol,Pb-91,Manual,Hatchback,343000,Maruti,Alto 800,Unknown
6343,2012.0,55429,2,Petrol,Ka-51,Manual,Hatchback,246000,Maruti,Alto 800,Unknown
6344,2019.0,29306,1,Petrol,Tn-22,Manual,Hatchback,489000,Renault,Kwid,Unknown
6345,2019.0,14005,2,Petrol,Gj-06,Manual,Hatchback,473000,Maruti,Celerio,Unknown
6346,2016.0,29873,1,Petrol,Up-16,Automatic,Sedan,752000,Maruti,Ciaz,Unknown
6347,2018.0,105630,1,Diesel,Mh-12,Manual,Sedan,792000,Tata,Tigor,Unknown
6348,2016.0,33233,2,Petrol,Ka-05,Automatic,Hatchback,476000,Maruti,Celerio,Unknown
6349,2022.0,3949,1,Petrol,Mh-15,Manual,Hatchback,572000,Maruti,Celerio,Unknown
6350,2018.0,33282,2,Petrol,Ka-53,Manual,Hatchback,749000,Hyundai,Elite I20,Unknown
6351,2016.0,80334,1,Petrol,Gj-01,Manual,Hatchback,462350,Hyundai,Grand I10,Unknown
6352,2017.0,61456,1,Diesel,Hr-87,Manual,Sedan,547000,Maruti,Ciaz,Unknown
6353,2022.0,9043,1,Petrol,Mh-12,Manual,Hatchback,765000,Maruti,Swift,Unknown
6354,2021.0,59144,2,Diesel,Ts-07,Manual,Sedan,610000,Maruti,Ciaz,Unknown
6355,2014.0,92013,1,Petrol,Tn-20,Manual,Hatchback,361000,Maruti,Wagon R Stingray,Unknown
6356,2017.0,55788,1,Petrol,Mh-01,Manual,Hatchback,533000,Maruti,Baleno,Unknown
6357,2021.0,15957,1,Petrol,Tn-11,Manual,Hatchback,837000,Tata,Altroz,Unknown
6358,2019.0,58339,1,Cng,Dl-4C,Manual,Hatchback,499000,Hyundai,New Santro,Unknown
6359,2017.0,21572,1,Petrol,Up-78,Automatic,Hatchback,444000,Maruti,Ignis,Unknown
6360,2019.0,31991,2,Petrol,Kl-55,Manual,Hatchback,393000,Hyundai,New Santro,Unknown
6361,2018.0,79044,1,Petrol,Gj-27,Manual,Hatchback,575000,Maruti,Baleno,Unknown
6362,2017.0,84382,2,Cng,Mh-12,Manual,Hatchback,397000,Maruti,Wagon R 1.0,Unknown
6363,2018.0,29767,1,Petrol,Ka-02,Manual,Hatchback,714000,Maruti,Swift,Unknown
6364,2015.0,74219,3,Petrol,Mh-12,Manual,Hatchback,421000,Hyundai,Grand I10,Unknown
6365,2020.0,53460,2,Petrol,Ka-03,Automatic,Sedan,745000,Honda,City,Unknown
6366,2020.0,36821,1,Petrol,Up-32,Manual,Hatchback,681000,Maruti,Baleno,Unknown
6367,2017.0,8011,1,Petrol,Dl-14,Manual,Hatchback,556000,Maruti,Baleno,Unknown
6368,2016.0,55353,2,Petrol,Mh-46,Manual,Sedan,579000,Honda,City,Unknown
6369,2014.0,28779,1,Petrol,Ka-03,Manual,Hatchback,462000,Hyundai,Grand I10,Unknown
6370,2020.0,13250,1,Petrol,Hr-26,Manual,Hatchback,440000,Renault,Kwid,Unknown
6371,2011.0,102814,1,Petrol,Unknown,Manual,Hatchback,413000,Maruti,Swift,Unknown
6372,2013.0,106814,1,Diesel,Ka-51,Automatic,Sedan,536000,Maruti,Swift Dzire,Unknown
6373,2016.0,76712,1,Petrol,Mh-14,Manual,Sedan,567000,Maruti,Ciaz,Unknown
6374,2018.0,100043,1,Diesel,Gj-01,Automatic,Suv,1048000,Hyundai,Creta,Unknown
6375,2014.0,67879,1,Petrol,Wb-08,Manual,Hatchback,313000,Hyundai,Grand I10,Unknown
6376,2021.0,96192,1,Cng,Hr-12,Manual,Hatchback,609000,Hyundai,Grand I10 Nios,Unknown
6377,2018.0,49360,1,Petrol,Gj-38,Automatic,Suv,842000,Ford,Ecosport,Unknown
6378,2019.0,88392,1,Diesel,Mp-04,Manual,Sedan,412600,Honda,Amaze,Unknown
6379,2022.0,12404,2,Diesel,Hr-06,Manual,Suv,1171000,Kia,Seltos,Unknown
6380,2016.0,102753,2,Petrol,Unknown,Manual,Hatchback,618000,Maruti,Baleno,Unknown
6381,2014.0,27939,1,Petrol,Mh-02,Automatic,Hatchback,376000,Maruti,Celerio,Unknown
6382,2018.0,25434,2,Petrol,Ka-41,Manual,Suv,1022000,Hyundai,Creta,Unknown
6383,2014.0,52927,1,Petrol,Hr-26,Manual,Sedan,665000,Hyundai,Xcent,Unknown
6384,2017.0,79683,1,Petrol,Ka-19,Manual,Hatchback,330000,Hyundai,Eon,Unknown
6385,2017.0,62475,1,Petrol,Ts-07,Manual,Sedan,699000,Honda,City,Unknown
6386,2017.0,36023,1,Petrol,Gj-06,Automatic,Sedan,793000,Skoda,Rapid,Unknown
6387,2021.0,10179,1,Petrol,Gj-01,Manual,Hatchback,471000,Maruti,S Presso,Unknown
6388,2012.0,45386,1,Petrol,Br-09,Manual,Hatchback,313000,Maruti,Swift,Unknown
6389,2019.0,83508,2,Diesel,Wb-20,Manual,Lux_Suv,1198000,Mahindra,Xuv500,Unknown
6390,2022.0,93309,1,Petrol,Dl-11,Manual,Sedan,627000,Honda,Amaze,Unknown
6391,2015.0,89352,1,Petrol,Hr-26,Manual,Sedan,406000,Maruti,Swift Dzire,Unknown
6392,2016.0,85435,1,Petrol,Wb-06,Manual,Hatchback,368000,Hyundai,Grand I10,Unknown
6393,2019.0,39959,1,Petrol,Hr-29,Manual,Hatchback,524000,Maruti,Baleno,Unknown
6394,2014.0,69716,2,Petrol,Gj-01,Manual,Hatchback,397000,Hyundai,I20,Unknown
6395,2018.0,56417,1,Petrol,Gj-01,Manual,Hatchback,695000,Hyundai,Elite I20,Unknown
6396,2017.0,45760,1,Petrol,Wb-06,Manual,Sedan,439000,Toyota,Etios,Unknown
6397,2016.0,90084,2,Cng,Gj-05,Manual,Hatchback,382000,Tata,Bolt,Unknown
6398,2022.0,16752,1,Cng,Kl-07,Manual,Hatchback,646000,Maruti,New Wagon-R,Unknown
6399,2021.0,20904,2,Petrol,Hr-26,Manual,Sedan,556000,Maruti,Dzire,Unknown
6400,2021.0,25312,1,Petrol,Gj-03,Manual,Hatchback,403000,Renault,Kwid,Unknown
6401,2018.0,91441,1,Diesel,Ts-28,Manual,Hatchback,757000,Hyundai,Elite I20,Unknown
6402,2016.0,19397,1,Petrol,Mh-46,Manual,Hatchback,496000,Hyundai,Grand I10,Unknown
6403,2014.0,6331,1,Petrol,Dl-8C,Manual,Hatchback,402000,Maruti,Swift,Unknown
6404,2018.0,49155,1,Petrol,Gj-06,Manual,Hatchback,645000,Hyundai,Elite I20,Unknown
6405,2021.0,25263,1,Diesel,Ka-03,Automatic,Suv,1516000,Kia,Sonet,Unknown
6406,2016.0,59397,1,Petrol,Dl-8C,Manual,Hatchback,558000,Hyundai,Elite I20,Unknown
6407,2018.0,57036,1,Petrol,Tn-58,Automatic,Hatchback,568000,Hyundai,Grand I10,Unknown
6408,2020.0,25023,1,Petrol,Dl-9C,Manual,Hatchback,378000,Renault,Kwid,Unknown
6409,2018.0,37824,2,Cng,Mh-01,Manual,Hatchback,416000,Maruti,Wagon R 1.0,Unknown
6410,2021.0,35887,1,Petrol,Hr-98,Manual,Hatchback,525000,Maruti,New Wagon-R,Unknown
6411,2019.0,67492,1,Petrol,Pb-27,Manual,Hatchback,500000,Maruti,New Wagon-R,Unknown
6412,2017.0,15295,1,Diesel,Tn-02,Manual,Sedan,773000,Maruti,Dzire,Unknown
6413,2018.0,40098,1,Petrol,Mp-04,Automatic,Hatchback,600000,Maruti,Swift,Unknown
6414,2015.0,102887,1,Petrol,Unknown,Manual,Hatchback,601000,Hyundai,Elite I20,Unknown
6415,2018.0,18925,3,Petrol,Tn-06,Manual,Hatchback,336000,Renault,Kwid,Unknown
6416,2016.0,84566,1,Petrol,Gj-01,Manual,Hatchback,365000,Hyundai,I10,Unknown
6417,2015.0,51618,1,Petrol,Ka-53,Manual,Hatchback,521000,Hyundai,Grand I10,Unknown
6418,2016.0,86978,1,Diesel,Gj-01,Manual,Hatchback,400000,Hyundai,Grand I10,Unknown
6419,2019.0,9550,1,Petrol,Dl-14,Manual,Hatchback,370000,Renault,Kwid,Unknown
6420,2018.0,21714,1,Petrol,Gj-05,Manual,Hatchback,316000,Datsun,Go,Unknown
6421,2013.0,35073,1,Petrol,Mh-04,Manual,Sedan,451000,Honda,City,Unknown
6422,2022.0,19131,1,Petrol,Gj-01,Manual,Suv,1126000,Hyundai,Creta,Unknown
6423,2013.0,97818,1,Petrol,Mh-14,Manual,Hatchback,275000,Nissan,Micra Active,Unknown
6424,2019.0,64346,2,Petrol,Kl-46,Manual,Hatchback,510000,Hyundai,Grand I10,Unknown
6425,2011.0,34622,1,Petrol,Br-01,Manual,Hatchback,176000,Maruti,Alto K10,Unknown
6426,2017.0,79478,1,Petrol,Tn-19,Automatic,Hatchback,504000,Tata,Tiago,Unknown
6427,2019.0,58792,2,Diesel,Pb-10,Manual,Suv,808000,Maruti,Vitara Brezza,Unknown
6428,2016.0,70454,2,Petrol,Hr-26,Manual,Hatchback,392000,Hyundai,Grand I10,Unknown
6429,2019.0,21786,2,Petrol,Mp-04,Manual,Hatchback,539000,Hyundai,Elite I20,Unknown
6430,2010.0,42373,2,Petrol,Dl-12,Manual,Hatchback,175000,Maruti,Alto K10,Unknown
6431,2018.0,38933,1,Petrol,Up-32,Manual,Hatchback,509000,Maruti,Celerio X,Unknown
6432,2016.0,101603,1,Petrol,Unknown,Manual,Sedan,588000,Honda,City,Unknown
6433,2013.0,72552,2,Diesel,Mh-03,Manual,Sedan,469000,Maruti,Swift Dzire,Unknown
6434,2018.0,35060,2,Petrol,Hr-26,Manual,Hatchback,380000,Maruti,Wagon R 1.0,Unknown
6435,2012.0,61036,1,Petrol,Ka-04,Manual,Sedan,493000,Maruti,Swift Dzire,Unknown
6436,2017.0,48474,2,Cng,Mh-43,Manual,Hatchback,431000,Maruti,Celerio,Unknown
6437,2015.0,102118,2,Petrol,Unknown,Manual,Hatchback,542000,Hyundai,Elite I20,Unknown
6438,2021.0,17039,2,Petrol,Mh-12,Manual,Hatchback,758000,Maruti,Baleno,Unknown
6439,2020.0,33347,1,Petrol,Gj-01,Manual,Suv,454000,Maruti,Eeco,Unknown
6440,2014.0,54104,2,Petrol,Dl-4C,Manual,Hatchback,333000,Honda,Brio,Unknown
6441,2017.0,51201,2,Petrol,Ch-01,Manual,Suv,405000,Mahindra,Kuv100,Unknown
6442,2017.0,37743,1,Petrol,Mh-14,Manual,Hatchback,319000,Maruti,Alto 800,Unknown
6443,2014.0,24318,3,Petrol,Mh-12,Manual,Hatchback,221800,Hyundai,Eon,Unknown
6444,2017.0,76529,2,Petrol,Tn-14,Manual,Hatchback,538000,Maruti,Swift,Unknown
6445,2015.0,75442,2,Petrol,Gj-06,Manual,Hatchback,470000,Maruti,Swift,Unknown
6446,2019.0,48579,1,Petrol,Mh-46,Manual,Hatchback,381000,Maruti,S Presso,Unknown
6447,2013.0,57779,1,Petrol,Ka-41,Manual,Hatchback,446000,Maruti,Swift,Unknown
6448,2017.0,98652,2,Petrol,Dl-13,Manual,Sedan,220000,Volkswagen,Ameo,Unknown
6449,2021.0,8434,1,Petrol,Ka-02,Manual,Hatchback,786000,Renault,Kiger,Unknown
6450,2018.0,55467,2,Petrol,Ka-20,Manual,Hatchback,478000,Hyundai,New Santro,Unknown
6451,2016.0,77338,1,Diesel,Ka-01,Manual,Suv,754000,Maruti,Vitara Brezza,Unknown
6452,2020.0,47338,2,Diesel,Mh-05,Manual,Suv,2047000,Toyota,Innova Crysta,Unknown
6453,2016.0,49648,1,Diesel,Mh-48,Automatic,Lux_Suv,1017000,Mahindra,Xuv500,Unknown
6454,2017.0,93866,2,Diesel,Mp-09,Manual,Suv,637000,Ford,Ecosport,Unknown
6455,2011.0,48487,1,Petrol,Mh-12,Manual,Hatchback,186000,Maruti,Alto K10,Unknown
6456,2022.0,8671,1,Petrol,Tn-67,Automatic,Suv,1237000,Tata,Nexon,Unknown
6457,2019.0,85358,1,Diesel,Tn-21,Automatic,Suv,865000,Maruti,Vitara Brezza,Unknown
6458,2014.0,37755,2,Petrol,Mh-43,Manual,Hatchback,331000,Hyundai,Grand I10,Unknown
6459,2016.0,76275,1,Petrol,Hr-06,Automatic,Sedan,694000,Honda,City,Unknown
6460,2015.0,58241,1,Diesel,Ts-07,Manual,Hatchback,581000,Maruti,Swift,Unknown
6461,2014.0,24324,1,Petrol,Wb-24,Manual,Hatchback,298000,Maruti,Wagon R Stingray,Unknown
6462,2013.0,108467,1,Cng,Mh-46,Manual,Hatchback,229000,Hyundai,Santro Xing,Unknown
6463,2021.0,6611,1,Petrol,Mp-09,Automatic,Hatchback,725000,Hyundai,Grand I10 Nios,Unknown
6464,2016.0,35851,1,Petrol,Ka-42,Manual,Hatchback,392000,Hyundai,I10,Unknown
6465,2013.0,69952,2,Petrol,Mh-01,Manual,Sedan,310000,Hyundai,Verna,Unknown
6466,2015.0,62554,1,Petrol,Ka-50,Manual,Hatchback,294000,Maruti,Alto 800,Unknown
6467,2021.0,54826,1,Cng,Dl-9C,Manual,Hatchback,534000,Hyundai,New Santro,Unknown
6468,2015.0,53484,1,Petrol,Ka-02,Manual,Hatchback,340000,Maruti,Alto K10,Unknown
6469,2016.0,54745,1,Cng,Mh-14,Manual,Hatchback,433000,Maruti,Wagon R 1.0,Unknown
6470,2017.0,17923,1,Petrol,Dl-10,Manual,Hatchback,587000,Hyundai,Elite I20,Unknown
6471,2016.0,32996,2,Petrol,Ka-03,Manual,Hatchback,568775,Maruti,Baleno,Unknown
6472,2017.0,111965,1,Petrol,Unknown,Manual,Hatchback,401000,Maruti,Wagon R 1.0,Unknown
6473,2018.0,88833,2,Petrol,Hr-26,Manual,Sedan,334000,Honda,City,Unknown
6474,2017.0,71832,1,Diesel,Ka-25,Manual,Suv,748000,Honda,Wr-V,Unknown
6475,2020.0,36340,1,Petrol,Ka-36,Manual,Hatchback,430000,Maruti,S Presso,Unknown
6476,2014.0,66559,1,Petrol,Gj-27,Manual,Hatchback,341000,Maruti,Wagon R 1.0,Unknown
6477,2019.0,52720,1,Petrol,Mh-47,Manual,Hatchback,642000,Maruti,Swift,Unknown
6478,2013.0,118604,1,Diesel,Up-78,Manual,Sedan,426000,Honda,City,Unknown
6479,2019.0,30683,2,Petrol,Tn-23,Manual,Hatchback,620000,Hyundai,Elite I20,Unknown
6480,2019.0,57850,1,Cng,Mh-04,Manual,Hatchback,402000,Maruti,Alto,Unknown
6481,2021.0,41861,1,Petrol,Gj-01,Manual,Hatchback,524000,Maruti,Ignis,Unknown
6482,2018.0,95774,1,Petrol,Ts-13,Automatic,Hatchback,636000,Maruti,Swift,Unknown
6483,2014.0,52515,1,Petrol,Dl-12,Manual,Sedan,377000,Maruti,Swift Dzire,Unknown
6484,2019.0,43803,1,Petrol,Ts-08,Manual,Hatchback,682000,Hyundai,Elite I20,Unknown
6485,2018.0,56028,2,Petrol,Tn-13,Manual,Hatchback,673000,Hyundai,Elite I20,Unknown
6486,2018.0,42368,2,Petrol,Gj-15,Manual,Hatchback,577000,Maruti,Baleno,Unknown
6487,2021.0,33090,1,Petrol,Ts-04,Manual,Suv,1020000,Tata,Nexon,Unknown
6488,2016.0,65374,1,Petrol,Mh-49,Manual,Hatchback,266000,Maruti,Alto 800,Unknown
6489,2020.0,35866,1,Diesel,Gj-06,Automatic,Suv,1818000,Tata,Harrier,Unknown
6490,2017.0,50681,1,Petrol,Ts-07,Manual,Hatchback,550000,Hyundai,Grand I10,Unknown
6491,2020.0,85312,1,Cng,Up-32,Manual,Hatchback,491000,Hyundai,New Santro,Unknown
6492,2019.0,15759,1,Petrol,Dl-3C,Automatic,Sedan,830000,Maruti,Ciaz,Unknown
6493,2014.0,59352,1,Petrol,Mh-02,Manual,Hatchback,416200,Hyundai,Elite I20,Unknown
6494,2010.0,31596,1,Petrol,Wb-06,Manual,Hatchback,199000,Maruti,Wagon R 1.0,Unknown
6495,2014.0,62217,2,Petrol,Mh-12,Manual,Hatchback,296000,Honda,Brio,Unknown
6496,2016.0,80318,2,Petrol,Dl-3C,Manual,Sedan,314000,Maruti,Ciaz,Unknown
6497,2018.0,27243,1,Petrol,Mh-15,Manual,Hatchback,348000,Hyundai,Eon,Unknown
6498,2019.0,72314,1,Petrol,Ts-09,Automatic,Hatchback,345000,Datsun,Redi Go,Unknown
6499,2022.0,25298,1,Petrol,Hr-36,Manual,Hatchback,885000,Maruti,Baleno,Unknown
6500,2016.0,34125,1,Petrol,Mh-03,Automatic,Sedan,920000,Honda,City,Unknown
6501,2016.0,35847,1,Petrol,Mh-48,Manual,Hatchback,264000,Maruti,Alto 800,Unknown
6502,2020.0,55130,1,Petrol,Mh-47,Manual,Suv,878000,Maruti,Vitara Brezza,Unknown
6503,2017.0,33970,1,Diesel,Mh-12,Automatic,Sedan,797350,Volkswagen,Ameo,Unknown
6504,2012.0,83421,1,Petrol,Dl-12,Manual,Sedan,282000,Maruti,Swift Dzire,Unknown
6505,2017.0,36888,2,Petrol,Dl-12,Manual,Sedan,392000,Honda,City,Unknown
6506,2017.0,75817,1,Petrol,Mh-46,Manual,Hatchback,228000,Datsun,Redi Go,Unknown
6507,2021.0,24479,2,Petrol,Ka-28,Manual,Hatchback,811000,Tata,Altroz,Unknown
6508,2016.0,27547,1,Petrol,Ts-07,Manual,Hatchback,528000,Hyundai,Grand I10,Unknown
6509,2013.0,117658,1,Diesel,Ka-51,Manual,Sedan,545000,Hyundai,Verna,Unknown
6510,2021.0,23725,1,Petrol,Br-01,Manual,Hatchback,521000,Renault,Kiger,Unknown
6511,2019.0,17394,2,Petrol,Mh-01,Manual,Hatchback,510000,Hyundai,New Santro,Unknown
6512,2015.0,10056,2,Petrol,Dl-8C,Manual,Hatchback,421000,Maruti,Swift,Unknown
6513,2018.0,43740,1,Petrol,Hr-26,Manual,Hatchback,696000,Hyundai,Elite I20,Unknown
6514,2018.0,114715,1,Cng,Gj-18,Manual,Sedan,507000,Hyundai,Xcent,Unknown
6515,2022.0,84316,1,Petrol,Dl-1C,Manual,Sedan,524000,Maruti,Dzire,Unknown
6516,2014.0,60541,2,Petrol,Tn-14,Manual,Hatchback,335000,Hyundai,I10,Unknown
6517,2021.0,52691,1,Petrol,Pb-02,Automatic,Suv,1017000,Toyota,Urban Cruiser,Unknown
6518,2016.0,32396,1,Petrol,Hr-26,Manual,Hatchback,253000,Maruti,Alto 800,Unknown
6519,2018.0,27222,1,Petrol,Gj-01,Manual,Hatchback,421000,Hyundai,New Santro,Unknown
6520,2011.0,97383,1,Petrol,Dl-1C,Manual,Hatchback,238000,Maruti,Swift,Unknown
6521,2018.0,79688,1,Cng,Mh-14,Manual,Hatchback,479000,Tata,Tiago,Unknown
6522,2018.0,88880,1,Diesel,Tn-04,Manual,Sedan,558000,Maruti,Dzire,Unknown
6523,2013.0,82482,3,Petrol,Ka-41,Manual,Hatchback,233000,Maruti,Alto K10,Unknown
6524,2012.0,72383,2,Petrol,Gj-01,Manual,Hatchback,362000,Maruti,Swift,Unknown
6525,2019.0,38673,1,Cng,Mh-05,Manual,Hatchback,493000,Maruti,Celerio,Unknown
6526,2017.0,56416,1,Petrol,Ts-07,Manual,Hatchback,645000,Hyundai,Elite I20,Unknown
6527,2018.0,68505,1,Petrol,Br-01,Manual,Hatchback,353000,Maruti,Wagon R 1.0,Unknown
6528,2018.0,27793,2,Petrol,Mh-06,Manual,Hatchback,547000,Maruti,Swift,Unknown
6529,2013.0,83946,1,Petrol,Ka-05,Manual,Hatchback,303000,Hyundai,I10,Unknown
6530,2014.0,32777,1,Petrol,Pb-65,Automatic,Hatchback,382000,Maruti,Celerio,Unknown
6531,2019.0,4316,1,Petrol,Wb-02,Manual,Hatchback,401000,Maruti,S Presso,Unknown
6532,2018.0,34840,1,Petrol,Ts-07,Automatic,Hatchback,690000,Maruti,Swift,Unknown
6533,2018.0,45572,2,Cng,Mh-12,Manual,Hatchback,451000,Maruti,Wagon R 1.0,Unknown
6534,2015.0,43336,1,Petrol,Ka-01,Automatic,Hatchback,458000,Maruti,Celerio,Unknown
6535,2017.0,46387,1,Petrol,Hr-10,Manual,Hatchback,442000,Maruti,Swift,Unknown
6536,2014.0,61596,1,Petrol,Hr-26,Automatic,Hatchback,294000,Maruti,Alto K10,Unknown
6537,2016.0,74756,1,Diesel,Hr-36,Manual,Hatchback,481000,Maruti,Swift,Unknown
6538,2019.0,23317,1,Petrol,Up-14,Manual,Suv,581000,Renault,Triber,Unknown
6539,2015.0,86315,1,Diesel,Mh-08,Manual,Sedan,781000,Honda,City,Unknown
6540,2021.0,14463,1,Petrol,Ka-03,Manual,Hatchback,912000,Renault,Kiger,Unknown
6541,2020.0,76980,1,Petrol,Up-32,Manual,Hatchback,372000,Maruti,S Presso,Unknown
6542,2016.0,20821,1,Cng,Mh-47,Manual,Hatchback,371000,Maruti,Wagon R 1.0,Unknown
6543,2016.0,68645,1,Petrol,Tn-14,Manual,Hatchback,295000,Maruti,Alto 800,Unknown
6544,2016.0,31699,1,Petrol,Mh-04,Manual,Hatchback,573000,Maruti,Baleno,Unknown
6545,2017.0,47474,2,Petrol,Dl-9C,Manual,Hatchback,524000,Maruti,Ignis,Unknown
6546,2017.0,26737,1,Petrol,Tn-22,Manual,Hatchback,311000,Maruti,Alto 800,Unknown
6547,2022.0,41972,1,Cng,Hr-51,Manual,Hatchback,613000,Maruti,New Wagon-R,Unknown
6548,2017.0,120542,1,Cng,Mh-12,Manual,Hatchback,466000,Hyundai,Grand I10,Unknown
6549,2019.0,80724,1,Petrol,Ts-07,Automatic,Suv,985000,Maruti,Xl6,Unknown
6550,2014.0,50789,3,Petrol,Rj-23,Manual,Hatchback,309000,Hyundai,I10,Unknown
6551,2015.0,44214,1,Cng,Mh-14,Manual,Hatchback,478000,Maruti,Celerio,Unknown
6552,2017.0,52528,1,Petrol,Mh-16,Automatic,Hatchback,394000,Renault,Kwid,Unknown
6553,2010.0,100870,2,Petrol,Unknown,Manual,Hatchback,218000,Maruti,Zen Estilo,Unknown
6554,2020.0,31518,1,Petrol,Mh-14,Automatic,Hatchback,705000,Maruti,Ignis,Unknown
6555,2018.0,70028,1,Petrol,Ka-04,Automatic,Hatchback,706000,Maruti,Swift,Unknown
6556,2018.0,38309,2,Petrol,Tn-13,Manual,Suv,629000,Honda,Wr-V,Unknown
6557,2016.0,10212,1,Petrol,Mh-04,Manual,Hatchback,589000,Hyundai,Elite I20,Unknown
6558,2016.0,54909,2,Petrol,Ka-03,Automatic,Suv,719000,Ford,Ecosport,Unknown
6559,2021.0,25157,1,Petrol,Dl-12,Manual,Sedan,439000,Hyundai,Aura,Unknown
6560,2017.0,86541,1,Petrol,Hr-51,Manual,Hatchback,554000,Maruti,Baleno,Unknown
6561,2018.0,36970,1,Diesel,Wb-08,Manual,Suv,543000,Ford,Freestyle,Unknown
6562,2015.0,46998,2,Petrol,Mh-47,Manual,Hatchback,303000,Maruti,Alto K10,Unknown
6563,2017.0,75199,2,Petrol,Ts-08,Manual,Sedan,828000,Honda,City,Unknown
6564,2020.0,35871,1,Petrol,Ch-01,Manual,Suv,1016000,Kia,Sonet,Unknown
6565,2018.0,71817,1,Petrol,Ts-08,Manual,Hatchback,736000,Hyundai,I20 Active,Unknown
6566,2019.0,63793,1,Cng,Hr-26,Manual,Hatchback,510000,Hyundai,New Santro,Unknown
6567,2016.0,53383,2,Petrol,Up-32,Manual,Sedan,453000,Honda,City,Unknown
6568,2016.0,36707,2,Petrol,Ts-09,Manual,Hatchback,321000,Hyundai,Eon,Unknown
6569,2014.0,98390,1,Petrol,Dl-3C,Manual,Hatchback,311000,Maruti,Wagon R 1.0,Unknown
6570,2019.0,48168,1,Petrol,Ka-51,Automatic,Hatchback,705000,Maruti,Swift,Unknown
6571,2020.0,80643,1,Petrol,Ts-07,Manual,Hatchback,750000,Toyota,Glanza,Unknown
6572,2019.0,19624,1,Petrol,Ts-07,Automatic,Sedan,760000,Honda,Amaze,Unknown
6573,2019.0,90111,1,Diesel,Ts-09,Manual,Suv,883000,Mahindra,Xuv 3Oo,Unknown
6574,2022.0,9722,1,Petrol,Gj-38,Automatic,Hatchback,691000,Tata,Tiago,Unknown
6575,2020.0,54737,1,Petrol,Ts-09,Automatic,Sedan,705000,Toyota,Yaris,Unknown
6576,2022.0,13327,2,Petrol,Wb-12,Manual,Sedan,695000,Tata,Tigor,Unknown
6577,2016.0,30899,2,Petrol,Mh-02,Automatic,Sedan,704000,Honda,City,Unknown
6578,2012.0,23815,1,Petrol,Ka-02,Manual,Hatchback,490000,Maruti,Swift,Unknown
6579,2019.0,71441,1,Diesel,Mh-43,Automatic,Suv,930000,Tata,Nexon,Unknown
6580,2020.0,64542,1,Petrol,Gj-26,Manual,Hatchback,294000,Maruti,Alto,Unknown
6581,2018.0,64938,1,Diesel,Dl-9C,Manual,Suv,706000,Maruti,Vitara Brezza,Unknown
6582,2017.0,39922,2,Petrol,Up-32,Automatic,Hatchback,298000,Maruti,Alto K10,Unknown
6583,2022.0,117505,2,Petrol,Unknown,Manual,Sedan,549000,Skoda,Slavia,Unknown
6584,2018.0,26136,2,Petrol,Ka-09,Manual,Hatchback,618000,Hyundai,Grand I10,Unknown
6585,2019.0,26642,1,Petrol,Hr-31,Manual,Hatchback,347000,Maruti,Alto,Unknown
6586,2014.0,32178,1,Petrol,Tn-19,Manual,Sedan,589000,Honda,City,Unknown
6587,2018.0,122321,2,Diesel,Mh-49,Manual,Sedan,465000,Honda,Amaze,Unknown
6588,2017.0,42442,2,Petrol,Rj-02,Manual,Hatchback,275000,Renault,Kwid,Unknown
6589,2012.0,24116,1,Petrol,Dl-10,Manual,Hatchback,326000,Hyundai,I20,Unknown
6590,2020.0,15237,1,Petrol,Hr-98,Manual,Suv,859000,Hyundai,Venue,Unknown
6591,2021.0,25869,1,Petrol,Gj-01,Manual,Hatchback,383000,Maruti,Alto,Unknown
6592,2017.0,44752,1,Petrol,Hr-36,Manual,Sedan,808000,Honda,City,Unknown
6593,2014.0,60379,1,Petrol,Mh-03,Manual,Hatchback,435000,Maruti,Swift,Unknown
6594,2016.0,60478,1,Cng,Tn-87,Manual,Sedan,765000,Honda,City,Unknown
6595,2016.0,63926,1,Petrol,Mh-01,Automatic,Sedan,604000,Volkswagen,Vento,Unknown
6596,2017.0,56054,1,Petrol,Hr-52,Manual,Hatchback,491000,Hyundai,Grand I10,Unknown
6597,2016.0,47077,1,Petrol,Ka-51,Manual,Hatchback,595000,Honda,Jazz,Unknown
6598,2022.0,18484,1,Cng,Rj-40,Manual,Hatchback,553000,Maruti,S Presso,Unknown
6599,2017.0,48345,1,Petrol,Hr-20,Manual,Hatchback,300000,Renault,Kwid,Unknown
6600,2018.0,12896,1,Petrol,Hr-51,Manual,Sedan,554000,Hyundai,Xcent,Unknown
6601,2021.0,17802,1,Petrol,Rj-45,Manual,Hatchback,657000,Maruti,Baleno,Unknown
6602,2018.0,56436,1,Petrol,Tn-10,Automatic,Hatchback,524000,Maruti,Celerio,Unknown
6603,2019.0,41958,1,Petrol,Ka-51,Manual,Hatchback,393000,Maruti,Alto,Unknown
6604,2015.0,35250,1,Petrol,Ka-02,Manual,Hatchback,581000,Maruti,Swift,Unknown
6605,2018.0,26726,1,Petrol,Mh-46,Manual,Hatchback,374000,Hyundai,Eon,Unknown
6606,2016.0,39071,1,Petrol,Gj-27,Manual,Sedan,867000,Honda,Amaze,Unknown
6607,2017.0,41859,1,Petrol,Up-14,Automatic,Hatchback,471000,Maruti,Celerio,Unknown
6608,2021.0,32972,1,Cng,Rj-02,Manual,Hatchback,425000,Maruti,Alto,Unknown
6609,2019.0,46566,2,Petrol,Tn-13,Manual,Suv,750000,Honda,Wr-V,Unknown
6610,2019.0,80882,1,Diesel,Mp-09,Manual,Hatchback,676000,Maruti,Swift,Unknown
6611,2016.0,65850,1,Petrol,Mh-46,Manual,Suv,647000,Maruti,Ertiga,Unknown
6612,2020.0,77451,1,Petrol,Pb-03,Manual,Suv,987000,Mahindra,Xuv 3Oo,Unknown
6613,2019.0,68912,1,Petrol,Ts-07,Manual,Hatchback,566350,Tata,Tiago,Unknown
6614,2022.0,5200,1,Petrol,Br-01,Manual,Hatchback,677000,Hyundai,Grand I10 Nios,Unknown
6615,2015.0,16262,2,Petrol,Br-01,Manual,Hatchback,363000,Maruti,Wagon R Stingray,Unknown
6616,2019.0,58764,1,Diesel,Mh-02,Automatic,Sedan,615000,Honda,Amaze,Unknown
6617,2021.0,26985,1,Petrol,Gj-01,Manual,Sedan,521000,Hyundai,Aura,Unknown
6618,2018.0,43312,1,Petrol,Pb-70,Manual,Hatchback,574000,Maruti,Swift,Unknown
6619,2021.0,42346,1,Petrol,Br-01,Automatic,Suv,1114000,Hyundai,Venue,Unknown
6620,2016.0,69981,2,Petrol,Ts-10,Automatic,Lux_Sedan,957000,Toyota,Corolla Altis,Unknown
6621,2017.0,38635,1,Petrol,Ts-08,Automatic,Hatchback,606000,Hyundai,Grand I10,Unknown
6622,2011.0,107439,2,Petrol,Unknown,Manual,Hatchback,163000,Maruti,Alto,Unknown
6623,2013.0,101579,2,Cng,Mh-14,Manual,Hatchback,229000,Hyundai,Eon,Unknown
6624,2021.0,13941,1,Diesel,Gj-01,Automatic,Lux_Suv,1778000,Mahindra,Xuv500,Unknown
6625,2017.0,22780,1,Petrol,Up-16,Manual,Hatchback,301000,Maruti,Alto 800,Unknown
6626,2020.0,48094,3,Petrol,Ch-01,Manual,Sedan,582000,Toyota,Yaris,Unknown
6627,2021.0,29427,1,Petrol,Gj-01,Manual,Suv,648000,Tata,Punch,Unknown
6628,2017.0,40924,2,Cng,Tn-12,Manual,Hatchback,469000,Hyundai,Grand I10,Unknown
6629,2018.0,66688,2,Petrol,Hr-26,Manual,Hatchback,602000,Maruti,Swift,Unknown
6630,2017.0,61047,2,Petrol,Mh-43,Manual,Hatchback,577000,Hyundai,I20 Active,Unknown
6631,2019.0,55705,1,Petrol,Ka-51,Manual,Hatchback,680000,Maruti,Swift,Unknown
6632,2012.0,36473,1,Petrol,Mh-43,Manual,Hatchback,258000,Hyundai,I10,Unknown
6633,2017.0,35660,2,Petrol,Tn-10,Automatic,Suv,805000,Ford,Ecosport,Unknown
6634,2011.0,117052,1,Petrol,Unknown,Manual,Sedan,201000,Toyota,Etios,Unknown
6635,2017.0,38710,1,Petrol,Mh-12,Manual,Hatchback,654000,Maruti,Baleno,Unknown
6636,2020.0,25778,1,Petrol,Hr-06,Manual,Suv,888000,Maruti,Vitara Brezza,Unknown
6637,2019.0,27026,1,Petrol,Dl-3C,Manual,Sedan,614000,Maruti,Dzire,Unknown
6638,2019.0,25256,1,Petrol,Hr-35,Manual,Hatchback,332000,Maruti,Alto,Unknown
6639,2012.0,67974,1,Diesel,Mh-02,Manual,Hatchback,419000,Maruti,Swift,Unknown
6640,2017.0,14654,1,Petrol,Mh-15,Manual,Hatchback,350000,Hyundai,Eon,Unknown
6641,2018.0,67240,2,Petrol,Dl-8C,Automatic,Sedan,684000,Maruti,Dzire,Unknown
6642,2015.0,91434,1,Petrol,Tn-09,Manual,Hatchback,379000,Maruti,Celerio,Unknown
6643,2014.0,46318,1,Petrol,Wb-08,Manual,Hatchback,186000,Maruti,Alto 800,Unknown
6644,2018.0,38360,1,Petrol,Tn-14,Manual,Hatchback,386000,Datsun,Go,Unknown
6645,2020.0,30241,1,Petrol,Ts-09,Manual,Suv,998000,Renault,Duster,Unknown
6646,2015.0,33488,1,Petrol,Ka-03,Automatic,Sedan,917000,Honda,City,Unknown
6647,2018.0,33747,1,Cng,Mh-43,Manual,Hatchback,455000,Maruti,Wagon R 1.0,Unknown
6648,2014.0,52144,2,Petrol,Tn-73,Automatic,Sedan,948000,Honda,City,Unknown
6649,2016.0,24616,1,Petrol,Dl-7C,Manual,Hatchback,548000,Hyundai,Elite I20,Unknown
6650,2018.0,29472,1,Petrol,Up-52,Manual,Hatchback,324000,Renault,Kwid,Unknown
6651,2015.0,81418,1,Petrol,Br-01,Manual,Hatchback,353000,Hyundai,Grand I10,Unknown
6652,2013.0,38192,1,Petrol,Mh-14,Manual,Sedan,341000,Toyota,Etios,Unknown
6653,2020.0,24268,1,Petrol,Hr-26,Manual,Hatchback,717000,Tata,Altroz,Unknown
6654,2021.0,78271,1,Cng,Hr-36,Manual,Hatchback,546000,Hyundai,New Santro,Unknown
6655,2017.0,21850,1,Petrol,Mh-02,Manual,Suv,666000,Honda,Wr-V,Unknown
6656,2017.0,42733,1,Petrol,Dl-2C,Manual,Hatchback,547000,Maruti,Baleno,Unknown
6657,2010.0,66876,2,Petrol,Mh-13,Manual,Hatchback,229000,Hyundai,I20,Unknown
6658,2017.0,71448,3,Diesel,Rj-20,Automatic,Sedan,705000,Hyundai,Verna,Unknown
6659,2020.0,30525,1,Petrol,Pb-10,Manual,Hatchback,448000,Tata,Tiago,Unknown
6660,2017.0,30898,1,Petrol,Ka-05,Automatic,Hatchback,513000,Maruti,Celerio,Unknown
6661,2010.0,72769,1,Petrol,Mh-12,Manual,Sedan,401000,Maruti,Swift Dzire,Unknown
6662,2017.0,34637,2,Petrol,Tn-05,Manual,Hatchback,656000,Hyundai,Elite I20,Unknown
6663,2015.0,39100,1,Petrol,Ka-02,Manual,Hatchback,589000,Maruti,Swift,Unknown
6664,2020.0,45008,1,Petrol,Gj-06,Manual,Sedan,647000,Honda,City,Unknown
6665,2010.0,52483,1,Petrol,Dl-6C,Manual,Hatchback,184000,Maruti,Swift,Unknown
6666,2013.0,29386,1,Petrol,Mh-03,Manual,Hatchback,397000,Maruti,Swift,Unknown
6667,2011.0,40697,1,Petrol,Mh-05,Manual,Hatchback,295000,Toyota,Etios Liva,Unknown
6668,2014.0,80467,1,Petrol,Mh-36,Manual,Hatchback,412000,Hyundai,Grand I10,Unknown
6669,2015.0,66747,2,Petrol,Tn-12,Manual,Hatchback,333000,Hyundai,Eon,Unknown
6670,2019.0,56439,1,Petrol,Mh-02,Manual,Sedan,470000,Volkswagen,Vento,Unknown
6671,2019.0,42595,1,Diesel,Mh-12,Manual,Suv,896000,Ford,Ecosport,Unknown
6672,2017.0,89733,1,Petrol,Hr-26,Automatic,Hatchback,499000,Hyundai,Grand I10,Unknown
6673,2019.0,41945,1,Petrol,Gj-01,Manual,Hatchback,621000,Maruti,Swift,Unknown
6674,2016.0,59080,1,Petrol,Mh-40,Manual,Hatchback,358000,Hyundai,I10,Unknown
6675,2015.0,80863,2,Petrol,Ka-05,Manual,Hatchback,415000,Maruti,Wagon R 1.0,Unknown
6676,2015.0,67064,1,Petrol,Up-14,Manual,Sedan,353000,Maruti,Swift Dzire,Unknown
6677,2013.0,113978,1,Diesel,Ka-25,Manual,Hatchback,438000,Maruti,Swift,Unknown
6678,2012.0,103384,1,Petrol,Unknown,Manual,Hatchback,201650,Maruti,Ritz,Unknown
6679,2014.0,72338,2,Petrol,Rj-14,Manual,Sedan,568600,Maruti,Swift Dzire,Unknown
6680,2015.0,63914,1,Petrol,Mh-43,Manual,Sedan,292000,Honda,City,Unknown
6681,2021.0,46960,2,Petrol,Hr-26,Automatic,Hatchback,677000,Maruti,Swift,Unknown
6682,2020.0,73659,2,Petrol,Tn-15,Manual,Hatchback,636000,Maruti,Baleno,Unknown
6683,2021.0,11679,1,Petrol,Ka-03,Manual,Hatchback,603000,Maruti,New Wagon-R,Unknown
6684,2016.0,105374,1,Petrol,Unknown,Manual,Sedan,554000,Maruti,Ciaz,Unknown
6685,2010.0,76599,2,Petrol,Ap-29,Manual,Hatchback,259000,Maruti,Ritz,Unknown
6686,2022.0,29302,1,Petrol,Ts-07,Automatic,Suv,801000,Renault,Triber,Unknown
6687,2017.0,36736,1,Petrol,Gj-14,Manual,Hatchback,512000,Maruti,Ignis,Unknown
6688,2013.0,50890,1,Petrol,Ka-04,Manual,Hatchback,325000,Hyundai,I10,Unknown
6689,2020.0,49053,1,Petrol,Ka-19,Manual,Suv,1189000,Kia,Sonet,Unknown
6690,2022.0,11097,1,Petrol,Up-16,Manual,Suv,622000,Nissan,Magnite,Unknown
6691,2017.0,52046,1,Petrol,Gj-05,Manual,Hatchback,325000,Nissan,Micra Active,Unknown
6692,2021.0,16983,2,Petrol,Ts-35,Manual,Hatchback,450000,Renault,Kwid,Unknown
6693,2020.0,49139,1,Petrol,Ka-59,Manual,Suv,927000,Renault,Duster,Unknown
6694,2022.0,20543,1,Petrol,Gj-06,Manual,Hatchback,729000,Maruti,Baleno,Unknown
6695,2011.0,73091,2,Petrol,Dl-4C,Manual,Hatchback,158000,Hyundai,Santro Xing,Unknown
6696,2017.0,36201,2,Diesel,Br-02,Manual,Suv,645000,Maruti,Vitara Brezza,Unknown
6697,2019.0,32009,2,Diesel,Dl-8C,Manual,Suv,775000,Mahindra,Thar,Unknown
6698,2016.0,119236,1,Petrol,Unknown,Manual,Sedan,359000,Maruti,Swift Dzire,Unknown
6699,2014.0,94853,1,Cng,Mh-04,Manual,Hatchback,315000,Maruti,Wagon R 1.0,Unknown
6700,2016.0,108326,1,Cng,Dl-2C,Manual,Sedan,372000,Maruti,Ciaz,Unknown
6701,2012.0,60223,2,Petrol,Mh-04,Manual,Hatchback,165000,Maruti,Alto K10,Unknown
6702,2014.0,54106,2,Diesel,Br-06,Manual,Sedan,426000,Honda,City,Unknown
6703,2019.0,44470,1,Petrol,Up-32,Manual,Hatchback,630000,Maruti,Baleno,Unknown
6704,2013.0,62186,1,Petrol,Mh-02,Manual,Hatchback,289000,Maruti,Wagon R Stingray,Unknown
6705,2015.0,56976,2,Diesel,Ka-02,Manual,Hatchback,612000,Maruti,Swift,Unknown
6706,2019.0,55455,1,Petrol,Gj-10,Manual,Hatchback,377000,Maruti,Alto,Unknown
6707,2017.0,49361,1,Petrol,Ka-03,Automatic,Hatchback,687000,Honda,Jazz,Unknown
6708,2013.0,80267,1,Diesel,Ka-04,Manual,Suv,786000,Maruti,Ertiga,Unknown
6709,2016.0,49414,2,Petrol,Dl-1C,Manual,Hatchback,429000,Maruti,Swift,Unknown
6710,2012.0,44094,2,Petrol,Kl-01,Manual,Hatchback,225000,Maruti,Alto K10,Unknown
6711,2016.0,47869,1,Diesel,Rj-45,Automatic,Sedan,751000,Maruti,Swift Dzire,Unknown
6712,2018.0,10911,2,Petrol,Gj-18,Manual,Hatchback,532000,Hyundai,Grand I10,Unknown
6713,2012.0,62731,1,Petrol,Mh-01,Manual,Hatchback,268000,Honda,Brio,Unknown
6714,2021.0,33889,1,Cng,Dl-3C,Manual,Hatchback,570000,Maruti,New Wagon-R,Unknown
6715,2014.0,81177,1,Petrol,Mp-05,Manual,Hatchback,316000,Maruti,Celerio,Unknown
6716,2019.0,68967,1,Petrol,Ka-42,Manual,Hatchback,432000,Hyundai,New Santro,Unknown
6717,2016.0,50687,1,Petrol,Ka-03,Automatic,Sedan,672000,Maruti,Ciaz,Unknown
6718,2011.0,97293,1,Petrol,Up-32,Manual,Hatchback,215000,Hyundai,I10,Unknown
6719,2022.0,63752,1,Diesel,Ts-09,Manual,Suv,1217000,Mahindra,Bolero Neo,Unknown
6720,2020.0,20986,1,Petrol,Hr-30,Manual,Hatchback,721000,Tata,Altroz,Unknown
6721,2012.0,61544,2,Petrol,Ka-03,Manual,Hatchback,333000,Honda,Brio,Unknown
6722,2015.0,115086,2,Diesel,Gj-06,Manual,Suv,529000,Mahindra,Tuv300,Unknown
6723,2018.0,68647,1,Petrol,Dl-3C,Manual,Sedan,359000,Honda,Amaze,Unknown
6724,2016.0,51878,1,Cng,Mh-46,Manual,Hatchback,481000,Hyundai,Grand I10,Unknown
6725,2018.0,42155,2,Petrol,Up-78,Manual,Hatchback,319000,Renault,Kwid,Unknown
6726,2012.0,69680,1,Petrol,Hr-26,Manual,Sedan,564000,Maruti,Swift Dzire,Unknown
6727,2011.0,81738,1,Petrol,Tn-22,Manual,Hatchback,302000,Maruti,Ritz,Unknown
6728,2017.0,69698,2,Petrol,Ts-07,Manual,Hatchback,659000,Hyundai,Elite I20,Unknown
6729,2017.0,51065,1,Petrol,Ka-53,Manual,Hatchback,635000,Hyundai,Elite I20,Unknown
6730,2016.0,72679,2,Petrol,Tn-01,Manual,Hatchback,348000,Renault,Kwid,Unknown
6731,2020.0,25216,1,Diesel,Mh-50,Automatic,Suv,1191000,Tata,Nexon,Unknown
6732,2019.0,37238,1,Petrol,Hr-12,Manual,Hatchback,323000,Datsun,Redi Go,Unknown
6733,2020.0,69277,1,Petrol,Mh-04,Manual,Sedan,384000,Maruti,Dzire,Unknown
6734,2021.0,27029,1,Petrol,Gj-27,Manual,Hatchback,686000,Maruti,Swift,Unknown
6735,2019.0,83411,1,Cng,Kl-42,Manual,Hatchback,471000,Hyundai,New Santro,Unknown
6736,2017.0,35152,1,Cng,Dl-8C,Manual,Hatchback,396000,Maruti,Wagon R 1.0,Unknown
6737,2017.0,78148,1,Petrol,Dl-9C,Automatic,Sedan,441000,Hyundai,Xcent,Unknown
6738,2021.0,9781,1,Petrol,Hr-03,Manual,Sedan,653000,Hyundai,Aura,Unknown
6739,2018.0,71053,1,Petrol,Rj-06,Manual,Sedan,613000,Honda,City,Unknown
6740,2017.0,44715,1,Petrol,Mh-03,Automatic,Hatchback,666000,Maruti,Baleno,Unknown
6741,2016.0,45155,1,Petrol,Up-32,Manual,Hatchback,451000,Maruti,Baleno,Unknown
6742,2017.0,33324,1,Petrol,Ka-04,Automatic,Hatchback,756000,Maruti,Baleno,Unknown
6743,2019.0,32501,1,Petrol,Hr-72,Manual,Hatchback,567000,Maruti,Swift,Unknown
6744,2019.0,44187,1,Petrol,Mh-12,Manual,Sedan,878000,Skoda,Rapid,Unknown
6745,2016.0,34387,2,Petrol,Dl-1C,Manual,Sedan,445400,Maruti,Ciaz,Unknown
6746,2016.0,21443,2,Petrol,Tn-13,Manual,Hatchback,564000,Hyundai,Elite I20,Unknown
6747,2019.0,71735,2,Cng,Mh-46,Manual,Hatchback,523000,Maruti,Swift,Unknown
6748,2020.0,35860,1,Petrol,Up-53,Manual,Sedan,773000,Hyundai,Aura,Unknown
6749,2018.0,22473,2,Petrol,Ka-51,Manual,Suv,658000,Ford,Freestyle,Unknown
6750,2013.0,57078,2,Petrol,Ap-13,Manual,Hatchback,359000,Hyundai,I10,Unknown
6751,2018.0,52509,1,Petrol,Rj-27,Manual,Hatchback,562000,Maruti,Swift,Unknown
6752,2014.0,30233,3,Petrol,Dl-12,Automatic,Hatchback,371000,Hyundai,Grand I10,Unknown
6753,2011.0,60020,1,Petrol,Ka-05,Manual,Hatchback,415000,Maruti,Swift,Unknown
6754,2017.0,31757,2,Petrol,Ka-19,Manual,Hatchback,363000,Renault,Kwid,Unknown
6755,2013.0,72059,2,Petrol,Wb-02,Manual,Hatchback,268000,Maruti,Ritz,Unknown
6756,2012.0,96133,2,Petrol,Mh-31,Manual,Hatchback,183000,Maruti,Alto K10,Unknown
6757,2019.0,108813,2,Petrol,Unknown,Automatic,Sedan,795000,Volkswagen,Ameo,Unknown
6758,2019.0,40155,1,Diesel,Dl-9C,Automatic,Suv,812000,Maruti,Vitara Brezza,Unknown
6759,2016.0,89113,1,Petrol,Mh-46,Manual,Hatchback,523000,Honda,Jazz,Unknown
6760,2018.0,66286,1,Petrol,Dl-14,Manual,Hatchback,344000,Maruti,Alto K10,Unknown
6761,2018.0,30246,1,Diesel,Dl-7C,Manual,Hatchback,420000,Tata,Tiago,Unknown
6762,2017.0,102324,1,Petrol,Unknown,Manual,Hatchback,426000,Maruti,Ignis,Unknown
6763,2019.0,88750,1,Petrol,Up-80,Manual,Hatchback,659000,Maruti,Baleno,Unknown
6764,2015.0,73354,1,Petrol,Hr-26,Manual,Hatchback,437000,Hyundai,Grand I10,Unknown
6765,2018.0,44074,1,Petrol,Ka-01,Manual,Sedan,452000,Maruti,Dzire,Unknown
6766,2015.0,31059,1,Petrol,Dl-2C,Manual,Sedan,446000,Honda,Amaze,Unknown
6767,2010.0,50952,1,Diesel,Mh-03,Manual,Lux_Sedan,445000,Toyota,Corolla Altis,Unknown
6768,2015.0,55648,1,Petrol,Wb-02,Manual,Hatchback,484000,Hyundai,I20 Active,Unknown
6769,2016.0,66638,1,Petrol,Up-32,Manual,Sedan,565500,Honda,City,Unknown
6770,2018.0,89151,1,Diesel,Up-16,Automatic,Suv,759000,Maruti,Vitara Brezza,Unknown
6771,2011.0,66479,2,Petrol,Dl-4C,Manual,Sedan,230000,Toyota,Etios,Unknown
6772,2014.0,72273,1,Diesel,Hr-36,Manual,Hatchback,339000,Maruti,Ritz,Unknown
6773,2019.0,66337,1,Petrol,Mh-12,Manual,Suv,793000,Tata,Nexon,Unknown
6774,2017.0,43025,1,Petrol,Gj-27,Automatic,Hatchback,559000,Hyundai,Grand I10,Unknown
6775,2014.0,92341,1,Diesel,Ka-04,Manual,Sedan,558000,Maruti,Swift Dzire,Unknown
6776,2021.0,33730,1,Petrol,Ts-32,Manual,Hatchback,499000,Datsun,Redi Go,Unknown
6777,2018.0,53083,1,Petrol,Hr-30,Manual,Hatchback,565000,Hyundai,Elite I20,Unknown
6778,2014.0,45050,1,Petrol,Tn-11,Manual,Hatchback,446000,Hyundai,Grand I10,Unknown
6779,2018.0,81236,1,Cng,Up-14,Automatic,Hatchback,521000,Maruti,Ignis,Unknown
6780,2016.0,46518,2,Petrol,Pb-10,Automatic,Sedan,981000,Hyundai,Verna,Unknown
6781,2015.0,89315,1,Petrol,Hr-20,Manual,Suv,548000,Maruti,Ertiga,Unknown
6782,2018.0,73914,1,Petrol,Up-32,Manual,Hatchback,498000,Hyundai,Grand I10,Unknown
6783,2022.0,1024,1,Petrol,Dl-12,Manual,Hatchback,727000,Renault,Kiger,Unknown
6784,2010.0,88968,1,Petrol,Mp-04,Manual,Hatchback,251000,Volkswagen,Polo,Unknown
6785,2021.0,39534,2,Petrol,Mh-14,Manual,Sedan,363000,Maruti,Ciaz,Unknown
6786,2017.0,15861,1,Petrol,Dl-8C,Manual,Hatchback,552000,Maruti,Baleno,Unknown
6787,2020.0,36275,2,Petrol,Mh-47,Automatic,Suv,1002000,Hyundai,Venue,Unknown
6788,2012.0,95407,2,Diesel,Mh-04,Manual,Suv,446000,Renault,Duster,Unknown
6789,2022.0,12132,1,Petrol,Tn-20,Manual,Hatchback,683000,Maruti,New Wagon-R,Unknown
6790,2017.0,70336,1,Petrol,Dl-12,Manual,Hatchback,490000,Hyundai,Grand I10,Unknown
6791,2019.0,57783,1,Petrol,Wb-06,Automatic,Hatchback,621000,Honda,Jazz,Unknown
6792,2016.0,87249,1,Petrol,Mh-06,Automatic,Sedan,581000,Maruti,Ciaz,Unknown
6793,2016.0,38519,1,Petrol,Mh-12,Manual,Hatchback,361000,Hyundai,Eon,Unknown
6794,2012.0,83124,2,Petrol,Wb-02,Manual,Hatchback,213400,Honda,Brio,Unknown
6795,2011.0,69138,2,Petrol,Ka-53,Manual,Hatchback,304000,Maruti,Wagon R 1.0,Unknown
6796,2016.0,32031,1,Petrol,Hr-36,Manual,Hatchback,341000,Maruti,Alto K10,Unknown
6797,2018.0,74622,1,Diesel,Mh-04,Manual,Sedan,425000,Maruti,Dzire,Unknown
6798,2019.0,23126,1,Petrol,Gj-27,Manual,Hatchback,712000,Maruti,Baleno,Unknown
6799,2017.0,43083,1,Petrol,Ka-01,Manual,Hatchback,707000,Hyundai,Elite I20,Unknown
6800,2018.0,43445,2,Petrol,Gj-01,Manual,Hatchback,456000,Maruti,Ignis,Unknown
6801,2018.0,101823,1,Petrol,Unknown,Manual,Suv,606000,Tata,Nexon,Unknown
6802,2019.0,34886,2,Petrol,Mh-12,Automatic,Hatchback,651000,Hyundai,Grand I10,Unknown
6803,2017.0,96822,1,Petrol,Ts-04,Manual,Hatchback,652000,Maruti,Baleno,Unknown
6804,2017.0,25202,2,Petrol,Tn-02,Manual,Hatchback,301000,Maruti,Alto 800,Unknown
6805,2018.0,56460,1,Petrol,Ka-05,Automatic,Sedan,863000,Volkswagen,Vento,Unknown
6806,2021.0,58703,1,Petrol,Ka-02,Automatic,Hatchback,736000,Maruti,Swift,Unknown
6807,2013.0,111951,1,Cng,Mh-43,Manual,Hatchback,305000,Maruti,Wagon R 1.0,Unknown
6808,2014.0,72729,2,Petrol,Mh-49,Manual,Hatchback,291000,Maruti,Wagon R 1.0,Unknown
6809,2019.0,38619,1,Petrol,Dl-8C,Manual,Hatchback,398000,Renault,Kwid,Unknown
6810,2018.0,71070,1,Petrol,Gj-06,Automatic,Suv,812000,Ford,Ecosport,Unknown
6811,2023.0,3292,1,Petrol,Ka-05,Manual,Suv,1427000,Maruti,Brezza,Unknown
6812,2019.0,99500,1,Petrol,Dl-9C,Manual,Sedan,325000,Maruti,Dzire,Unknown
6813,2015.0,89318,1,Petrol,Gj-18,Manual,Hatchback,430000,Hyundai,Grand I10,Unknown
6814,2017.0,68759,1,Petrol,Gj-03,Manual,Hatchback,598000,Hyundai,Elite I20,Unknown
6815,2018.0,30549,1,Diesel,Hr-30,Manual,Suv,747000,Maruti,Vitara Brezza,Unknown
6816,2012.0,21178,1,Petrol,Ka-51,Manual,Hatchback,270000,Maruti,Alto 800,Unknown
6817,2017.0,40094,1,Petrol,Wb-12,Manual,Hatchback,342000,Honda,Brio,Unknown
6818,2016.0,82298,1,Petrol,Dl-4C,Manual,Sedan,482000,Maruti,Swift Dzire,Unknown
6819,2019.0,34580,1,Petrol,Br-01,Manual,Hatchback,442000,Hyundai,New Santro,Unknown
6820,2017.0,17698,1,Petrol,Dl-10,Manual,Hatchback,559200,Hyundai,Elite I20,Unknown
6821,2021.0,14135,1,Petrol,Tn-05,Manual,Hatchback,426000,Datsun,Redi Go,Unknown
6822,2022.0,5221,1,Petrol,Dl-14,Manual,Hatchback,504000,Renault,Kwid,Unknown
6823,2017.0,97912,2,Petrol,Tn-12,Manual,Hatchback,570000,Volkswagen,Polo,Unknown
6824,2016.0,48026,1,Petrol,Ka-02,Manual,Hatchback,522000,Hyundai,Grand I10,Unknown
6825,2014.0,51461,1,Petrol,Mh-12,Manual,Hatchback,510000,Hyundai,Grand I10,Unknown
6826,2016.0,29473,1,Petrol,Rj-45,Automatic,Sedan,939000,Volkswagen,Jetta,Unknown
6827,2017.0,67081,1,Diesel,Tn-22,Manual,Suv,724000,Honda,Wr-V,Unknown
6828,2017.0,79812,1,Petrol,Kl-37,Manual,Hatchback,236000,Hyundai,Eon,Unknown
6829,2019.0,35070,1,Petrol,Mp-04,Manual,Hatchback,335000,Renault,Kwid,Unknown
6830,2017.0,40073,2,Petrol,Ka-03,Manual,Hatchback,712000,Honda,Jazz,Unknown
6831,2019.0,44304,2,Petrol,Wb-02,Automatic,Sedan,486000,Honda,Civic,Unknown
6832,2015.0,84265,2,Petrol,Hr-51,Manual,Hatchback,400000,Volkswagen,Polo,Unknown
6833,2018.0,75074,1,Petrol,Mp-04,Manual,Hatchback,332000,Hyundai,Eon,Unknown
6834,2020.0,40019,1,Petrol,Ts-08,Manual,Hatchback,838000,Volkswagen,Polo,Unknown
6835,2013.0,59903,1,Petrol,Mp-04,Manual,Hatchback,221000,Maruti,Alto 800,Unknown
6836,2017.0,119803,1,Diesel,Up-14,Automatic,Suv,622000,Nissan,Terrano,Unknown
6837,2017.0,25678,1,Petrol,Tn-85,Manual,Hatchback,659000,Hyundai,Elite I20,Unknown
6838,2016.0,48397,2,Petrol,Tn-66,Manual,Hatchback,441000,Maruti,Wagon R 1.0,Unknown
6839,2010.0,97943,1,Petrol,Dl-7C,Manual,Hatchback,194000,Honda,Jazz,Unknown
6840,2013.0,50190,2,Cng,Dl-7C,Manual,Hatchback,235000,Hyundai,Santro Xing,Unknown
6841,2019.0,3152,1,Petrol,Wb-06,Manual,Hatchback,510000,Hyundai,Grand I10,Unknown
6842,2016.0,60361,2,Petrol,Mh-12,Manual,Hatchback,376000,Hyundai,Grand I10,Unknown
6843,2021.0,16178,1,Petrol,Pb-08,Manual,Hatchback,434000,Maruti,S Presso,Unknown
6844,2020.0,48706,1,Petrol,Mp-09,Manual,Suv,730000,Hyundai,Venue,Unknown
6845,2012.0,57413,1,Petrol,Mh-02,Manual,Hatchback,272000,Hyundai,I10,Unknown
6846,2019.0,77415,1,Petrol,Ts-07,Automatic,Hatchback,499000,Maruti,S Presso,Unknown
6847,2017.0,13216,1,Petrol,Mh-02,Manual,Hatchback,496000,Hyundai,Grand I10,Unknown
6848,2020.0,18699,1,Petrol,Hr-23,Manual,Sedan,869000,Maruti,Ciaz,Unknown
6849,2019.0,29448,1,Petrol,Mh-02,Manual,Hatchback,620000,Honda,Jazz,Unknown
6850,2020.0,10344,1,Petrol,Dl-12,Manual,Suv,877000,Mahindra,Xuv 3Oo,Unknown
6851,2019.0,67284,2,Petrol,Tn-14,Manual,Hatchback,523000,Tata,Tiago,Unknown
6852,2014.0,37533,1,Petrol,Hr-26,Manual,Hatchback,405000,Hyundai,I20,Unknown
6853,2016.0,45652,1,Petrol,Dl-14,Automatic,Hatchback,337000,Maruti,Alto K10,Unknown
6854,2016.0,43636,2,Cng,Br-01,Manual,Hatchback,352000,Maruti,Celerio,Unknown
6855,2013.0,41465,1,Diesel,Up-16,Manual,Sedan,864000,Maruti,Swift Dzire,Unknown
6856,2018.0,87113,1,Petrol,Ts-08,Manual,Sedan,529000,Hyundai,Verna,Unknown
6857,2019.0,37465,1,Petrol,Ts-28,Manual,Hatchback,429650,Renault,Kwid,Unknown
6858,2015.0,61623,2,Diesel,Gj-05,Manual,Hatchback,521000,Hyundai,Elite I20,Unknown
6859,2017.0,56290,1,Diesel,Mp-09,Manual,Suv,663600,Honda,Wr-V,Unknown
6860,2021.0,26838,1,Cng,Dl-6C,Manual,Hatchback,437000,Maruti,Alto,Unknown
6861,2016.0,63842,1,Petrol,Tn-22,Manual,Hatchback,629000,Hyundai,Elite I20,Unknown
6862,2020.0,38035,2,Cng,Ts-07,Manual,Hatchback,610000,Maruti,New Wagon-R,Unknown
6863,2018.0,55943,1,Petrol,Ts-07,Manual,Hatchback,691000,Hyundai,Elite I20,Unknown
6864,2014.0,49387,2,Petrol,Tn-07,Manual,Sedan,464000,Maruti,Swift Dzire,Unknown
6865,2018.0,58791,1,Petrol,Hr-26,Manual,Hatchback,463000,Maruti,Swift,Unknown
6866,2018.0,98499,1,Diesel,Hr-26,Automatic,Suv,747000,Maruti,Vitara Brezza,Unknown
6867,2016.0,79365,2,Diesel,Ka-19,Manual,Hatchback,490000,Hyundai,Grand I10,Unknown
6868,2018.0,72531,1,Petrol,Mp-04,Manual,Hatchback,378000,Maruti,Alto K10,Unknown
6869,2016.0,78782,1,Petrol,Ka-51,Manual,Hatchback,605000,Honda,Jazz,Unknown
6870,2012.0,113543,2,Petrol,Unknown,Manual,Hatchback,307000,Maruti,Wagon R 1.0,Unknown
6871,2022.0,8857,2,Petrol,Ka-19,Manual,Hatchback,747000,Maruti,Swift,Unknown
6872,2019.0,24171,1,Petrol,Mh-14,Manual,Hatchback,712000,Hyundai,Elite I20,Unknown
6873,2021.0,28156,1,Cng,Mh-05,Manual,Hatchback,419000,Maruti,Alto,Unknown
6874,2021.0,15564,1,Petrol,Gj-27,Manual,Sedan,617000,Hyundai,Aura,Unknown
6875,2017.0,84561,2,Cng,Gj-13,Manual,Hatchback,419000,Maruti,Celerio,Unknown
6876,2014.0,79068,1,Petrol,Ka-04,Manual,Hatchback,515000,Maruti,Swift,Unknown
6877,2018.0,40622,1,Petrol,Gj-10,Manual,Hatchback,672000,Honda,Jazz,Unknown
6878,2016.0,62663,2,Petrol,Dl-9C,Manual,Suv,722000,Hyundai,Creta,Unknown
6879,2020.0,30097,1,Petrol,Mh-04,Automatic,Sedan,1724000,Honda,Civic,Unknown
6880,2016.0,81019,1,Petrol,Up-16,Manual,Hatchback,387000,Hyundai,Grand I10,Unknown
6881,2016.0,51250,1,Petrol,Dl-2C,Manual,Hatchback,507000,Maruti,Baleno,Unknown
6882,2014.0,26011,1,Petrol,Ch-01,Manual,Sedan,635000,Honda,City,Unknown
6883,2016.0,81236,1,Petrol,Wb-02,Manual,Sedan,398000,Maruti,Swift Dzire,Unknown
6884,2014.0,78530,2,Diesel,Gj-05,Manual,Hatchback,374000,Hyundai,I20,Unknown
6885,2017.0,50948,2,Petrol,Tn-05,Manual,Hatchback,304000,Maruti,Alto 800,Unknown
6886,2022.0,16028,1,Petrol,Up-13,Manual,Suv,821000,Hyundai,Venue,Unknown
6887,2016.0,71842,1,Petrol,Mh-14,Manual,Sedan,416000,Volkswagen,Vento,Unknown
6888,2017.0,99358,1,Petrol,Gj-01,Manual,Hatchback,451000,Hyundai,Grand I10,Unknown
6889,2013.0,34295,2,Petrol,Mh-48,Manual,Hatchback,256000,Hyundai,I10,Unknown
6890,2019.0,37025,1,Petrol,Rj-02,Manual,Hatchback,323000,Renault,Kwid,Unknown
6891,2016.0,46600,2,Petrol,Dl-12,Manual,Suv,619000,Ford,Ecosport,Unknown
6892,2014.0,87262,1,Petrol,Ka-01,Manual,Hatchback,391000,Maruti,Celerio,Unknown
6893,2016.0,61072,1,Petrol,Mh-47,Manual,Hatchback,451000,Hyundai,Grand I10,Unknown
6894,2015.0,99940,2,Petrol,Ka-52,Manual,Hatchback,496000,Maruti,Swift,Unknown
6895,2021.0,20755,1,Petrol,Gj-27,Manual,Hatchback,564000,Tata,Tiago,Unknown
6896,2010.0,74341,1,Petrol,Hr-26,Manual,Hatchback,167000,Hyundai,I10,Unknown
6897,2021.0,67871,1,Diesel,Dl-3C,Automatic,Suv,854000,Tata,Nexon,Unknown
6898,2013.0,76950,1,Petrol,Up-14,Manual,Hatchback,335000,Hyundai,Grand I10,Unknown
6899,2018.0,73936,1,Petrol,Mh-01,Automatic,Hatchback,613000,Maruti,Ignis,Unknown
6900,2016.0,51520,2,Petrol,Up-78,Automatic,Hatchback,451000,Hyundai,Grand I10,Unknown
6901,2017.0,76507,1,Petrol,Dl-10,Manual,Hatchback,438000,Hyundai,Grand I10,Unknown
6902,2019.0,111212,2,Petrol,Unknown,Manual,Hatchback,437000,Maruti,Celerio X,Unknown
6903,2015.0,19634,1,Petrol,Mh-47,Manual,Sedan,566000,Honda,City,Unknown
6904,2013.0,20103,1,Petrol,Gj-01,Manual,Sedan,1191000,Hyundai,Verna,Unknown
6905,2020.0,64656,1,Cng,Mh-12,Automatic,Suv,1015000,Hyundai,Venue,Unknown
6906,2019.0,33236,2,Petrol,Rj-45,Automatic,Hatchback,715000,Hyundai,Elite I20,Unknown
6907,2019.0,63173,1,Petrol,Gj-01,Manual,Hatchback,693000,Hyundai,Elite I20,Unknown
6908,2013.0,61276,1,Petrol,Ka-22,Manual,Hatchback,421000,Hyundai,I20,Unknown
6909,2020.0,49799,2,Cng,Mh-12,Manual,Hatchback,620000,Hyundai,New Santro,Unknown
6910,2019.0,16727,2,Petrol,Ts-04,Manual,Sedan,940000,Maruti,Ciaz,Unknown
6911,2018.0,16156,1,Petrol,Gj-05,Manual,Hatchback,374000,Renault,Kwid,Unknown
6912,2018.0,78611,1,Petrol,Ts-08,Manual,Sedan,796000,Toyota,Yaris,Unknown
6913,2016.0,51415,1,Petrol,Dl-8C,Manual,Hatchback,481000,Maruti,Baleno,Unknown
6914,2016.0,65469,2,Diesel,Tn-07,Manual,Hatchback,628000,Hyundai,Elite I20,Unknown
6915,2017.0,66757,2,Petrol,Tn-02,Manual,Hatchback,492000,Hyundai,Grand I10,Unknown
6916,2019.0,33520,1,Petrol,Up-62,Manual,Hatchback,285000,Datsun,Redi Go,Unknown
6917,2014.0,80039,1,Petrol,Hr-20,Manual,Hatchback,371800,Hyundai,Grand I10,Unknown
6918,2020.0,13631,1,Petrol,Ka-18,Manual,Suv,861000,Mahindra,Xuv 3Oo,Unknown
6919,2017.0,73990,2,Petrol,Dl-12,Automatic,Sedan,599000,Honda,City,Unknown
6920,2017.0,26603,1,Petrol,Hr-51,Manual,Hatchback,191000,Datsun,Redi Go,Unknown
6921,2021.0,39855,1,Cng,Mh-43,Manual,Hatchback,475000,Maruti,S Presso,Unknown
6922,2017.0,80567,2,Cng,Gj-05,Manual,Hatchback,343000,Maruti,Wagon R 1.0,Unknown
6923,2021.0,13481,1,Petrol,Mp-04,Manual,Hatchback,789000,Renault,Kiger,Unknown
6924,2019.0,28149,1,Petrol,Ch-01,Manual,Sedan,807000,Toyota,Yaris,Unknown
6925,2010.0,95418,2,Petrol,Mh-14,Manual,Hatchback,166000,Maruti,Alto K10,Unknown
6926,2021.0,13512,1,Petrol,Gj-01,Manual,Hatchback,579000,Tata,Tiago,Unknown
6927,2018.0,91932,1,Diesel,Up-14,Automatic,Sedan,606000,Maruti,Dzire,Unknown
6928,2018.0,45655,2,Petrol,Br-01,Manual,Hatchback,601000,Maruti,Baleno,Unknown
6929,2014.0,72017,2,Petrol,Wb-02,Manual,Hatchback,284000,Maruti,Wagon R 1.0,Unknown
6930,2021.0,22081,1,Cng,Hr-51,Manual,Hatchback,461000,Maruti,Alto,Unknown
6931,2016.0,47934,1,Petrol,Dl-2C,Manual,Hatchback,399000,Maruti,Swift,Unknown
6932,2017.0,63011,1,Petrol,Dl-10,Manual,Hatchback,463000,Hyundai,Grand I10,Unknown
6933,2020.0,39752,2,Petrol,Ts-08,Manual,Hatchback,730000,Maruti,Baleno,Unknown
6934,2016.0,80320,2,Petrol,Mh-49,Manual,Hatchback,355000,Nissan,Micra Active,Unknown
6935,2014.0,30172,1,Petrol,Tn-05,Manual,Hatchback,282000,Maruti,Alto 800,Unknown
6936,2021.0,21106,1,Petrol,Tn-11,Manual,Hatchback,821000,Maruti,Baleno,Unknown
6937,2013.0,61917,2,Cng,Gj-21,Automatic,Sedan,410000,Honda,Amaze,Unknown
6938,2019.0,70001,1,Petrol,Gj-01,Manual,Hatchback,518000,Hyundai,Grand I10,Unknown
6939,2017.0,14658,1,Petrol,Mh-04,Automatic,Hatchback,420000,Maruti,Wagon R 1.0,Unknown
6940,2016.0,59281,2,Cng,Mh-48,Manual,Hatchback,282000,Maruti,Alto 800,Unknown
6941,2016.0,88255,2,Petrol,Ka-41,Manual,Hatchback,278000,Maruti,Alto 800,Unknown
6942,2019.0,86765,2,Diesel,Ts-08,Manual,Suv,1405000,Mahindra,Scorpio,Unknown
6943,2021.0,5071,1,Petrol,Gj-06,Automatic,Suv,1193000,Maruti,Xl6,Unknown
6944,2022.0,15956,1,Petrol,Ts-07,Manual,Suv,1583000,Volkswagen,Taigun,Unknown
6945,2019.0,49131,2,Petrol,Mh-14,Manual,Hatchback,645000,Maruti,Baleno,Unknown
6946,2016.0,92262,1,Petrol,Up-14,Manual,Hatchback,471000,Maruti,Baleno,Unknown
6947,2021.0,9008,1,Petrol,Br-01,Manual,Hatchback,483000,Renault,Kwid,Unknown
6948,2019.0,28931,2,Petrol,Mh-14,Manual,Hatchback,576000,Hyundai,Grand I10,Unknown
6949,2016.0,62505,2,Petrol,Tn-03,Manual,Hatchback,430000,Hyundai,Grand I10,Unknown
6950,2019.0,42285,1,Petrol,Ts-07,Manual,Hatchback,491000,Hyundai,New Santro,Unknown
6951,2020.0,36716,2,Petrol,Up-14,Manual,Hatchback,828000,Hyundai,New I20,Unknown
6952,2019.0,51897,1,Petrol,Gj-04,Manual,Hatchback,713000,Hyundai,Elite I20,Unknown
6953,2016.0,38705,1,Petrol,Ka-09,Manual,Sedan,652000,Skoda,Rapid,Unknown
6954,2018.0,24029,1,Petrol,Wb-02,Manual,Hatchback,429000,Hyundai,Grand I10,Unknown
6955,2015.0,35528,1,Cng,Mh-14,Manual,Sedan,786350,Maruti,Swift Dzire,Unknown
6956,2014.0,63113,1,Petrol,Rj-14,Automatic,Hatchback,401000,Hyundai,Grand I10,Unknown
6957,2017.0,83444,1,Petrol,Ka-05,Manual,Hatchback,391000,Maruti,Wagon R 1.0,Unknown
6958,2018.0,76105,1,Diesel,Hr-26,Manual,Suv,625000,Tata,Nexon,Unknown
6959,2019.0,85674,1,Petrol,Tn-77,Manual,Hatchback,408000,Datsun,Go,Unknown
6960,2011.0,40516,2,Diesel,Mh-48,Automatic,Sedan,705000,Honda,City,Unknown
6961,2017.0,63633,1,Petrol,Rj-14,Automatic,Hatchback,583000,Maruti,Baleno,Unknown
6962,2020.0,38253,1,Petrol,Pb-07,Automatic,Suv,1037000,Maruti,S Cross,Unknown
6963,2019.0,52297,2,Cng,Mh-01,Manual,Hatchback,465000,Maruti,New Wagon-R,Unknown
6964,2020.0,18522,1,Petrol,Gj-38,Manual,Hatchback,408000,Maruti,S Presso,Unknown
6965,2021.0,7598,1,Petrol,Ka-03,Automatic,Hatchback,992000,Renault,Kiger,Unknown
6966,2019.0,21619,1,Cng,Dl-9C,Manual,Hatchback,576000,Hyundai,New Santro,Unknown
6967,2014.0,17811,1,Petrol,Ka-53,Manual,Sedan,686000,Maruti,Swift Dzire,Unknown
6968,2010.0,49984,1,Petrol,Up-14,Manual,Hatchback,119000,Maruti,Alto,Unknown
6969,2017.0,16093,1,Petrol,Mh-43,Manual,Sedan,793000,Maruti,Dzire,Unknown
6970,2019.0,41680,1,Petrol,Br-01,Manual,Hatchback,498000,Maruti,Celerio,Unknown
6971,2016.0,42434,1,Petrol,Ts-07,Manual,Hatchback,504000,Hyundai,Grand I10,Unknown
6972,2014.0,50279,1,Petrol,Gj-01,Manual,Hatchback,342000,Maruti,Wagon R 1.0,Unknown
6973,2016.0,89224,2,Petrol,Ts-03,Manual,Hatchback,601000,Hyundai,Elite I20,Unknown
6974,2019.0,49331,1,Petrol,Gj-01,Manual,Hatchback,425000,Maruti,S Presso,Unknown
6975,2017.0,58647,1,Petrol,Ts-07,Manual,Hatchback,335000,Maruti,Alto 800,Unknown
6976,2018.0,25734,1,Petrol,Ka-41,Manual,Sedan,634000,Maruti,Ciaz,Unknown
6977,2019.0,93670,3,Petrol,Hr-05,Automatic,Hatchback,787000,Toyota,Glanza,Unknown
6978,2018.0,90598,2,Diesel,Up-32,Manual,Suv,701000,Maruti,Vitara Brezza,Unknown
6979,2017.0,60965,1,Diesel,Ka-05,Manual,Suv,868000,Renault,Duster,Unknown
6980,2021.0,45720,1,Diesel,Hr-81,Manual,Suv,1527000,Mahindra,Thar,Unknown
6981,2015.0,71003,2,Petrol,Ts-15,Manual,Hatchback,366000,Maruti,Wagon R 1.0,Unknown
6982,2018.0,24047,1,Petrol,Gj-01,Manual,Sedan,462000,Hyundai,Verna,Unknown
6983,2015.0,122062,1,Diesel,Up-14,Manual,Suv,396000,Ford,Ecosport,Unknown
6984,2016.0,97726,1,Petrol,Ts-08,Manual,Hatchback,379000,Maruti,Celerio,Unknown
6985,2021.0,33025,1,Petrol,Dl-10,Manual,Hatchback,725000,Renault,Kiger,Unknown
6986,2015.0,38874,1,Petrol,Pb-10,Manual,Sedan,783000,Maruti,Swift Dzire,Unknown
6987,2019.0,93942,1,Diesel,Ts-15,Manual,Suv,1498000,Tata,Harrier,Unknown
6988,2014.0,77267,1,Petrol,Mh-05,Manual,Hatchback,314000,Maruti,Wagon R 1.0,Unknown
6989,2019.0,45490,1,Petrol,Tn-37,Manual,Hatchback,469000,Hyundai,New Santro,Unknown
6990,2013.0,90552,2,Petrol,Mh-03,Manual,Sedan,302000,Honda,Amaze,Unknown
6991,2022.0,49399,1,Cng,Pb-65,Manual,Hatchback,751000,Hyundai,Grand I10 Nios,Unknown
6992,2018.0,76259,1,Diesel,Mh-12,Automatic,Lux_Suv,1629000,Hyundai,Tucson New,Unknown
6993,2022.0,2010,1,Cng,Ch-01,Manual,Hatchback,576000,Maruti,New Wagon-R,Unknown
6994,2020.0,25464,2,Petrol,Dl-3C,Automatic,Hatchback,438000,Renault,Kwid,Unknown
6995,2015.0,96498,1,Petrol,Up-70,Manual,Hatchback,305000,Maruti,Wagon R 1.0,Unknown
6996,2013.0,39460,1,Cng,Mh-01,Manual,Hatchback,364000,Maruti,Wagon R 1.0,Unknown
6997,2017.0,18299,1,Petrol,Gj-01,Manual,Hatchback,515000,Hyundai,Grand I10,Unknown
6998,2017.0,26215,1,Petrol,Ka-51,Manual,Hatchback,353000,Maruti,Alto 800,Unknown
6999,2021.0,48957,1,Petrol,Ts-25,Manual,Hatchback,584000,Datsun,Go Plus,Unknown
7000,2015.0,61036,2,Diesel,Up-32,Manual,Suv,557000,Maruti,S Cross,Unknown
7001,2015.0,39037,1,Petrol,Wb-08,Manual,Hatchback,269000,Hyundai,I10,Unknown
7002,2019.0,22989,1,Petrol,Dl-7C,Manual,Suv,572000,Ford,Freestyle,Unknown
7003,2019.0,51562,1,Petrol,Mh-14,Manual,Hatchback,587000,Maruti,New Wagon-R,Unknown
7004,2021.0,11602,1,Diesel,Mh-12,Manual,Suv,1338000,Hyundai,Creta,Unknown
7005,2012.0,89691,1,Diesel,Mh-12,Manual,Hatchback,454000,Maruti,Swift,Unknown
7006,2014.0,19215,1,Petrol,Dl-3C,Manual,Hatchback,438000,Maruti,Swift,Unknown
7007,2020.0,63533,1,Petrol,Hr-26,Manual,Sedan,378000,Honda,Civic,Unknown
7008,2014.0,50781,1,Petrol,Mh-02,Automatic,Sedan,489000,Hyundai,Verna,Unknown
7009,2018.0,14362,1,Petrol,Hr-76,Manual,Hatchback,587000,Hyundai,Elite I20,Unknown
7010,2022.0,22136,1,Cng,Tn-37,Manual,Hatchback,773000,Tata,Tiago,Unknown
7011,2017.0,19588,2,Petrol,Kl-07,Automatic,Hatchback,499000,Tata,Tiago,Unknown
7012,2022.0,19941,1,Diesel,Tn-12,Manual,Hatchback,891000,Tata,Altroz,Unknown
7013,2022.0,5008,1,Petrol,Ts-07,Manual,Suv,1724000,Kia,Seltos,Unknown
7014,2017.0,66931,1,Petrol,Dl-7C,Manual,Sedan,589000,Maruti,Ciaz,Unknown
7015,2019.0,15415,1,Petrol,Up-32,Manual,Hatchback,668000,Maruti,Baleno,Unknown
7016,2021.0,18471,1,Cng,Up-16,Manual,Hatchback,433000,Maruti,Alto,Unknown
7017,2016.0,47765,2,Petrol,Tn-01,Automatic,Sedan,727000,Maruti,Swift Dzire,Unknown
7018,2019.0,54490,1,Petrol,Kl-07,Manual,Hatchback,540000,Maruti,New Wagon-R,Unknown
7019,2012.0,26622,1,Petrol,Ka-03,Manual,Hatchback,328000,Maruti,Wagon R 1.0,Unknown
7020,2017.0,91910,1,Petrol,Hr-26,Manual,Sedan,695000,Hyundai,Xcent,Unknown
7021,2020.0,41767,1,Petrol,Tn-37,Automatic,Suv,842000,Tata,Nexon,Unknown
7022,2015.0,9934,1,Petrol,Mh-05,Manual,Hatchback,380000,Maruti,Wagon R 1.0,Unknown
7023,2019.0,37274,2,Petrol,Ka-01,Automatic,Hatchback,735000,Maruti,Baleno,Unknown
7024,2010.0,62746,1,Petrol,Dl-8C,Manual,Hatchback,184000,Maruti,Swift,Unknown
7025,2018.0,65921,2,Diesel,Mh-46,Automatic,Sedan,673200,Maruti,Dzire,Unknown
7026,2011.0,74354,2,Petrol,Ka-03,Manual,Hatchback,286000,Maruti,Wagon R 1.0,Unknown
7027,2021.0,20090,1,Petrol,Mh-04,Automatic,Hatchback,503000,Renault,Kwid,Unknown
7028,2015.0,79566,2,Petrol,Ka-03,Manual,Hatchback,289000,Maruti,Alto 800,Unknown
7029,2017.0,67130,1,Petrol,Ts-07,Automatic,Hatchback,667000,Volkswagen,Polo,Unknown
7030,2022.0,8690,1,Petrol,Gj-06,Manual,Hatchback,784000,Maruti,Baleno,Unknown
7031,2021.0,34832,1,Cng,Hr-81,Manual,Hatchback,422000,Maruti,Alto,Unknown
7032,2017.0,72564,2,Petrol,Wb-02,Manual,Suv,570000,Tata,Nexon,Unknown
7033,2016.0,51985,1,Petrol,Ts-11,Manual,Hatchback,299650,Renault,Kwid,Unknown
7034,2018.0,34290,1,Petrol,Ka-02,Automatic,Hatchback,447000,Renault,Kwid,Unknown
7035,2019.0,20610,1,Petrol,Mh-12,Manual,Suv,825000,Tata,Nexon,Unknown
7036,2018.0,55146,2,Petrol,Ka-03,Automatic,Sedan,762000,Honda,Amaze,Unknown
7037,2021.0,7166,1,Petrol,Ka-03,Manual,Suv,1009000,Renault,Duster,Unknown
7038,2012.0,10893,1,Petrol,Gj-01,Automatic,Sedan,954000,Maruti,Swift Dzire,Unknown
7039,2015.0,61105,1,Petrol,Ka-05,Manual,Hatchback,507000,Hyundai,Grand I10,Unknown
7040,2020.0,46213,1,Petrol,Hr-19,Manual,Hatchback,399000,Maruti,Alto,Unknown
7041,2018.0,37166,1,Petrol,Ka-41,Automatic,Hatchback,446000,Renault,Kwid,Unknown
7042,2018.0,82058,1,Petrol,Dl-13,Manual,Sedan,356000,Maruti,Dzire,Unknown
7043,2018.0,53019,1,Petrol,Hr-26,Manual,Sedan,737000,Maruti,Ciaz,Unknown
7044,2019.0,43395,1,Petrol,Dl-3C,Manual,Suv,757000,Renault,Duster,Unknown
7045,2011.0,104495,2,Petrol,Unknown,Manual,Hatchback,208000,Maruti,Ritz,Unknown
7046,2020.0,22380,2,Petrol,Mp-04,Manual,Hatchback,438000,Hyundai,New Santro,Unknown
7047,2010.0,69120,2,Petrol,Ka-04,Manual,Hatchback,300000,Maruti,Wagon R 1.0,Unknown
7048,2019.0,32895,2,Petrol,Mh-05,Manual,Hatchback,620000,Maruti,Baleno,Unknown
7049,2013.0,52189,1,Petrol,Hr-26,Manual,Sedan,411000,Honda,Amaze,Unknown
7050,2021.0,55767,1,Petrol,Hr-24,Manual,Suv,964000,Kia,Seltos,Unknown
7051,2017.0,45167,2,Petrol,Ka-05,Manual,Hatchback,678000,Maruti,Baleno,Unknown
7052,2017.0,62635,1,Petrol,Tn-02,Manual,Hatchback,654000,Hyundai,I20 Active,Unknown
7053,2012.0,70600,2,Petrol,Gj-06,Manual,Hatchback,343000,Hyundai,I20,Unknown
7054,2017.0,57986,2,Petrol,Ka-06,Manual,Hatchback,431000,Maruti,Celerio,Unknown
7055,2010.0,65702,1,Petrol,Dl-4C,Manual,Hatchback,180000,Hyundai,I20,Unknown
7056,2020.0,67952,1,Diesel,Gj-18,Manual,Suv,877000,Tata,Nexon,Unknown
7057,2013.0,76653,2,Petrol,Mh-06,Manual,Hatchback,233000,Maruti,Alto 800,Unknown
7058,2018.0,12280,1,Petrol,Dl-2C,Manual,Suv,778000,Honda,Wr-V,Unknown
7059,2018.0,26380,1,Cng,Dl-8C,Manual,Hatchback,428000,Maruti,Wagon R 1.0,Unknown
7060,2021.0,41984,1,Petrol,Hr-19,Automatic,Hatchback,632000,Renault,Kiger,Unknown
7061,2015.0,34422,2,Petrol,Mh-02,Manual,Hatchback,485000,Maruti,Swift,Unknown
7062,2015.0,62253,2,Petrol,Ts-08,Manual,Hatchback,361000,Honda,Brio,Unknown
7063,2015.0,84920,2,Cng,Gj-05,Manual,Hatchback,228000,Maruti,Alto 800,Unknown
7064,2020.0,62342,1,Diesel,Ts-02,Automatic,Suv,1532000,Mahindra,Thar,Unknown
7065,2018.0,89242,1,Petrol,Ts-08,Automatic,Hatchback,740000,Maruti,Baleno,Unknown
7066,2019.0,73578,1,Petrol,Wb-20,Manual,Hatchback,388000,Renault,Kwid,Unknown
7067,2015.0,62630,1,Petrol,Wb-08,Manual,Hatchback,219000,Maruti,Alto 800,Unknown
7068,2018.0,90092,1,Petrol,Hr-03,Manual,Hatchback,332000,Maruti,Alto K10,Unknown
7069,2019.0,53084,1,Diesel,Wb-18,Manual,Hatchback,721000,Hyundai,Grand I10 Nios,Unknown
7070,2019.0,30444,1,Petrol,Hr-76,Manual,Sedan,629000,Maruti,Dzire,Unknown
7071,2016.0,60297,2,Petrol,Ka-09,Manual,Hatchback,264000,Datsun,Redi Go,Unknown
7072,2015.0,77147,3,Petrol,Ka-53,Manual,Hatchback,467000,Maruti,Swift,Unknown
7073,2017.0,50749,1,Petrol,Mh-02,Automatic,Hatchback,625000,Maruti,Baleno,Unknown
7074,2019.0,52929,1,Petrol,Dl-4C,Automatic,Hatchback,575000,Hyundai,Grand I10,Unknown
7075,2021.0,48207,1,Petrol,Up-32,Manual,Hatchback,722000,Maruti,Baleno,Unknown
7076,2015.0,60197,2,Petrol,Ka-51,Manual,Hatchback,480000,Hyundai,Grand I10,Unknown
7077,2017.0,88379,2,Petrol,Ts-07,Manual,Hatchback,435000,Maruti,Celerio,Unknown
7078,2019.0,72183,1,Petrol,Ts-15,Manual,Suv,968000,Mahindra,Xuv 3Oo,Unknown
7079,2017.0,68726,1,Petrol,Mh-01,Manual,Hatchback,611000,Maruti,Baleno,Unknown
7080,2017.0,85389,1,Diesel,Gj-01,Manual,Suv,632000,Ford,Ecosport,Unknown
7081,2012.0,38843,2,Petrol,Tn-22,Manual,Hatchback,338000,Maruti,Wagon R 1.0,Unknown
7082,2015.0,63417,1,Petrol,Mp-09,Manual,Suv,356000,Mahindra,Kuv100,Unknown
7083,2019.0,56041,1,Diesel,Dl-1C,Automatic,Sedan,884000,Maruti,Dzire,Unknown
7084,2016.0,34902,3,Petrol,Gj-01,Manual,Hatchback,451000,Honda,Jazz,Unknown
7085,2020.0,106925,1,Petrol,Unknown,Manual,Hatchback,624000,Maruti,Swift,Unknown
7086,2021.0,12405,1,Petrol,Tn-12,Manual,Suv,1073000,Kia,Sonet,Unknown
7087,2017.0,43841,2,Petrol,Tn-14,Manual,Suv,763000,Honda,Wr-V,Unknown
7088,2017.0,46031,1,Petrol,Ka-05,Manual,Hatchback,283000,Datsun,Redi Go,Unknown
7089,2020.0,12205,1,Petrol,Ka-53,Automatic,Hatchback,782000,Hyundai,Grand I10 Nios,Unknown
7090,2010.0,72642,2,Petrol,Mh-15,Manual,Sedan,514000,Volkswagen,Vento,Unknown
7091,2016.0,78427,1,Petrol,Ka-05,Automatic,Sedan,893000,Honda,City,Unknown
7092,2012.0,64302,1,Petrol,Ka-04,Manual,Sedan,408000,Maruti,Swift Dzire,Unknown
7093,2015.0,99165,1,Diesel,Ap-13,Manual,Sedan,419000,Skoda,Rapid,Unknown
7094,2018.0,65548,1,Petrol,Up-16,Automatic,Hatchback,252000,Datsun,Redi Go,Unknown
7095,2019.0,25253,1,Petrol,Hr-26,Manual,Hatchback,554000,Maruti,New Wagon-R,Unknown
7096,2013.0,59730,2,Petrol,Ap-29,Manual,Hatchback,340000,Maruti,Wagon R 1.0,Unknown
7097,2019.0,30045,1,Petrol,Gj-05,Manual,Hatchback,527000,Maruti,Swift,Unknown
7098,2018.0,47744,1,Petrol,Mh-43,Manual,Hatchback,596000,Maruti,Baleno,Unknown
7099,2018.0,11737,2,Petrol,Kl-33,Automatic,Hatchback,353000,Datsun,Redi Go,Unknown
7100,2014.0,52255,2,Diesel,Br-01,Manual,Sedan,451000,Hyundai,Xcent,Unknown
7101,2018.0,63537,2,Diesel,Pb-23,Manual,Sedan,844000,Hyundai,Verna,Unknown
7102,2012.0,29332,1,Petrol,Dl-4C,Manual,Sedan,455000,Honda,City,Unknown
7103,2021.0,18009,1,Petrol,Pb-10,Manual,Suv,885000,Tata,Nexon,Unknown
7104,2016.0,84389,2,Petrol,Tn-57,Manual,Hatchback,535000,Hyundai,Elite I20,Unknown
7105,2017.0,72752,1,Diesel,Wb-20,Manual,Suv,804000,Hyundai,Creta,Unknown
7106,2018.0,78064,2,Diesel,Gj-27,Manual,Hatchback,759000,Hyundai,Elite I20,Unknown
7107,2017.0,51956,1,Petrol,Gj-01,Manual,Hatchback,491000,Maruti,Swift,Unknown
7108,2017.0,37369,1,Petrol,Ts-07,Manual,Hatchback,681000,Hyundai,Elite I20,Unknown
7109,2013.0,77028,1,Petrol,Ka-03,Manual,Hatchback,495000,Maruti,Swift,Unknown
7110,2020.0,44790,1,Petrol,Ts-09,Manual,Hatchback,390000,Maruti,Alto,Unknown
7111,2021.0,10605,1,Petrol,Mh-15,Automatic,Hatchback,478000,Renault,Kwid,Unknown
7112,2015.0,56719,2,Petrol,Ka-04,Automatic,Hatchback,534000,Hyundai,Grand I10,Unknown
7113,2013.0,70141,1,Petrol,Mp-04,Manual,Hatchback,201000,Nissan,Micra Active,Unknown
7114,2017.0,20110,1,Petrol,Up-37,Automatic,Hatchback,341000,Renault,Kwid,Unknown
7115,2020.0,23221,1,Petrol,Mh-29,Manual,Hatchback,502000,Datsun,Go Plus,Unknown
7116,2021.0,21724,1,Petrol,Ts-03,Automatic,Suv,1027000,Ford,Ecosport,Unknown
7117,2020.0,68413,2,Petrol,Ts-03,Automatic,Hatchback,683000,Tata,Tiago,Unknown
7118,2016.0,73565,1,Petrol,Gj-23,Manual,Hatchback,454000,Hyundai,Grand I10,Unknown
7119,2020.0,91526,1,Petrol,Tn-19,Manual,Suv,1310000,Kia,Seltos,Unknown
7120,2021.0,2370,1,Petrol,Ka-25,Manual,Hatchback,716000,Maruti,Celerio,Unknown
7121,2018.0,14065,1,Cng,Mh-05,Manual,Sedan,786000,Maruti,Dzire,Unknown
7122,2018.0,75774,1,Diesel,Mh-14,Automatic,Suv,892000,Maruti,Vitara Brezza,Unknown
7123,2018.0,16338,2,Petrol,Rj-29,Manual,Hatchback,455000,Maruti,Wagon R 1.0,Unknown
7124,2017.0,47734,2,Petrol,Tn-12,Automatic,Hatchback,414000,Maruti,Celerio,Unknown
7125,2014.0,80250,1,Petrol,Mh-03,Manual,Suv,493000,Ford,Ecosport,Unknown
7126,2015.0,104029,1,Petrol,Unknown,Manual,Hatchback,281000,Maruti,Alto K10,Unknown
7127,2021.0,14835,1,Petrol,Gj-01,Manual,Suv,907000,Maruti,Vitara Brezza,Unknown
7128,2015.0,16726,1,Petrol,Dl-7C,Manual,Hatchback,339000,Hyundai,I10,Unknown
7129,2015.0,77659,1,Petrol,Ka-01,Manual,Hatchback,408000,Maruti,Wagon R 1.0,Unknown
7130,2017.0,61074,1,Petrol,Gj-06,Manual,Sedan,441000,Honda,City,Unknown
7131,2015.0,41159,1,Petrol,Kl-05,Manual,Hatchback,442000,Maruti,Ritz,Unknown
7132,2015.0,62496,2,Petrol,Gj-03,Manual,Sedan,394000,Honda,Amaze,Unknown
7133,2021.0,45046,2,Petrol,Hr-26,Automatic,Hatchback,800000,Maruti,Baleno,Unknown
7134,2019.0,55081,1,Diesel,Ts-10,Automatic,Suv,1358000,Kia,Seltos,Unknown
7135,2021.0,28085,1,Petrol,Gj-05,Automatic,Sedan,1144000,Volkswagen,Vento,Unknown
7136,2019.0,56846,1,Petrol,Gj-23,Manual,Hatchback,566000,Hyundai,Grand I10,Unknown
7137,2014.0,61807,3,Petrol,Ka-51,Automatic,Hatchback,356000,Maruti,Celerio,Unknown
7138,2015.0,47670,2,Petrol,Dl-4C,Manual,Sedan,579200,Honda,City,Unknown
7139,2017.0,55057,1,Cng,Mh-12,Manual,Hatchback,474000,Maruti,Wagon R 1.0,Unknown
7140,2017.0,47323,1,Cng,Mh-03,Manual,Hatchback,399000,Maruti,Wagon R 1.0,Unknown
7141,2016.0,59197,1,Petrol,Ka-01,Automatic,Sedan,694000,Maruti,Swift Dzire,Unknown
7142,2016.0,32082,1,Petrol,Pb-08,Manual,Hatchback,251000,Hyundai,Eon,Unknown
7143,2020.0,45694,1,Cng,Hr-35,Manual,Hatchback,555000,Maruti,New Wagon-R,Unknown
7144,2019.0,12000,2,Petrol,Mh-12,Automatic,Suv,1258000,Hyundai,Creta,Unknown
7145,2017.0,38724,1,Petrol,Mh-43,Manual,Hatchback,571000,Maruti,Baleno,Unknown
7146,2021.0,26387,1,Petrol,Up-78,Manual,Suv,759000,Nissan,Magnite,Unknown
7147,2016.0,101807,2,Diesel,Gj-10,Automatic,Suv,895000,Hyundai,Creta,Unknown
7148,2010.0,33860,2,Petrol,Mh-01,Manual,Sedan,329000,Honda,City,Unknown
7149,2017.0,48676,2,Petrol,Tn-63,Manual,Hatchback,323000,Renault,Kwid,Unknown
7150,2017.0,66971,1,Diesel,Ka-05,Automatic,Lux_Suv,1436200,Mahindra,Xuv500,Unknown
7151,2014.0,98239,1,Petrol,Mp-09,Manual,Hatchback,390000,Maruti,Swift,Unknown
7152,2018.0,25345,1,Petrol,Up-78,Manual,Hatchback,518000,Hyundai,Grand I10,Unknown
7153,2016.0,35286,1,Petrol,Tn-48,Manual,Hatchback,619000,Hyundai,Elite I20,Unknown
7154,2020.0,24356,1,Petrol,Hr-13,Manual,Hatchback,640000,Maruti,Baleno,Unknown
7155,2014.0,94887,1,Petrol,Dl-10,Manual,Sedan,317000,Hyundai,Xcent,Unknown
7156,2022.0,7373,1,Petrol,Up-32,Manual,Hatchback,649000,Maruti,New Wagon-R,Unknown
7157,2016.0,34725,2,Petrol,Mh-03,Automatic,Lux_Suv,1261000,Hyundai,Tucson New,Unknown
7158,2015.0,59672,2,Petrol,Tn-07,Manual,Hatchback,296000,Maruti,Alto K10,Unknown
7159,2020.0,46549,2,Petrol,Gj-01,Manual,Hatchback,565000,Maruti,Swift,Unknown
7160,2019.0,30788,1,Petrol,Ka-02,Manual,Hatchback,536000,Maruti,New Wagon-R,Unknown
7161,2013.0,72256,1,Petrol,Mh-14,Manual,Hatchback,418000,Hyundai,I20,Unknown
7162,2019.0,20136,1,Petrol,Wb-12,Manual,Hatchback,515000,Hyundai,Grand I10,Unknown
7163,2017.0,83969,1,Petrol,Ts-09,Manual,Hatchback,580000,Maruti,Baleno,Unknown
7164,2014.0,55829,2,Petrol,Ka-53,Manual,Hatchback,473000,Hyundai,I20,Unknown
7165,2021.0,42481,1,Petrol,Tn-22,Manual,Hatchback,704000,Maruti,Swift,Unknown
7166,2020.0,22480,1,Petrol,Rj-45,Manual,Hatchback,519000,Hyundai,Grand I10 Nios,Unknown
7167,2019.0,70889,1,Petrol,Ts-07,Manual,Suv,802000,Honda,Wr-V,Unknown
7168,2019.0,9368,1,Petrol,Ka-50,Automatic,Hatchback,409000,Datsun,Redi Go,Unknown
7169,2014.0,43571,1,Petrol,Mh-27,Manual,Hatchback,457000,Hyundai,Grand I10,Unknown
7170,2014.0,24129,2,Petrol,Mh-04,Manual,Hatchback,340000,Maruti,Celerio,Unknown
7171,2016.0,53055,1,Petrol,Mp-04,Manual,Hatchback,318000,Hyundai,Eon,Unknown
7172,2017.0,49450,2,Petrol,Tn-23,Automatic,Hatchback,439000,Maruti,Celerio,Unknown
7173,2019.0,26449,1,Petrol,Gj-23,Manual,Hatchback,327000,Maruti,Alto,Unknown
7174,2022.0,17665,1,Petrol,Tn-13,Automatic,Suv,1085000,Tata,Nexon,Unknown
7175,2016.0,94226,2,Diesel,Up-53,Manual,Suv,582000,Renault,Duster,Unknown
7176,2015.0,67194,1,Petrol,Rj-14,Manual,Hatchback,342000,Honda,Brio,Unknown
7177,2017.0,61094,1,Petrol,Mh-12,Manual,Hatchback,474000,Tata,Tiago,Unknown
7178,2020.0,19955,1,Petrol,Gj-26,Manual,Hatchback,412000,Maruti,Alto,Unknown
7179,2021.0,10512,1,Petrol,Up-32,Manual,Hatchback,541000,Datsun,Go Plus,Unknown
7180,2017.0,52380,1,Petrol,Mh-12,Manual,Sedan,509000,Honda,Amaze,Unknown
7181,2020.0,18547,1,Petrol,Mh-12,Manual,Sedan,368000,Honda,City,Unknown
7182,2019.0,19068,1,Petrol,Dl-3C,Manual,Hatchback,469000,Datsun,Go Plus,Unknown
7183,2017.0,27720,2,Petrol,Ka-19,Manual,Hatchback,366000,Maruti,Alto K10,Unknown
7184,2012.0,55557,2,Petrol,Dl-8C,Manual,Hatchback,271000,Hyundai,I20,Unknown
7185,2017.0,24083,2,Petrol,Ka-53,Automatic,Sedan,692000,Hyundai,Verna,Unknown
7186,2017.0,86555,1,Petrol,Ts-15,Manual,Hatchback,315000,Maruti,Alto K10,Unknown
7187,2010.0,88084,2,Petrol,Mh-12,Manual,Hatchback,183000,Maruti,Zen Estilo,Unknown
7188,2018.0,85705,1,Diesel,Ka-05,Manual,Hatchback,592000,Maruti,Baleno,Unknown
7189,2017.0,20560,1,Petrol,Dl-6C,Manual,Hatchback,548000,Maruti,Baleno,Unknown
7190,2019.0,24895,1,Petrol,Ka-05,Manual,Hatchback,501000,Datsun,Go Plus,Unknown
7191,2019.0,69702,1,Diesel,Ka-12,Automatic,Suv,989000,Tata,Nexon,Unknown
7192,2016.0,78911,2,Petrol,Ts-07,Manual,Hatchback,614000,Maruti,Baleno,Unknown
7193,2019.0,56561,1,Diesel,Ts-07,Manual,Suv,1615000,Mg,Hector,Unknown
7194,2016.0,95505,1,Petrol,Mp-09,Manual,Hatchback,390000,Tata,Tiago,Unknown
7195,2013.0,71713,1,Petrol,Gj-05,Manual,Sedan,455000,Hyundai,Verna,Unknown
7196,2017.0,51171,1,Petrol,Ka-02,Manual,Hatchback,464000,Hyundai,Grand I10,Unknown
7197,2018.0,28483,2,Petrol,Tn-14,Manual,Sedan,659000,Honda,Amaze,Unknown
7198,2020.0,11383,1,Petrol,Tn-14,Manual,Hatchback,675000,Ford,New Figo,Unknown
7199,2017.0,37779,2,Petrol,Tn-02,Automatic,Sedan,1245000,Honda,City,Unknown
7200,2018.0,19353,1,Petrol,Mh-14,Manual,Hatchback,559000,Hyundai,Grand I10,Unknown
7201,2012.0,41866,1,Petrol,Up-78,Automatic,Sedan,867000,Honda,City,Unknown
7202,2018.0,51274,2,Petrol,Dl-8C,Manual,Hatchback,272000,Renault,Kwid,Unknown
7203,2015.0,75409,1,Cng,Gj-01,Manual,Hatchback,458000,Hyundai,Grand I10,Unknown
7204,2014.0,44754,1,Petrol,Ka-53,Manual,Hatchback,369000,Maruti,Wagon R 1.0,Unknown
7205,2019.0,24978,2,Petrol,Ts-15,Manual,Hatchback,554000,Hyundai,New Santro,Unknown
7206,2011.0,85669,1,Petrol,Kl-07,Manual,Hatchback,208000,Hyundai,I10,Unknown
7207,2021.0,23614,1,Petrol,Ka-42,Automatic,Sedan,1015000,Toyota,Yaris,Unknown
7208,2020.0,12975,1,Petrol,Ka-04,Automatic,Suv,1855000,Hyundai,Creta,Unknown
7209,2018.0,43402,1,Petrol,Ka-40,Manual,Hatchback,548000,Tata,Tiago,Unknown
7210,2021.0,7183,2,Petrol,Rj-45,Automatic,Hatchback,811000,Maruti,Swift,Unknown
7211,2018.0,72228,2,Petrol,Hr-85,Manual,Hatchback,523000,Maruti,Swift,Unknown
7212,2016.0,11749,1,Petrol,Dl-1C,Manual,Sedan,470000,Maruti,Swift Dzire,Unknown
7213,2013.0,33951,1,Petrol,Ts-15,Automatic,Sedan,965000,Honda,Amaze,Unknown
7214,2019.0,22179,1,Petrol,Pb-37,Manual,Hatchback,507000,Maruti,New Wagon-R,Unknown
7215,2021.0,71306,1,Petrol,Ka-02,Manual,Hatchback,472000,Renault,Kwid,Unknown
7216,2017.0,73489,1,Petrol,Mh-47,Automatic,Hatchback,576000,Maruti,Baleno,Unknown
7217,2018.0,96534,1,Petrol,Rj-45,Manual,Hatchback,431000,Hyundai,Grand I10,Unknown
7218,2013.0,114432,2,Petrol,Unknown,Manual,Sedan,257000,Honda,Amaze,Unknown
7219,2016.0,100601,2,Diesel,Ts-12,Manual,Suv,534000,Ford,Ecosport,Unknown
7220,2022.0,16038,1,Petrol,Ts-15,Automatic,Suv,1402000,Maruti,Brezza,Unknown
7221,2019.0,33853,1,Petrol,Gj-27,Manual,Suv,612000,Renault,Triber,Unknown
7222,2020.0,19205,2,Petrol,Ts-10,Manual,Hatchback,416000,Datsun,Redi Go,Unknown
7223,2017.0,66718,2,Petrol,Ka-41,Manual,Suv,688000,Renault,Duster,Unknown
7224,2017.0,73769,1,Diesel,Wb-06,Manual,Hatchback,414000,Hyundai,Grand I10,Unknown
7225,2013.0,120740,1,Diesel,Ka-03,Manual,Hatchback,468000,Hyundai,I20,Unknown
7226,2015.0,92172,1,Diesel,Pb-10,Manual,Hatchback,408000,Maruti,Baleno,Unknown
7227,2019.0,36682,1,Cng,Up-32,Automatic,Hatchback,658750,Maruti,Swift,Unknown
7228,2017.0,37613,1,Petrol,Tn-06,Manual,Hatchback,606000,Maruti,Baleno,Unknown
7229,2018.0,24791,2,Petrol,Hr-02,Manual,Hatchback,291000,Renault,Kwid,Unknown
7230,2014.0,74938,2,Petrol,Ka-53,Manual,Hatchback,531000,Maruti,Swift,Unknown
7231,2020.0,69513,2,Petrol,Gj-24,Manual,Sedan,792000,Volkswagen,Vento,Unknown
7232,2015.0,101643,2,Diesel,Wb-02,Manual,Sedan,310000,Hyundai,Xcent,Unknown
7233,2021.0,28414,1,Petrol,Pb-27,Manual,Suv,876000,Tata,Nexon,Unknown
7234,2014.0,48946,2,Petrol,Ka-05,Manual,Hatchback,256000,Maruti,Alto 800,Unknown
7235,2012.0,36780,1,Petrol,Mh-03,Manual,Sedan,383000,Honda,City,Unknown
7236,2019.0,29878,1,Petrol,Ts-09,Manual,Suv,814000,Ford,Ecosport,Unknown
7237,2018.0,30046,2,Petrol,Tn-22,Manual,Hatchback,309000,Maruti,Alto 800,Unknown
7238,2017.0,102497,1,Diesel,Tn-18,Manual,Sedan,836000,Maruti,Ciaz,Unknown
7239,2021.0,94134,1,Diesel,Mp-12,Manual,Sedan,676000,Honda,Amaze,Unknown
7240,2015.0,28765,1,Diesel,Gj-18,Automatic,Sedan,873000,Honda,City,Unknown
7241,2018.0,79623,1,Petrol,Gj-06,Manual,Hatchback,612000,Maruti,Swift,Unknown
7242,2019.0,28839,1,Petrol,Ts-09,Manual,Hatchback,789000,Toyota,Glanza,Unknown
7243,2018.0,102256,2,Diesel,Ts-07,Manual,Hatchback,661000,Honda,Jazz,Unknown
7244,2018.0,69638,1,Cng,Mh-04,Manual,Hatchback,396000,Maruti,Wagon R 1.0,Unknown
7245,2017.0,39181,2,Petrol,Hr-29,Automatic,Hatchback,487000,Maruti,Ignis,Unknown
7246,2016.0,61371,1,Petrol,Up-32,Manual,Sedan,445000,Maruti,Swift Dzire,Unknown
7247,2021.0,11812,1,Petrol,Dl-8C,Manual,Hatchback,458000,Renault,Kwid,Unknown
7248,2015.0,71434,2,Petrol,Dl-14,Manual,Hatchback,333000,Maruti,Swift,Unknown
7249,2015.0,48485,1,Petrol,Gj-01,Manual,Hatchback,282000,Hyundai,Eon,Unknown
7250,2014.0,26627,1,Petrol,Ka-41,Manual,Sedan,569000,Maruti,Swift Dzire,Unknown
7251,2017.0,36350,2,Petrol,Mh-12,Manual,Hatchback,628000,Hyundai,Elite I20,Unknown
7252,2021.0,25852,1,Petrol,Dl-3C,Automatic,Suv,945000,Mahindra,Xuv 3Oo,Unknown
7253,2014.0,73376,1,Petrol,Mh-12,Manual,Hatchback,291000,Hyundai,Eon,Unknown
7254,2016.0,36206,1,Petrol,Wb-02,Manual,Hatchback,229000,Maruti,Alto 800,Unknown
7255,2012.0,95178,2,Petrol,Ap-11,Manual,Hatchback,292000,Honda,Brio,Unknown
7256,2015.0,38854,1,Petrol,Mp-04,Manual,Sedan,684000,Honda,City,Unknown
7257,2019.0,24128,2,Petrol,Kl-45,Manual,Hatchback,509000,Hyundai,Grand I10,Unknown
7258,2017.0,47474,1,Petrol,Hr-26,Manual,Suv,372000,Mahindra,Kuv100,Unknown
7259,2020.0,39611,1,Diesel,Kl-36,Manual,Suv,1676000,Tata,Harrier,Unknown
7260,2019.0,65079,1,Petrol,Up-14,Automatic,Sedan,560000,Hyundai,Verna,Unknown
7261,2022.0,17888,1,Petrol,Ka-15,Manual,Hatchback,529000,Maruti,S Presso,Unknown
7262,2015.0,92675,2,Petrol,Up-32,Manual,Sedan,517000,Honda,City,Unknown
7263,2011.0,63872,2,Petrol,Gj-19,Manual,Sedan,557000,Honda,City,Unknown
7264,2019.0,70651,1,Diesel,Tn-09,Automatic,Suv,1413000,Kia,Seltos,Unknown
7265,2019.0,20199,2,Petrol,Ts-13,Automatic,Sedan,703000,Maruti,Dzire,Unknown
7266,2016.0,81188,2,Petrol,Mh-02,Manual,Hatchback,483000,Hyundai,Elite I20,Unknown
7267,2022.0,22921,1,Petrol,Ts-07,Manual,Suv,784000,Tata,Punch,Unknown
7268,2021.0,22615,2,Petrol,Up-32,Manual,Hatchback,751000,Maruti,Baleno,Unknown
7269,2020.0,13069,2,Petrol,Ts-08,Manual,Hatchback,723000,Maruti,Baleno,Unknown
7270,2015.0,69216,2,Petrol,Ka-53,Manual,Hatchback,488000,Maruti,Swift,Unknown
7271,2016.0,84070,2,Petrol,Dl-10,Manual,Suv,529000,Ford,Ecosport,Unknown
7272,2017.0,75594,2,Petrol,Wb-26,Manual,Hatchback,385000,Maruti,Swift,Unknown
7273,2017.0,101034,1,Diesel,Gj-05,Manual,Suv,639000,Renault,Duster,Unknown
7274,2019.0,10511,1,Petrol,Tn-06,Manual,Hatchback,345000,Maruti,Alto,Unknown
7275,2019.0,64460,3,Diesel,Mh-11,Manual,Suv,751000,Honda,Wr-V,Unknown
7276,2018.0,28547,1,Petrol,Br-01,Manual,Suv,527000,Mahindra,Kuv 100 Nxt,Unknown
7277,2018.0,45996,2,Diesel,Mh-04,Manual,Lux_Suv,1151000,Mahindra,Xuv500,Unknown
7278,2015.0,47124,1,Petrol,Hr-26,Manual,Hatchback,414000,Maruti,Swift,Unknown
7279,2013.0,54362,3,Petrol,Tn-10,Manual,Hatchback,312000,Hyundai,I10,Unknown
7280,2015.0,37290,1,Petrol,Dl-2C,Manual,Hatchback,440000,Maruti,Swift,Unknown
7281,2011.0,1,1,Petrol,Mh-02,Manual,Hatchback,281000,Toyota,Etios Liva,Unknown
7282,2013.0,43285,2,Diesel,Wb-06,Manual,Lux_Sedan,416000,Toyota,Corolla Altis,Unknown
7283,2017.0,26830,1,Petrol,Ka-41,Manual,Sedan,467000,Hyundai,Verna,Unknown
7284,2020.0,22660,1,Petrol,Ts-08,Manual,Hatchback,470000,Renault,Kwid,Unknown
7285,2014.0,67517,1,Petrol,Gj-27,Manual,Sedan,731000,Hyundai,Verna,Unknown
7286,2018.0,35874,2,Petrol,Dl-12,Manual,Hatchback,392000,Maruti,Ignis,Unknown
7287,2016.0,89850,3,Diesel,Rj-05,Manual,Suv,426000,Ford,Ecosport,Unknown
7288,2017.0,69221,1,Petrol,Gj-03,Manual,Hatchback,515000,Maruti,Swift,Unknown
7289,2015.0,77134,2,Petrol,Kl-43,Manual,Hatchback,281000,Maruti,Alto K10,Unknown
7290,2017.0,15238,1,Petrol,Dl-4C,Manual,Hatchback,461000,Hyundai,Grand I10,Unknown
7291,2014.0,22620,1,Petrol,Ka-41,Manual,Sedan,603000,Hyundai,Verna,Unknown
7292,2018.0,56519,2,Diesel,Hr-26,Manual,Lux_Suv,1082000,Mahindra,Xuv500,Unknown
7293,2019.0,52733,1,Cng,Mh-46,Manual,Hatchback,523000,Hyundai,New Santro,Unknown
7294,2018.0,43442,3,Diesel,Ka-05,Manual,Suv,592000,Mahindra,Kuv 100 Nxt,Unknown
7295,2015.0,59114,1,Cng,Mh-14,Manual,Hatchback,307000,Maruti,Alto K10,Unknown
7296,2017.0,78969,1,Petrol,Ts-15,Manual,Hatchback,337000,Maruti,Alto 800,Unknown
7297,2012.0,102070,2,Diesel,Ka-51,Manual,Hatchback,389000,Hyundai,I20,Unknown
7298,2012.0,35195,1,Petrol,Ka-51,Manual,Hatchback,446000,Maruti,Swift,Unknown
7299,2017.0,18290,2,Petrol,Mh-01,Automatic,Hatchback,623000,Maruti,Baleno,Unknown
7300,2014.0,54690,1,Petrol,Mp-09,Manual,Hatchback,233800,Maruti,Alto 800,Unknown
7301,2013.0,91153,1,Petrol,Up-32,Manual,Sedan,364000,Maruti,Swift Dzire,Unknown
7302,2017.0,40108,1,Petrol,Mh-14,Manual,Hatchback,524000,Hyundai,Grand I10,Unknown
7303,2020.0,23634,1,Petrol,Gj-06,Manual,Suv,960000,Maruti,S Cross,Unknown
7304,2012.0,90184,1,Petrol,Ap-28,Manual,Hatchback,345000,Honda,Brio,Unknown
7305,2019.0,80463,1,Diesel,Ka-04,Automatic,Suv,1274000,Hyundai,Creta,Unknown
7306,2017.0,74445,2,Petrol,Ts-07,Manual,Suv,724000,Honda,Wr-V,Unknown
7307,2015.0,53276,1,Petrol,Mp-09,Manual,Hatchback,413000,Maruti,Baleno,Unknown
7308,2014.0,82506,2,Petrol,Mh-14,Manual,Hatchback,289000,Maruti,Ritz,Unknown
7309,2018.0,41768,1,Petrol,Up-14,Manual,Hatchback,314000,Maruti,Alto 800,Unknown
7310,2018.0,116344,1,Petrol,Unknown,Manual,Hatchback,425000,Tata,Tiago,Unknown
7311,2017.0,29406,2,Petrol,Hr-10,Automatic,Hatchback,487000,Maruti,Ignis,Unknown
7312,2018.0,48806,1,Petrol,Ts-11,Manual,Sedan,613400,Honda,City,Unknown
7313,2017.0,15015,1,Petrol,Dl-12,Manual,Hatchback,530000,Maruti,Swift,Unknown
7314,2021.0,34978,1,Petrol,Up-80,Manual,Hatchback,394000,Maruti,S Presso,Unknown
7315,2022.0,14213,1,Petrol,Ts-34,Manual,Hatchback,575000,Maruti,S Presso,Unknown
7316,2014.0,95255,2,Petrol,Ts-08,Manual,Hatchback,441000,Maruti,Swift,Unknown
7317,2021.0,12315,1,Petrol,Pb-65,Automatic,Suv,1074000,Tata,Nexon,Unknown
7318,2019.0,67896,1,Petrol,Rj-45,Automatic,Lux_Sedan,1556000,Skoda,Octavia,Unknown
7319,2014.0,94278,1,Diesel,Tn-11,Manual,Hatchback,419000,Hyundai,Grand I10,Unknown
7320,2016.0,74250,2,Petrol,Ka-01,Manual,Hatchback,317000,Maruti,Alto K10,Unknown
7321,2012.0,76643,2,Petrol,Gj-01,Manual,Hatchback,350000,Hyundai,I20,Unknown
7322,2018.0,15562,1,Petrol,Gj-27,Manual,Sedan,817000,Maruti,Ciaz,Unknown
7323,2014.0,95103,1,Petrol,Kl-42,Manual,Hatchback,362000,Maruti,Wagon R 1.0,Unknown
7324,2016.0,97535,1,Petrol,Ka-18,Manual,Hatchback,510000,Hyundai,Grand I10,Unknown
7325,2019.0,67055,1,Petrol,Wb-06,Manual,Sedan,486000,Honda,Amaze,Unknown
7326,2021.0,78592,1,Cng,Pb-08,Manual,Suv,1004000,Maruti,Ertiga,Unknown
7327,2019.0,98635,1,Petrol,Ka-04,Manual,Hatchback,727000,Hyundai,Elite I20,Unknown
7328,2018.0,25384,1,Petrol,Mh-03,Manual,Hatchback,639000,Maruti,Baleno,Unknown
7329,2018.0,28680,1,Petrol,Kl-01,Manual,Suv,463000,Mahindra,Kuv 100 Nxt,Unknown
7330,2012.0,98413,2,Diesel,Ka-51,Manual,Suv,602000,Maruti,Ertiga,Unknown
7331,2018.0,71503,2,Petrol,Ts-13,Manual,Hatchback,304000,Hyundai,Eon,Unknown
7332,2015.0,86667,1,Diesel,Mh-46,Manual,Suv,925000,Hyundai,Creta,Unknown
7333,2016.0,61051,1,Diesel,Up-14,Manual,Hatchback,405000,Maruti,Swift,Unknown
7334,2015.0,63231,2,Petrol,Ka-01,Manual,Hatchback,507000,Maruti,Swift,Unknown
7335,2019.0,20269,2,Petrol,Dl-4C,Automatic,Suv,1121000,Hyundai,Creta,Unknown
7336,2014.0,18866,1,Petrol,Dl-2C,Manual,Suv,647000,Maruti,Ertiga,Unknown
7337,2012.0,64437,2,Petrol,Dl-8C,Manual,Hatchback,182000,Hyundai,Santro Xing,Unknown
7338,2020.0,49770,1,Petrol,Tn-20,Manual,Hatchback,453000,Maruti,S Presso,Unknown
7339,2020.0,31011,1,Petrol,Br-06,Manual,Suv,907000,Tata,Nexon,Unknown
7340,2020.0,73993,2,Petrol,Mp-09,Manual,Suv,676000,Tata,Nexon,Unknown
7341,2015.0,95963,2,Petrol,Ts-07,Manual,Hatchback,445000,Hyundai,Grand I10,Unknown
7342,2021.0,40629,1,Petrol,Gj-07,Manual,Sedan,822000,Maruti,Ciaz,Unknown
7343,2011.0,87951,1,Diesel,Mh-04,Manual,Hatchback,380000,Maruti,Swift,Unknown
7344,2016.0,51058,1,Petrol,Mh-03,Automatic,Hatchback,398000,Maruti,Celerio,Unknown
7345,2016.0,70887,1,Diesel,Ka-01,Manual,Sedan,693000,Hyundai,Verna,Unknown
7346,2011.0,23029,1,Petrol,Ka-03,Manual,Hatchback,341000,Hyundai,I10,Unknown
7347,2019.0,33250,2,Diesel,Ka-53,Manual,Suv,1246000,Kia,Seltos,Unknown
7348,2018.0,13378,1,Petrol,Mh-01,Manual,Suv,670000,Honda,Wr-V,Unknown
7349,2015.0,29383,2,Petrol,Dl-4C,Manual,Hatchback,461000,Honda,Jazz,Unknown
7350,2019.0,37634,1,Petrol,Ts-08,Manual,Hatchback,413000,Renault,Kwid,Unknown
7351,2021.0,12233,1,Petrol,Ka-04,Manual,Hatchback,780000,Renault,Kiger,Unknown
7352,2019.0,41612,1,Diesel,Dl-12,Manual,Suv,761000,Maruti,Vitara Brezza,Unknown
7353,2011.0,93403,1,Petrol,Hr-22,Manual,Hatchback,157000,Maruti,Alto K10,Unknown
7354,2020.0,48884,2,Cng,Hr-76,Manual,Hatchback,532000,Maruti,New Wagon-R,Unknown
7355,2017.0,32062,1,Petrol,Dl-14,Manual,Hatchback,581000,Maruti,Baleno,Unknown
7356,2020.0,27669,1,Petrol,Ka-01,Automatic,Suv,981000,Ford,Ecosport,Unknown
7357,2010.0,77436,1,Petrol,Wb-06,Manual,Hatchback,211000,Volkswagen,Polo,Unknown
7358,2019.0,45348,1,Petrol,Wb-38,Manual,Sedan,688000,Honda,Amaze,Unknown
7359,2019.0,42392,2,Petrol,Gj-01,Manual,Hatchback,559000,Maruti,Swift,Unknown
7360,2017.0,80430,1,Petrol,Mh-14,Manual,Suv,700000,Honda,Wr-V,Unknown
7361,2019.0,66714,1,Petrol,Hr-70,Automatic,Hatchback,667000,Maruti,Baleno,Unknown
7362,2011.0,72438,1,Cng,Mh-03,Manual,Hatchback,252000,Maruti,Wagon R 1.0,Unknown
7363,2018.0,74369,1,Petrol,Dl-3C,Manual,Sedan,272000,Tata,Tigor,Unknown
7364,2021.0,13890,1,Petrol,Tn-10,Manual,Suv,984000,Kia,Sonet,Unknown
7365,2020.0,34900,1,Cng,Up-83,Manual,Hatchback,540000,Maruti,New Wagon-R,Unknown
7366,2019.0,72103,1,Cng,Hr-26,Manual,Hatchback,511000,Maruti,New Wagon-R,Unknown
7367,2022.0,4412,1,Petrol,Mh-01,Manual,Sedan,755000,Honda,Amaze,Unknown
7368,2018.0,77605,1,Petrol,Gj-05,Manual,Hatchback,345000,Renault,Kwid,Unknown
7369,2010.0,66303,2,Petrol,Dl-8C,Manual,Hatchback,156000,Maruti,Wagon R 1.0,Unknown
7370,2019.0,15589,1,Petrol,Dl-12,Manual,Suv,1056000,Hyundai,Creta,Unknown
7371,2012.0,62549,2,Petrol,Mh-12,Automatic,Hatchback,330000,Hyundai,I10,Unknown
7372,2018.0,91454,1,Diesel,Dl-1C,Manual,Suv,667000,Maruti,Vitara Brezza,Unknown
7373,2012.0,74401,2,Petrol,Tn-10,Manual,Sedan,543000,Honda,City,Unknown
7374,2014.0,65170,2,Petrol,Tn-14,Manual,Hatchback,315000,Nissan,Micra Active,Unknown
7375,2017.0,23389,1,Petrol,Mh-02,Automatic,Hatchback,433000,Maruti,Celerio,Unknown
7376,2021.0,25833,1,Cng,Mh-41,Manual,Hatchback,450000,Maruti,Alto,Unknown
7377,2017.0,51180,1,Petrol,Ts-09,Automatic,Hatchback,493000,Maruti,Celerio,Unknown
7378,2010.0,76824,2,Diesel,Ka-28,Manual,Sedan,741000,Maruti,Swift Dzire,Unknown
7379,2017.0,93995,1,Petrol,Mh-05,Manual,Suv,552000,Ford,Ecosport,Unknown
7380,2017.0,87893,1,Diesel,Ts-15,Manual,Sedan,1377000,Skoda,Rapid,Unknown
7381,2016.0,61867,1,Diesel,Mh-48,Manual,Suv,725000,Maruti,Vitara Brezza,Unknown
7382,2017.0,71728,2,Diesel,Up-32,Manual,Sedan,617000,Volkswagen,Ameo,Unknown
7383,2011.0,61988,1,Diesel,Wb-02,Manual,Sedan,577000,Toyota,Etios,Unknown
7384,2020.0,34138,1,Petrol,Mh-31,Manual,Hatchback,703000,Maruti,Baleno,Unknown
7385,2016.0,78218,2,Petrol,Tn-09,Manual,Sedan,490000,Volkswagen,Ameo,Unknown
7386,2015.0,36617,2,Petrol,Kl-40,Manual,Hatchback,318000,Nissan,Micra Active,Unknown
7387,2017.0,71642,1,Petrol,Ka-03,Automatic,Sedan,761000,Maruti,Ciaz,Unknown
7388,2013.0,70694,1,Petrol,Ka-53,Manual,Hatchback,499000,Maruti,Swift,Unknown
7389,2014.0,18498,1,Petrol,Dl-2C,Manual,Hatchback,338000,Maruti,Swift,Unknown
7390,2013.0,116936,1,Diesel,Mh-31,Manual,Hatchback,431000,Maruti,Swift,Unknown
7391,2021.0,14335,1,Petrol,Ch-01,Automatic,Sedan,1098000,Skoda,Rapid,Unknown
7392,2018.0,71738,2,Petrol,Dl-9C,Manual,Hatchback,543000,Maruti,Swift,Unknown
7393,2018.0,49009,1,Petrol,Ts-07,Automatic,Hatchback,673000,Maruti,Swift,Unknown
7394,2019.0,19862,1,Petrol,Mh-36,Manual,Hatchback,689000,Hyundai,Elite I20,Unknown
7395,2017.0,44207,1,Petrol,Hr-26,Manual,Hatchback,549000,Hyundai,Elite I20,Unknown
7396,2022.0,42247,1,Petrol,Ka-05,Manual,Sedan,775650,Volkswagen,Vento,Unknown
7397,2020.0,21619,1,Petrol,Tn-23,Manual,Hatchback,633000,Ford,New Figo,Unknown
7398,2020.0,96738,2,Diesel,Gj-01,Manual,Sedan,404000,Honda,Amaze,Unknown
7399,2018.0,84606,1,Petrol,Dl-12,Manual,Suv,721000,Ford,Ecosport,Unknown
7400,2014.0,29368,2,Petrol,Dl-8C,Manual,Hatchback,258000,Maruti,Alto 800,Unknown
7401,2018.0,34821,1,Petrol,Gj-05,Manual,Hatchback,364000,Renault,Kwid,Unknown
7402,2020.0,22182,1,Petrol,Up-14,Automatic,Hatchback,390000,Datsun,Redi Go,Unknown
7403,2012.0,55093,2,Petrol,Ka-01,Manual,Hatchback,341000,Honda,Brio,Unknown
7404,2018.0,25775,2,Petrol,Dl-8C,Manual,Hatchback,249000,Datsun,Redi Go,Unknown
7405,2018.0,55763,1,Petrol,Hr-87,Manual,Sedan,591000,Honda,Amaze,Unknown
7406,2011.0,75550,2,Petrol,Tn-22,Manual,Hatchback,278000,Maruti,Wagon R 1.0,Unknown
7407,2020.0,30385,1,Petrol,Gj-06,Manual,Suv,859000,Maruti,S Cross,Unknown
7408,2018.0,77164,2,Petrol,Mh-17,Manual,Hatchback,306000,Hyundai,Eon,Unknown
7409,2019.0,89053,1,Petrol,Rj-02,Manual,Hatchback,606000,Hyundai,Elite I20,Unknown
7410,2017.0,44710,1,Petrol,Dl-8C,Manual,Hatchback,428000,Maruti,Swift,Unknown
7411,2021.0,61999,2,Petrol,Mh-01,Manual,Sedan,350000,Honda,Amaze,Unknown
7412,2020.0,54207,1,Petrol,Dl-11,Manual,Hatchback,694000,Tata,Altroz,Unknown
7413,2015.0,58066,1,Petrol,Rj-14,Manual,Hatchback,316000,Hyundai,I10,Unknown
7414,2021.0,32302,1,Petrol,Ka-51,Automatic,Hatchback,1024000,Renault,Kiger,Unknown
7415,2020.0,21965,1,Petrol,Pb-08,Manual,Suv,1442000,Kia,Seltos,Unknown
7416,2010.0,62714,2,Petrol,Mh-02,Manual,Hatchback,261000,Maruti,Wagon R 1.0,Unknown
7417,2015.0,92259,1,Cng,Gj-05,Manual,Hatchback,425000,Hyundai,Grand I10,Unknown
7418,2016.0,69560,2,Petrol,Gj-23,Manual,Sedan,411000,Volkswagen,Vento,Unknown
7419,2017.0,123957,2,Diesel,Ts-08,Manual,Sedan,553000,Maruti,Ciaz,Unknown
7420,2015.0,69981,1,Diesel,Up-16,Manual,Hatchback,372000,Maruti,Swift,Unknown
7421,2016.0,33001,1,Petrol,Tn-19,Manual,Hatchback,437000,Maruti,Celerio,Unknown
7422,2014.0,49493,1,Petrol,Mh-03,Manual,Sedan,380000,Hyundai,Xcent,Unknown
7423,2013.0,42766,1,Petrol,Hr-26,Manual,Hatchback,316000,Hyundai,I10,Unknown
7424,2015.0,38257,2,Petrol,Ka-04,Manual,Hatchback,295000,Maruti,Alto 800,Unknown
7425,2011.0,49226,2,Petrol,Ka-03,Manual,Hatchback,309000,Hyundai,I10,Unknown
7426,2016.0,73494,2,Diesel,Ka-05,Manual,Suv,745000,Renault,Duster,Unknown
7427,2016.0,84005,1,Petrol,Tn-22,Manual,Sedan,605000,Volkswagen,Ameo,Unknown
7428,2022.0,24853,1,Petrol,Pb-27,Manual,Suv,1503000,Mahindra,Thar,Unknown
7429,2018.0,75804,2,Diesel,Hr-12,Manual,Suv,625000,Tata,Nexon,Unknown
7430,2022.0,13095,1,Petrol,Tn-11,Manual,Hatchback,432000,Maruti,Alto,Unknown
7431,2016.0,83096,1,Petrol,Tn-22,Manual,Hatchback,504000,Maruti,Swift,Unknown
7432,2017.0,54857,1,Diesel,Mh-12,Manual,Lux_Suv,1146000,Jeep,Compass,Unknown
7433,2020.0,33827,1,Petrol,Pb-10,Manual,Suv,1112000,Hyundai,Creta,Unknown
7434,2017.0,65329,1,Petrol,Mh-12,Manual,Sedan,636000,Maruti,Ciaz,Unknown
7435,2013.0,120332,1,Petrol,Unknown,Manual,Sedan,397000,Honda,Amaze,Unknown
7436,2020.0,13884,2,Petrol,Ka-51,Manual,Sedan,736000,Hyundai,Aura,Unknown
7437,2020.0,44817,2,Petrol,Hr-36,Manual,Hatchback,545000,Maruti,Swift,Unknown
7438,2021.0,82599,1,Cng,Up-32,Manual,Hatchback,624000,Maruti,New Wagon-R,Unknown
7439,2018.0,11738,1,Petrol,Tn-14,Manual,Hatchback,547000,Hyundai,Grand I10,Unknown
7440,2018.0,38072,2,Petrol,Mh-14,Manual,Hatchback,325000,Hyundai,Eon,Unknown
7441,2012.0,63932,3,Petrol,Mh-12,Manual,Hatchback,264000,Honda,Brio,Unknown
7442,2016.0,86617,1,Petrol,Dl-10,Manual,Hatchback,413000,Tata,Tiago,Unknown
7443,2020.0,14618,1,Petrol,Ka-02,Manual,Suv,1010000,Ford,Ecosport,Unknown
7444,2019.0,29905,1,Petrol,Hr-36,Manual,Hatchback,510000,Maruti,Baleno,Unknown
7445,2019.0,24270,2,Petrol,Ka-01,Automatic,Suv,1485000,Kia,Seltos,Unknown
7446,2019.0,30327,1,Petrol,Mh-12,Manual,Hatchback,476000,Hyundai,New Santro,Unknown
7447,2017.0,84614,1,Diesel,Mh-12,Manual,Sedan,975000,Honda,Amaze,Unknown
7448,2016.0,48223,1,Petrol,Ch-01,Manual,Hatchback,315000,Maruti,Alto K10,Unknown
7449,2015.0,105227,1,Petrol,Unknown,Manual,Sedan,403000,Honda,Amaze,Unknown
7450,2017.0,83768,1,Petrol,Dl-9C,Manual,Hatchback,502000,Hyundai,Elite I20,Unknown
7451,2019.0,20593,1,Petrol,Wb-02,Manual,Sedan,753000,Honda,City,Unknown
7452,2017.0,65366,2,Petrol,Tn-01,Manual,Hatchback,537000,Volkswagen,Polo,Unknown
7453,2021.0,31433,1,Petrol,Hr-26,Manual,Hatchback,405000,Renault,Kwid,Unknown
7454,2017.0,41690,2,Petrol,Ka-53,Manual,Hatchback,337000,Maruti,Alto 800,Unknown
7455,2015.0,48863,2,Petrol,Tn-07,Manual,Sedan,659000,Maruti,Swift Dzire,Unknown
7456,2018.0,93924,2,Diesel,Dl-7C,Manual,Suv,714000,Mahindra,Tuv 300 Plus,Unknown
7457,2017.0,31163,1,Petrol,Up-32,Manual,Hatchback,453400,Hyundai,Elite I20,Unknown
7458,2017.0,34559,1,Petrol,Mh-12,Manual,Hatchback,660000,Maruti,Baleno,Unknown
7459,2016.0,60569,2,Cng,Mh-03,Manual,Hatchback,380000,Maruti,Wagon R 1.0,Unknown
7460,2019.0,108945,1,Cng,Gj-01,Manual,Hatchback,524000,Hyundai,Grand I10,Unknown
7461,2016.0,50713,2,Petrol,Gj-06,Manual,Hatchback,506000,Maruti,Swift,Unknown
7462,2019.0,57062,1,Petrol,Pb-27,Manual,Hatchback,429000,Hyundai,New Santro,Unknown
7463,2015.0,62978,3,Petrol,Tn-09,Manual,Hatchback,539000,Hyundai,Elite I20,Unknown
7464,2019.0,57721,1,Diesel,Hr-26,Manual,Suv,931000,Renault,Duster,Unknown
7465,2018.0,96573,1,Petrol,Tn-22,Manual,Sedan,571000,Toyota,Yaris,Unknown
7466,2019.0,74999,1,Diesel,Mp-04,Manual,Hatchback,661000,Maruti,Swift,Unknown
7467,2020.0,32523,1,Petrol,Gj-01,Automatic,Sedan,839000,Hyundai,Verna,Unknown
7468,2017.0,61703,1,Petrol,Mh-02,Automatic,Sedan,716000,Hyundai,Verna,Unknown
7469,2019.0,63951,1,Petrol,Gj-38,Manual,Hatchback,314000,Maruti,Alto,Unknown
7470,2016.0,65160,2,Diesel,Hr-50,Manual,Hatchback,396000,Toyota,Etios Liva,Unknown
7471,2018.0,59456,1,Petrol,Dl-8C,Automatic,Sedan,829000,Maruti,Ciaz,Unknown
7472,2013.0,29555,1,Diesel,Br-01,Manual,Sedan,603000,Hyundai,Verna,Unknown
7473,2022.0,16073,2,Diesel,Tn-37,Automatic,Suv,1862000,Mahindra,Xuv700,Unknown
7474,2019.0,14049,1,Petrol,Wb-02,Automatic,Sedan,894000,Maruti,Dzire,Unknown
7475,2019.0,65546,1,Petrol,Mp-09,Manual,Hatchback,419000,Maruti,S Presso,Unknown
7476,2012.0,38319,1,Petrol,Ka-02,Manual,Sedan,424000,Maruti,Swift Dzire,Unknown
7477,2020.0,53295,2,Petrol,Ka-30,Manual,Sedan,781000,Honda,City,Unknown
7478,2011.0,67009,2,Petrol,Gj-01,Manual,Hatchback,335000,Maruti,Swift,Unknown
7479,2019.0,23227,2,Petrol,Wb-08,Manual,Sedan,700000,Maruti,Dzire,Unknown
7480,2013.0,77965,1,Petrol,Kl-22,Manual,Hatchback,396000,Maruti,Swift,Unknown
7481,2018.0,77377,1,Petrol,Gj-01,Manual,Hatchback,403000,Maruti,Celerio,Unknown
7482,2017.0,31604,1,Petrol,Dl-6C,Manual,Hatchback,497000,Hyundai,Grand I10,Unknown
7483,2018.0,96540,1,Petrol,Ts-13,Manual,Hatchback,457000,Maruti,Ignis,Unknown
7484,2014.0,38490,1,Petrol,Mh-02,Manual,Hatchback,369000,Hyundai,Grand I10,Unknown
7485,2014.0,65396,2,Petrol,Rj-23,Manual,Sedan,446000,Maruti,Swift Dzire,Unknown
7486,2016.0,77711,3,Petrol,Ka-42,Automatic,Hatchback,393000,Maruti,Celerio,Unknown
7487,2018.0,61129,1,Diesel,Ka-04,Manual,Suv,684000,Ford,Freestyle,Unknown
7488,2014.0,51489,1,Petrol,Ka-03,Manual,Hatchback,515000,Maruti,Swift,Unknown
7489,2014.0,62939,2,Diesel,Tn-11,Manual,Hatchback,438000,Volkswagen,Polo,Unknown
7490,2016.0,72025,3,Diesel,Gj-01,Manual,Hatchback,415000,Honda,Jazz,Unknown
7491,2016.0,65532,2,Petrol,Ka-03,Manual,Hatchback,465000,Hyundai,Grand I10,Unknown
7492,2015.0,24416,1,Petrol,Mh-12,Manual,Sedan,786000,Honda,City,Unknown
7493,2015.0,65039,2,Petrol,Wb-12,Manual,Hatchback,351000,Hyundai,Grand I10,Unknown
7494,2017.0,51872,1,Petrol,Gj-05,Manual,Hatchback,544000,Maruti,Swift,Unknown
7495,2014.0,88646,1,Petrol,Up-65,Manual,Sedan,490000,Honda,City,Unknown
7496,2021.0,80323,1,Petrol,Dl-10,Manual,Sedan,564000,Maruti,Ciaz,Unknown
7497,2018.0,53576,1,Petrol,Ka-01,Automatic,Hatchback,663000,Hyundai,Grand I10,Unknown
7498,2017.0,32152,1,Petrol,Ts-08,Automatic,Sedan,736000,Hyundai,Verna,Unknown
7499,2019.0,52478,1,Petrol,Tn-70,Automatic,Sedan,1630000,Honda,City,Unknown
7500,2021.0,6845,1,Petrol,Tn-12,Manual,Suv,1039000,Hyundai,Venue,Unknown
7501,2021.0,9003,1,Petrol,Mh-12,Automatic,Suv,790000,Renault,Triber,Unknown
7502,2018.0,37107,2,Petrol,Hr-51,Manual,Hatchback,342000,Maruti,Alto K10,Unknown
7503,2021.0,24354,1,Petrol,Tn-31,Automatic,Suv,839000,Tata,Punch,Unknown
7504,2020.0,39723,1,Petrol,Br-01,Manual,Hatchback,649000,Maruti,Baleno,Unknown
7505,2017.0,56662,1,Petrol,Mh-04,Manual,Hatchback,494000,Maruti,Swift,Unknown
7506,2019.0,29410,1,Petrol,Dl-3C,Automatic,Sedan,1011000,Maruti,Ciaz,Unknown
7507,2016.0,37220,1,Petrol,Ka-51,Automatic,Sedan,832000,Maruti,Ciaz,Unknown
7508,2017.0,30338,2,Petrol,Gj-03,Manual,Hatchback,401000,Maruti,Wagon R 1.0,Unknown
7509,2021.0,52256,1,Cng,Up-70,Manual,Hatchback,581000,Maruti,New Wagon-R,Unknown
7510,2016.0,97062,2,Diesel,Mp-09,Manual,Hatchback,454000,Maruti,Swift,Unknown
7511,2021.0,32324,1,Diesel,Pb-10,Manual,Suv,951000,Tata,Nexon,Unknown
7512,2021.0,42954,1,Petrol,Ka-52,Manual,Hatchback,488000,Maruti,S Presso,Unknown
7513,2016.0,26922,2,Petrol,Ts-08,Automatic,Hatchback,433000,Maruti,Celerio,Unknown
7514,2018.0,20034,1,Petrol,Ts-09,Manual,Hatchback,562000,Maruti,Ignis,Unknown
7515,2020.0,48553,1,Petrol,Ka-01,Manual,Suv,1084000,Hyundai,Venue,Unknown
7516,2016.0,40756,1,Petrol,Up-16,Manual,Hatchback,612000,Hyundai,Elite I20,Unknown
7517,2016.0,87544,2,Petrol,Hr-26,Automatic,Sedan,741000,Maruti,Ciaz,Unknown
7518,2018.0,56156,1,Petrol,Ch-01,Manual,Hatchback,355000,Maruti,Alto K10,Unknown
7519,2017.0,30879,1,Petrol,Mh-03,Automatic,Hatchback,364000,Renault,Kwid,Unknown
7520,2013.0,83078,2,Diesel,Hr-03,Manual,Suv,411000,Mahindra,Bolero,Unknown
7521,2018.0,86349,1,Diesel,Dl-10,Manual,Suv,569000,Ford,Freestyle,Unknown
7522,2021.0,16726,1,Petrol,Ts-09,Manual,Sedan,1219000,Hyundai,Aura,Unknown
7523,2019.0,63190,1,Petrol,Up-32,Manual,Hatchback,431000,Tata,Tiago,Unknown
7524,2016.0,58266,2,Petrol,Ts-10,Manual,Hatchback,622000,Hyundai,Elite I20,Unknown
7525,2014.0,49198,1,Petrol,Hr-05,Manual,Hatchback,257000,Maruti,Alto K10,Unknown
7526,2020.0,38241,1,Petrol,Dl-1C,Manual,Hatchback,689650,Hyundai,Elite I20,Unknown
7527,2019.0,37419,1,Petrol,Tn-14,Manual,Hatchback,533000,Tata,Tiago,Unknown
7528,2016.0,75389,1,Diesel,Ts-08,Automatic,Sedan,813200,Hyundai,Verna,Unknown
7529,2014.0,36765,1,Petrol,Mh-12,Manual,Hatchback,272000,Hyundai,Eon,Unknown
7530,2016.0,48079,2,Petrol,Ka-01,Automatic,Sedan,801000,Volkswagen,Vento,Unknown
7531,2016.0,57891,2,Petrol,Ts-08,Manual,Hatchback,397000,Hyundai,I10,Unknown
7532,2019.0,91629,1,Petrol,Tn-12,Manual,Sedan,521000,Maruti,Dzire,Unknown
7533,2016.0,103614,1,Petrol,Unknown,Manual,Suv,286000,Mahindra,Kuv100,Unknown
7534,2017.0,41089,3,Petrol,Ka-19,Manual,Hatchback,522000,Maruti,Ignis,Unknown
7535,2017.0,23851,1,Petrol,Br-01,Manual,Hatchback,416000,Hyundai,Grand I10,Unknown
7536,2015.0,82969,2,Petrol,Dl-9C,Automatic,Hatchback,352000,Maruti,Celerio,Unknown
7537,2015.0,26677,1,Petrol,Dl-8C,Manual,Hatchback,311000,Maruti,Wagon R 1.0,Unknown
7538,2021.0,24385,1,Petrol,Tn-01,Manual,Sedan,564000,Skoda,Rapid,Unknown
7539,2011.0,97106,1,Petrol,Dl-4C,Manual,Sedan,511000,Hyundai,Verna,Unknown
7540,2019.0,4332,1,Petrol,Gj-01,Automatic,Sedan,1263000,Volkswagen,Vento,Unknown
7541,2011.0,63386,1,Petrol,Mh-12,Manual,Hatchback,265000,Hyundai,I10,Unknown
7542,2017.0,41247,1,Petrol,Mh-04,Automatic,Suv,776000,Ford,Ecosport,Unknown
7543,2017.0,34281,1,Petrol,Mh-12,Manual,Hatchback,523000,Maruti,Ignis,Unknown
7544,2022.0,5830,1,Petrol,Hr-98,Manual,Lux_Suv,3300000,Toyota,Fortuner,Unknown
7545,2018.0,53230,1,Petrol,Kl-41,Automatic,Sedan,880000,Honda,Amaze,Unknown
7546,2018.0,46177,1,Petrol,Tn-09,Manual,Hatchback,561000,Maruti,Ignis,Unknown
7547,2017.0,43199,1,Petrol,Mh-47,Manual,Hatchback,564000,Maruti,Baleno,Unknown
7548,2019.0,48210,1,Petrol,Tn-12,Manual,Hatchback,704000,Toyota,Glanza,Unknown
7549,2021.0,32673,1,Petrol,Mh-12,Manual,Hatchback,863000,Renault,Kiger,Unknown
7550,2021.0,11487,1,Petrol,Gj-06,Manual,Suv,989000,Kia,Sonet,Unknown
7551,2010.0,87778,1,Petrol,Kl-07,Manual,Hatchback,179000,Maruti,Wagon R,Unknown
7552,2020.0,40556,1,Petrol,Tn-91,Manual,Hatchback,723000,Hyundai,Elite I20,Unknown
7553,2013.0,44439,2,Petrol,Mh-05,Manual,Hatchback,310000,Maruti,Wagon R Stingray,Unknown
7554,2019.0,29008,2,Petrol,Up-16,Automatic,Hatchback,762000,Maruti,Baleno,Unknown
7555,2018.0,19443,1,Petrol,Up-14,Automatic,Hatchback,608000,Maruti,Baleno,Unknown
7556,2020.0,47484,2,Petrol,Hr-51,Manual,Hatchback,606000,Maruti,Baleno,Unknown
7557,2021.0,19661,1,Diesel,Ts-08,Manual,Suv,1331350,Mahindra,Marazzo,Unknown
7558,2018.0,116428,1,Petrol,Unknown,Automatic,Suv,809000,Honda,Br-V,Unknown
7559,2021.0,15897,1,Petrol,Ts-29,Manual,Hatchback,627000,Tata,Tiago,Unknown
7560,2018.0,50965,1,Diesel,Dl-10,Manual,Lux_Suv,1045000,Mahindra,Xuv500,Unknown
7561,2018.0,20578,2,Petrol,Mh-02,Automatic,Hatchback,616000,Maruti,Baleno,Unknown
7562,2010.0,77875,1,Petrol,Mh-12,Manual,Hatchback,263000,Hyundai,I20,Unknown
7563,2019.0,39957,1,Cng,Dl-12,Manual,Hatchback,531000,Hyundai,New Santro,Unknown
7564,2017.0,44199,1,Petrol,Wb-02,Manual,Sedan,717000,Hyundai,Verna,Unknown
7565,2020.0,38170,1,Petrol,Tn-33,Automatic,Hatchback,563000,Datsun,Go,Unknown
7566,2016.0,61281,1,Petrol,Tn-14,Manual,Suv,431000,Mahindra,Kuv100,Unknown
7567,2013.0,96837,1,Diesel,Ts-03,Automatic,Sedan,809000,Honda,City,Unknown
7568,2019.0,8834,1,Petrol,Dl-8C,Manual,Hatchback,554000,Maruti,New Wagon-R,Unknown
7569,2016.0,69898,1,Petrol,Ka-05,Manual,Hatchback,330000,Maruti,Alto K10,Unknown
7570,2021.0,29589,1,Petrol,Hr-29,Manual,Suv,805000,Maruti,Vitara Brezza,Unknown
7571,2019.0,110974,1,Petrol,Unknown,Manual,Sedan,451000,Honda,Amaze,Unknown
7572,2015.0,91933,1,Petrol,Ka-51,Manual,Hatchback,571000,Maruti,Swift,Unknown
7573,2021.0,29581,1,Petrol,Gj-16,Manual,Sedan,694000,Maruti,Dzire,Unknown
7574,2018.0,54907,2,Petrol,Ts-09,Manual,Hatchback,484000,Maruti,Ignis,Unknown
7575,2019.0,79087,1,Petrol,Ka-41,Automatic,Suv,987000,Hyundai,Venue,Unknown
7576,2017.0,98974,1,Petrol,Gj-01,Manual,Hatchback,526000,Maruti,Baleno,Unknown
7577,2019.0,85888,2,Diesel,Tn-14,Manual,Hatchback,682000,Maruti,Baleno,Unknown
7578,2017.0,28566,1,Petrol,Up-14,Manual,Hatchback,578000,Maruti,Baleno,Unknown
7579,2018.0,68344,2,Petrol,Dl-2C,Automatic,Sedan,856000,Honda,City,Unknown
7580,2021.0,18132,1,Petrol,Dl-3C,Manual,Suv,692000,Renault,Triber,Unknown
7581,2016.0,49716,2,Petrol,Dl-3C,Manual,Sedan,528000,Maruti,Ciaz,Unknown
7582,2015.0,31738,1,Petrol,Tn-42,Manual,Sedan,528250,Honda,Amaze,Unknown
7583,2020.0,45322,1,Petrol,Hr-02,Manual,Hatchback,514000,Volkswagen,Polo,Unknown
7584,2015.0,43349,3,Petrol,Rj-14,Manual,Hatchback,378000,Maruti,Wagon R 1.0,Unknown
7585,2018.0,64570,1,Petrol,Mh-49,Manual,Hatchback,490000,Maruti,Ignis,Unknown
7586,2020.0,38634,1,Petrol,Hr-30,Manual,Hatchback,717000,Toyota,Glanza,Unknown
7587,2016.0,64950,1,Petrol,Br-01,Manual,Hatchback,219000,Renault,Kwid,Unknown
7588,2017.0,65034,1,Petrol,Tn-22,Manual,Hatchback,559000,Maruti,Swift,Unknown
7589,2017.0,51441,1,Diesel,Tn-09,Manual,Suv,874000,Maruti,Vitara Brezza,Unknown
7590,2020.0,53508,1,Petrol,Wb-12,Manual,Hatchback,327000,Maruti,Alto,Unknown
7591,2021.0,36657,1,Petrol,Rj-45,Manual,Hatchback,669000,Hyundai,Grand I10 Nios,Unknown
7592,2014.0,33372,1,Petrol,Ka-02,Manual,Hatchback,463000,Hyundai,Grand I10,Unknown
7593,2016.0,51276,2,Petrol,Dl-8C,Manual,Hatchback,567000,Hyundai,Elite I20,Unknown
7594,2021.0,58765,1,Petrol,Hr-21,Automatic,Suv,929000,Toyota,Urban Cruiser,Unknown
7595,2018.0,20081,1,Petrol,Tn-05,Manual,Sedan,568000,Honda,City,Unknown
7596,2013.0,33119,1,Petrol,Kl-72,Manual,Hatchback,191000,Hyundai,Eon,Unknown
7597,2020.0,17622,2,Petrol,Mh-13,Manual,Sedan,1102000,Honda,City,Unknown
7598,2019.0,9443,1,Petrol,Hr-26,Manual,Hatchback,551000,Hyundai,Grand I10,Unknown
7599,2018.0,20339,1,Petrol,Tn-02,Manual,Hatchback,499000,Maruti,Celerio,Unknown
7600,2013.0,31201,1,Petrol,Mh-14,Manual,Hatchback,215000,Maruti,Alto 800,Unknown
7601,2016.0,46138,1,Petrol,Ts-07,Manual,Hatchback,418000,Tata,Tiago,Unknown
7602,2016.0,27306,1,Diesel,Hr-72,Manual,Sedan,964000,Maruti,Swift Dzire,Unknown
7603,2019.0,29251,1,Diesel,Dl-8C,Manual,Sedan,715000,Maruti,Dzire,Unknown
7604,2017.0,82756,1,Petrol,Dl-8C,Automatic,Hatchback,589000,Maruti,Baleno,Unknown
7605,2019.0,42891,1,Petrol,Gj-01,Manual,Hatchback,665000,Maruti,Baleno,Unknown
7606,2017.0,22424,1,Petrol,Dl-1C,Manual,Sedan,612000,Hyundai,Xcent,Unknown
7607,2015.0,86730,1,Petrol,Mh-09,Manual,Sedan,403000,Maruti,Swift Dzire,Unknown
7608,2021.0,95966,1,Cng,Hr-12,Manual,Hatchback,533000,Maruti,New Wagon-R,Unknown
7609,2016.0,76504,1,Petrol,Mh-01,Manual,Hatchback,540000,Honda,Jazz,Unknown
7610,2015.0,42824,1,Petrol,Gj-04,Manual,Hatchback,329000,Maruti,Wagon R 1.0,Unknown
7611,2017.0,78399,1,Petrol,Gj-05,Manual,Hatchback,479000,Hyundai,Grand I10,Unknown
7612,2017.0,39860,2,Petrol,Mh-12,Automatic,Hatchback,683000,Maruti,Baleno,Unknown
7613,2022.0,8096,1,Petrol,Ch-01,Manual,Hatchback,716000,Hyundai,New I20,Unknown
7614,2017.0,57183,1,Petrol,Mh-12,Manual,Hatchback,546000,Honda,Jazz,Unknown
7615,2020.0,28121,1,Petrol,Tn-11,Manual,Suv,985000,Maruti,S Cross,Unknown
7616,2015.0,98611,1,Diesel,Ts-07,Manual,Hatchback,567700,Hyundai,Elite I20,Unknown
7617,2018.0,63178,1,Petrol,Ts-08,Manual,Hatchback,300000,Maruti,Alto 800,Unknown
7618,2020.0,42718,1,Petrol,Ts-09,Automatic,Sedan,794000,Maruti,Ciaz,Unknown
7619,2018.0,41363,1,Petrol,Ka-05,Automatic,Hatchback,543000,Tata,Tiago,Unknown
7620,2017.0,47899,2,Petrol,Tn-05,Manual,Hatchback,587000,Maruti,Swift,Unknown
7621,2019.0,9350,1,Petrol,Mh-47,Manual,Hatchback,736000,Hyundai,Elite I20,Unknown
7622,2018.0,97644,1,Petrol,Ts-08,Manual,Hatchback,631000,Maruti,Ignis,Unknown
7623,2021.0,22423,1,Petrol,Rj-45,Manual,Hatchback,703000,Hyundai,New I20,Unknown
7624,2021.0,16264,1,Petrol,Ka-04,Manual,Hatchback,852000,Renault,Kiger,Unknown
7625,2018.0,43401,1,Petrol,Ts-18,Manual,Sedan,601000,Tata,Tigor,Unknown
7626,2020.0,40334,1,Cng,Rj-53,Manual,Hatchback,510000,Maruti,Celerio,Unknown
7627,2011.0,47816,2,Petrol,Hr-26,Manual,Hatchback,201750,Maruti,Wagon R 1.0,Unknown
7628,2014.0,55042,3,Petrol,Ka-03,Manual,Hatchback,263000,Hyundai,Eon,Unknown
7629,2020.0,21627,1,Petrol,Hr-87,Manual,Hatchback,732000,Toyota,Glanza,Unknown
7630,2015.0,88737,1,Petrol,Hr-26,Manual,Hatchback,365000,Maruti,Swift,Unknown
7631,2019.0,31085,1,Petrol,Rj-02,Manual,Suv,519750,Renault,Triber,Unknown
7632,2019.0,25486,2,Petrol,Dl-8C,Manual,Hatchback,382000,Maruti,Alto,Unknown
7633,2017.0,43880,2,Petrol,Up-14,Manual,Hatchback,234000,Renault,Kwid,Unknown
7634,2017.0,63157,2,Petrol,Up-32,Automatic,Sedan,785000,Honda,City,Unknown
7635,2013.0,91618,2,Petrol,Wb-02,Manual,Sedan,362000,Skoda,Rapid,Unknown
7636,2016.0,101471,2,Petrol,Unknown,Manual,Hatchback,268000,Renault,Kwid,Unknown
7637,2017.0,39961,1,Petrol,Hr-51,Manual,Hatchback,498000,Maruti,Baleno,Unknown
7638,2016.0,13103,1,Petrol,Mh-14,Manual,Hatchback,377000,Renault,Kwid,Unknown
7639,2017.0,34006,1,Petrol,Up-16,Manual,Hatchback,490000,Hyundai,Grand I10,Unknown
7640,2020.0,10423,1,Petrol,Tn-12,Manual,Hatchback,392000,Maruti,Alto,Unknown
7641,2018.0,41245,2,Petrol,Mh-04,Manual,Hatchback,579000,Hyundai,Elite I20,Unknown
7642,2017.0,29937,2,Petrol,Dl-7C,Manual,Hatchback,582000,Hyundai,Elite I20,Unknown
7643,2018.0,17570,1,Petrol,Kl-07,Manual,Hatchback,443000,Hyundai,New Santro,Unknown
7644,2018.0,40534,2,Petrol,Ts-07,Automatic,Hatchback,567000,Tata,Tiago,Unknown
7645,2012.0,50971,1,Petrol,Hr-51,Manual,Sedan,554000,Honda,City,Unknown
7646,2016.0,91242,2,Diesel,Ch-01,Manual,Lux_Suv,688000,Mahindra,Xuv500,Unknown
7647,2020.0,49984,1,Cng,Ts-08,Manual,Hatchback,611000,Maruti,Celerio,Unknown
7648,2020.0,28342,2,Petrol,Kl-02,Manual,Hatchback,645000,Hyundai,Elite I20,Unknown
7649,2019.0,50923,1,Petrol,Rj-45,Manual,Suv,756000,Honda,Wr-V,Unknown
7650,2010.0,64623,2,Petrol,Mh-02,Automatic,Sedan,348000,Volkswagen,Vento,Unknown
7651,2014.0,24103,1,Petrol,Dl-8C,Manual,Sedan,603000,Hyundai,Xcent,Unknown
7652,2018.0,48394,1,Diesel,Tn-11,Manual,Suv,752000,Honda,Wr-V,Unknown
7653,2020.0,6133,1,Petrol,Gj-03,Manual,Suv,911000,Maruti,S Cross,Unknown
7654,2019.0,10064,2,Petrol,Mh-03,Automatic,Hatchback,758000,Hyundai,Elite I20,Unknown
7655,2017.0,21520,1,Petrol,Gj-06,Manual,Hatchback,512000,Hyundai,Grand I10,Unknown
7656,2019.0,3315,2,Petrol,Ka-51,Manual,Hatchback,389000,Maruti,Alto,Unknown
7657,2013.0,63020,1,Diesel,Mh-08,Manual,Sedan,670000,Toyota,Etios,Unknown
7658,2012.0,95778,3,Cng,Gj-05,Manual,Hatchback,212000,Maruti,Wagon R 1.0,Unknown
7659,2021.0,42950,1,Petrol,Mh-14,Manual,Hatchback,676000,Maruti,Ignis,Unknown
7660,2016.0,96841,1,Diesel,Up-16,Manual,Suv,473000,Ford,Ecosport,Unknown
7661,2021.0,12452,1,Petrol,Hr-51,Automatic,Suv,1417000,Mahindra,Thar,Unknown
7662,2017.0,59930,2,Petrol,Ka-01,Manual,Suv,777000,Honda,Wr-V,Unknown
7663,2017.0,53873,1,Diesel,Ts-07,Automatic,Sedan,781000,Maruti,Dzire,Unknown
7664,2018.0,40965,1,Petrol,Wb-02,Manual,Hatchback,512000,Hyundai,Elite I20,Unknown
7665,2016.0,28423,1,Petrol,Dl-5C,Manual,Hatchback,455000,Hyundai,Grand I10,Unknown
7666,2017.0,36810,1,Petrol,Ka-09,Automatic,Hatchback,482000,Maruti,Celerio,Unknown
7667,2015.0,42994,1,Petrol,Mh-02,Automatic,Hatchback,366000,Maruti,Celerio,Unknown
7668,2016.0,70547,1,Petrol,Gj-03,Automatic,Sedan,706000,Honda,City,Unknown
7669,2020.0,20796,1,Petrol,Wb-24,Manual,Hatchback,434000,Maruti,Celerio X,Unknown
7670,2015.0,44787,1,Petrol,Ka-05,Manual,Hatchback,284000,Maruti,Alto 800,Unknown
7671,2012.0,97763,2,Petrol,Ka-01,Manual,Hatchback,425000,Maruti,Swift,Unknown
7672,2021.0,7327,1,Petrol,Dl-14,Manual,Hatchback,892000,Renault,Kiger,Unknown
7673,2012.0,60611,2,Petrol,Ap-29,Manual,Hatchback,326000,Honda,Brio,Unknown
7674,2015.0,42121,2,Petrol,Ka-01,Manual,Hatchback,306000,Hyundai,Eon,Unknown
7675,2017.0,24530,1,Petrol,Ts-07,Automatic,Hatchback,390000,Renault,Kwid,Unknown
7676,2018.0,49848,1,Petrol,Gj-01,Manual,Hatchback,573000,Maruti,Swift,Unknown
7677,2015.0,84897,1,Petrol,Rj-14,Manual,Hatchback,374000,Maruti,Wagon R 1.0,Unknown
7678,2014.0,40064,1,Petrol,Mh-01,Manual,Hatchback,433000,Maruti,Swift,Unknown
7679,2022.0,17325,1,Petrol,Hr-16,Manual,Hatchback,721000,Hyundai,New I20,Unknown
7680,2016.0,39115,1,Petrol,Kl-01,Manual,Hatchback,528000,Maruti,Swift,Unknown
7681,2019.0,62135,1,Petrol,Mh-31,Manual,Hatchback,495000,Hyundai,New Santro,Unknown
7682,2016.0,57344,1,Petrol,Mh-08,Manual,Hatchback,287000,Renault,Kwid,Unknown
7683,2013.0,81873,2,Petrol,Ap-09,Manual,Hatchback,321000,Hyundai,I10,Unknown
7684,2014.0,58358,1,Petrol,Ka-19,Manual,Hatchback,499000,Maruti,Swift,Unknown
7685,2017.0,49678,2,Diesel,Ka-05,Manual,Suv,746000,Mahindra,Tuv300,Unknown
7686,2016.0,46671,1,Petrol,Gj-10,Manual,Hatchback,253000,Maruti,Alto 800,Unknown
7687,2019.0,41610,1,Petrol,Ch-01,Automatic,Suv,1174000,Kia,Seltos,Unknown
7688,2018.0,59126,1,Petrol,Ts-08,Manual,Hatchback,697000,Maruti,Baleno,Unknown
7689,2016.0,91603,2,Petrol,Ts-08,Manual,Hatchback,294000,Maruti,Alto 800,Unknown
7690,2018.0,22450,1,Petrol,Up-32,Manual,Hatchback,516000,Hyundai,Grand I10,Unknown
7691,2010.0,85954,2,Petrol,Mh-02,Manual,Lux_Sedan,233600,Toyota,Corolla Altis,Unknown
7692,2020.0,16722,1,Petrol,Dl-8C,Manual,Hatchback,319000,Maruti,Alto,Unknown
7693,2016.0,40335,1,Petrol,Ka-51,Manual,Hatchback,650000,Hyundai,Elite I20,Unknown
7694,2020.0,60328,2,Petrol,Tn-74,Manual,Suv,1101000,Hyundai,Creta,Unknown
7695,2016.0,46195,2,Petrol,Ka-02,Manual,Hatchback,544000,Maruti,Swift,Unknown
7696,2018.0,46631,1,Petrol,Ka-11,Manual,Sedan,754000,Hyundai,Verna,Unknown
7697,2020.0,30191,1,Petrol,Mh-14,Manual,Suv,1034000,Renault,Duster,Unknown
7698,2018.0,70921,2,Diesel,Gj-01,Manual,Suv,787000,Maruti,Vitara Brezza,Unknown
7699,2017.0,33221,1,Petrol,Ka-50,Manual,Hatchback,462000,Maruti,Celerio,Unknown
7700,2014.0,40698,2,Cng,Mh-02,Manual,Hatchback,316650,Maruti,Wagon R 1.0,Unknown
7701,2017.0,38846,1,Petrol,Kl-27,Automatic,Sedan,680000,Maruti,Dzire,Unknown
7702,2016.0,44583,2,Petrol,Tn-85,Manual,Hatchback,345000,Hyundai,Eon,Unknown
7703,2017.0,9743,1,Petrol,Up-14,Manual,Hatchback,266000,Datsun,Redi Go,Unknown
7704,2019.0,57216,1,Petrol,Kl-55,Manual,Hatchback,318000,Maruti,Alto 800,Unknown
7705,2022.0,45237,2,Petrol,Ka-04,Manual,Sedan,440000,Tata,Tigor,Unknown
7706,2015.0,82375,2,Petrol,Dl-1C,Manual,Hatchback,363000,Hyundai,Grand I10,Unknown
7707,2014.0,68119,2,Petrol,Mh-05,Manual,Hatchback,315000,Maruti,Wagon R 1.0,Unknown
7708,2018.0,69542,3,Petrol,Mh-01,Manual,Sedan,497000,Honda,City,Unknown
7709,2016.0,54586,1,Petrol,Mh-12,Automatic,Hatchback,591000,Hyundai,Grand I10,Unknown
7710,2021.0,77648,1,Diesel,Ka-06,Manual,Hatchback,884000,Hyundai,New I20,Unknown
7711,2013.0,97451,1,Petrol,Ka-03,Manual,Sedan,517000,Hyundai,Verna,Unknown
7712,2019.0,47844,2,Petrol,Ts-07,Automatic,Hatchback,527000,Maruti,Ignis,Unknown
7713,2018.0,55479,1,Petrol,Mh-16,Manual,Hatchback,318000,Maruti,Alto 800,Unknown
7714,2020.0,63783,1,Petrol,Mp-13,Manual,Hatchback,445000,Hyundai,New Santro,Unknown
7715,2019.0,27275,2,Petrol,Mp-09,Automatic,Hatchback,528000,Hyundai,New Santro,Unknown
7716,2013.0,69069,2,Diesel,Ap-28,Manual,Hatchback,468000,Maruti,Swift,Unknown
7717,2018.0,37455,1,Petrol,Up-78,Automatic,Sedan,594000,Honda,Amaze,Unknown
7718,2014.0,64384,2,Diesel,Ka-01,Manual,Suv,738000,Maruti,Ertiga,Unknown
7719,2016.0,41116,1,Petrol,Br-31,Manual,Hatchback,336000,Maruti,Wagon R 1.0,Unknown
7720,2015.0,41874,2,Petrol,Gj-06,Manual,Hatchback,339000,Hyundai,I10,Unknown
7721,2016.0,104996,2,Petrol,Unknown,Manual,Sedan,634000,Hyundai,Verna,Unknown
7722,2010.0,31004,1,Diesel,Mp-04,Manual,Sedan,539000,Honda,City,Unknown
7723,2013.0,87796,1,Petrol,Ka-01,Manual,Hatchback,437000,Hyundai,I20,Unknown
7724,2020.0,22101,1,Petrol,Up-32,Manual,Suv,956000,Hyundai,Venue,Unknown
7725,2019.0,51290,1,Petrol,Pb-87,Manual,Hatchback,333000,Maruti,Alto,Unknown
7726,2015.0,63143,1,Petrol,Wb-08,Manual,Hatchback,369000,Hyundai,Grand I10,Unknown
7727,2011.0,59433,2,Petrol,Hr-36,Manual,Hatchback,153000,Maruti,Alto,Unknown
7728,2021.0,7685,1,Petrol,Hr-26,Manual,Hatchback,352000,Datsun,Redi Go,Unknown
7729,2017.0,23420,1,Petrol,Rj-14,Manual,Sedan,505000,Hyundai,Xcent,Unknown
7730,2018.0,72855,1,Diesel,Tn-05,Manual,Suv,773000,Tata,Nexon,Unknown
7731,2011.0,60216,1,Petrol,Mh-14,Manual,Hatchback,324000,Maruti,Swift,Unknown
7732,2018.0,18628,1,Petrol,Dl-9C,Manual,Sedan,615000,Maruti,Ciaz,Unknown
7733,2020.0,46001,2,Petrol,Ka-51,Manual,Hatchback,580000,Maruti,Ignis,Unknown
7734,2012.0,66346,1,Petrol,Ka-03,Manual,Hatchback,465000,Maruti,Swift,Unknown
7735,2018.0,55117,2,Petrol,Dl-8C,Manual,Hatchback,508000,Hyundai,Elite I20,Unknown
7736,2022.0,9649,1,Petrol,Mh-41,Manual,Hatchback,688000,Maruti,Celerio,Unknown
7737,2021.0,29235,1,Petrol,Gj-27,Manual,Hatchback,473000,Maruti,S Presso,Unknown
7738,2022.0,19410,1,Petrol,Mh-32,Manual,Hatchback,466000,Renault,Kwid,Unknown
7739,2014.0,64312,1,Petrol,Ka-01,Manual,Hatchback,423000,Honda,Brio,Unknown
7740,2018.0,53237,1,Petrol,Hr-85,Manual,Hatchback,337000,Maruti,Alto K10,Unknown
7741,2018.0,26047,2,Petrol,Ch-01,Manual,Hatchback,307000,Maruti,Alto 800,Unknown
7742,2019.0,84927,1,Diesel,Gj-01,Automatic,Lux_Suv,1718000,Jeep,Compass,Unknown
7743,2016.0,62648,1,Petrol,Ts-07,Manual,Hatchback,506000,Maruti,Swift,Unknown
7744,2013.0,54782,1,Petrol,Ka-05,Manual,Hatchback,406000,Maruti,Ritz,Unknown
7745,2018.0,47142,1,Petrol,Rj-14,Manual,Hatchback,582000,Maruti,Swift,Unknown
7746,2016.0,37235,2,Petrol,Tn-66,Manual,Hatchback,331000,Renault,Kwid,Unknown
7747,2010.0,90448,2,Petrol,Ka-51,Manual,Hatchback,337000,Honda,Jazz,Unknown
7748,2014.0,70331,2,Diesel,Ka-01,Automatic,Sedan,700000,Honda,City,Unknown
7749,2020.0,22143,1,Petrol,Hr-26,Manual,Hatchback,740000,Tata,Altroz,Unknown
7750,2017.0,86605,1,Petrol,Gj-27,Manual,Suv,693000,Honda,Wr-V,Unknown
7751,2011.0,48489,1,Petrol,Dl-2C,Manual,Sedan,270000,Toyota,Etios,Unknown
7752,2018.0,25683,1,Cng,Mh-47,Manual,Hatchback,478000,Maruti,Celerio,Unknown
7753,2018.0,83672,1,Diesel,Gj-03,Manual,Sedan,663000,Hyundai,Verna,Unknown
7754,2020.0,21826,1,Petrol,Hr-51,Manual,Hatchback,549000,Maruti,Swift,Unknown
7755,2020.0,16792,1,Petrol,Dl-12,Manual,Hatchback,645000,Hyundai,Grand I10 Nios,Unknown
7756,2022.0,3348,1,Petrol,Tn-10,Manual,Suv,810000,Tata,Punch,Unknown
7757,2016.0,38082,2,Petrol,Ts-10,Automatic,Hatchback,461000,Maruti,Celerio,Unknown
7758,2016.0,36594,1,Petrol,Dl-2C,Manual,Hatchback,499000,Maruti,Baleno,Unknown
7759,2011.0,82091,3,Petrol,Mh-12,Manual,Hatchback,305000,Maruti,Swift,Unknown
7760,2017.0,48993,1,Petrol,Pb-08,Manual,Hatchback,311000,Hyundai,Eon,Unknown
7761,2018.0,37365,1,Petrol,Hr-26,Manual,Hatchback,516000,Hyundai,Grand I10,Unknown
7762,2017.0,79456,1,Petrol,Ka-05,Manual,Hatchback,639000,Maruti,Baleno,Unknown
7763,2017.0,94127,1,Diesel,Ka-02,Manual,Suv,919000,Maruti,Vitara Brezza,Unknown
7764,2018.0,18486,1,Petrol,Dl-6C,Manual,Hatchback,311000,Maruti,Alto 800,Unknown
7765,2015.0,51865,2,Petrol,Gj-27,Manual,Hatchback,550000,Hyundai,Elite I20,Unknown
7766,2011.0,47640,2,Petrol,Br-01,Manual,Hatchback,205000,Maruti,Wagon R 1.0,Unknown
7767,2016.0,79736,1,Petrol,Up-14,Manual,Hatchback,446000,Hyundai,Grand I10,Unknown
7768,2021.0,16415,1,Petrol,Up-32,Manual,Hatchback,338000,Maruti,Alto,Unknown
7769,2013.0,64551,1,Petrol,Gj-21,Manual,Hatchback,309000,Honda,Brio,Unknown
7770,2016.0,90773,2,Petrol,Ka-05,Manual,Hatchback,607000,Honda,Jazz,Unknown
7771,2019.0,53515,1,Petrol,Gj-01,Automatic,Hatchback,569000,Hyundai,New Santro,Unknown
7772,2015.0,20478,1,Petrol,Tn-12,Manual,Sedan,807000,Honda,City,Unknown
7773,2011.0,52946,2,Petrol,Kl-08,Manual,Hatchback,199650,Maruti,Alto K10,Unknown
7774,2017.0,60442,2,Petrol,Ka-05,Manual,Hatchback,571000,Honda,Jazz,Unknown
7775,2020.0,33861,1,Petrol,Br-01,Manual,Suv,965000,Maruti,S Cross,Unknown
7776,2021.0,41054,1,Cng,Ka-51,Manual,Hatchback,601000,Hyundai,New Santro,Unknown
7777,2015.0,42280,2,Petrol,Ka-01,Manual,Hatchback,474000,Hyundai,Grand I10,Unknown
7778,2018.0,101696,2,Diesel,Dl-11,Manual,Hatchback,606000,Maruti,Baleno,Unknown
7779,2018.0,17550,1,Petrol,Mh-12,Manual,Hatchback,369000,Hyundai,Eon,Unknown
7780,2020.0,65078,1,Petrol,Ka-53,Manual,Sedan,692000,Maruti,Dzire,Unknown
7781,2018.0,20539,1,Petrol,Tn-06,Manual,Hatchback,346000,Maruti,Alto 800,Unknown
7782,2017.0,83980,1,Petrol,Ts-08,Automatic,Hatchback,443000,Maruti,Wagon R 1.0,Unknown
7783,2015.0,92025,1,Cng,Hr-51,Automatic,Hatchback,312000,Maruti,Wagon R 1.0,Unknown
7784,2016.0,43672,1,Petrol,Ka-03,Manual,Suv,998000,Hyundai,Creta,Unknown
7785,2019.0,38572,1,Cng,Hr-87,Manual,Hatchback,537000,Maruti,Swift,Unknown
7786,2017.0,58135,2,Petrol,Mh-06,Manual,Hatchback,555000,Hyundai,Elite I20,Unknown
7787,2017.0,18649,1,Petrol,Ka-05,Manual,Hatchback,640000,Maruti,Ignis,Unknown
7788,2017.0,47741,1,Diesel,Hr-10,Manual,Sedan,1007000,Honda,City,Unknown
7789,2021.0,47289,2,Petrol,Pb-37,Manual,Suv,687000,Nissan,Magnite,Unknown
7790,2019.0,16859,1,Petrol,Dl-4C,Manual,Suv,844000,Honda,Wr-V,Unknown
7791,2019.0,46925,2,Petrol,Gj-10,Manual,Hatchback,524000,Maruti,New Wagon-R,Unknown
7792,2013.0,92642,1,Diesel,Mh-01,Manual,Suv,462000,Nissan,Terrano,Unknown
7793,2017.0,29839,2,Diesel,Mh-02,Automatic,Sedan,604000,Nissan,Sunny,Unknown
7794,2010.0,47412,3,Petrol,Mh-31,Manual,Hatchback,186000,Hyundai,I10,Unknown
7795,2017.0,51759,1,Petrol,Rj-14,Manual,Hatchback,279000,Maruti,Alto 800,Unknown
7796,2015.0,31614,1,Petrol,Ka-03,Manual,Hatchback,518000,Hyundai,Grand I10,Unknown
7797,2016.0,47875,1,Petrol,Ts-09,Manual,Hatchback,627000,Hyundai,Elite I20,Unknown
7798,2014.0,97491,2,Diesel,Hr-30,Manual,Suv,329000,Renault,Duster,Unknown
7799,2016.0,8601,1,Petrol,Ka-42,Automatic,Sedan,1013750,Volkswagen,Ameo,Unknown
7800,2014.0,115516,1,Diesel,Up-14,Manual,Sedan,450000,Maruti,Swift Dzire,Unknown
7801,2017.0,83566,1,Diesel,Pb-10,Manual,Suv,716000,Maruti,Vitara Brezza,Unknown
7802,2022.0,37823,1,Diesel,Gj-01,Automatic,Suv,2238000,Toyota,Innova Crysta,Unknown
7803,2016.0,62548,1,Petrol,Mh-04,Manual,Sedan,324000,Honda,City,Unknown
7804,2020.0,12862,1,Petrol,Mh-09,Manual,Hatchback,548000,Hyundai,New Santro,Unknown
7805,2014.0,125412,1,Petrol,Unknown,Manual,Hatchback,347000,Hyundai,Grand I10,Unknown
7806,2021.0,16108,1,Petrol,Gj-05,Automatic,Hatchback,799000,Maruti,Baleno,Unknown
7807,2019.0,47411,1,Petrol,Hr-26,Manual,Suv,823400,Hyundai,Venue,Unknown
7808,2020.0,47417,1,Cng,Mh-14,Manual,Hatchback,440000,Maruti,S Presso,Unknown
7809,2018.0,56074,1,Diesel,Pb-91,Manual,Hatchback,741000,Hyundai,Elite I20,Unknown
7810,2018.0,14660,1,Diesel,Ka-04,Automatic,Sedan,1615000,Maruti,Dzire,Unknown
7811,2019.0,84133,1,Petrol,Mh-12,Manual,Hatchback,499000,Tata,Tiago Nrg,Unknown
7812,2018.0,76839,1,Petrol,Tn-22,Manual,Hatchback,702000,Hyundai,Elite I20,Unknown
7813,2015.0,25454,2,Petrol,Kl-01,Manual,Hatchback,281000,Maruti,Alto 800,Unknown
7814,2019.0,84447,1,Cng,Gj-18,Manual,Hatchback,418000,Maruti,Alto,Unknown
7815,2014.0,58687,1,Petrol,Dl-3C,Manual,Hatchback,337000,Honda,Brio,Unknown
7816,2013.0,92587,1,Cng,Hr-79,Manual,Hatchback,280000,Maruti,Wagon R 1.0,Unknown
7817,2020.0,16841,1,Petrol,Mh-01,Automatic,Sedan,1012000,Tata,Tigor,Unknown
7818,2014.0,83937,1,Petrol,Mp-09,Manual,Hatchback,233000,Maruti,Alto 800,Unknown
7819,2018.0,52704,2,Petrol,Ts-07,Automatic,Hatchback,632000,Hyundai,Grand I10,Unknown
7820,2021.0,6205,1,Diesel,Up-14,Automatic,Suv,2683000,Toyota,Innova Crysta,Unknown
7821,2016.0,86166,1,Diesel,Tn-11,Manual,Hatchback,637000,Maruti,Swift,Unknown
7822,2011.0,75879,2,Diesel,Ka-04,Manual,Hatchback,371000,Maruti,Ritz,Unknown
7823,2020.0,22328,2,Petrol,Up-15,Manual,Sedan,681000,Maruti,Dzire,Unknown
7824,2018.0,41998,1,Petrol,Ka-01,Automatic,Sedan,675000,Maruti,Ciaz,Unknown
7825,2016.0,86236,1,Petrol,Mp-09,Manual,Sedan,564000,Maruti,Swift Dzire,Unknown
7826,2016.0,55901,2,Petrol,Mh-12,Automatic,Hatchback,436000,Maruti,Wagon R 1.0,Unknown
7827,2018.0,99007,2,Diesel,Ts-11,Automatic,Hatchback,721000,Maruti,Swift,Unknown
7828,2019.0,33912,3,Petrol,Ka-04,Manual,Sedan,465000,Hyundai,Verna,Unknown
7829,2011.0,6817,1,Petrol,Ka-05,Automatic,Sedan,1589000,Toyota,Etios,Unknown
7830,2017.0,49877,1,Petrol,Gj-01,Manual,Hatchback,543000,Maruti,Baleno,Unknown
7831,2015.0,80513,1,Petrol,Dl-8C,Manual,Hatchback,368000,Hyundai,Grand I10,Unknown
7832,2020.0,39240,2,Petrol,Hr-26,Manual,Sedan,568000,Hyundai,Verna,Unknown
7833,2018.0,80128,1,Petrol,Kl-17,Manual,Hatchback,282000,Renault,Kwid,Unknown
7834,2015.0,91861,1,Diesel,Hr-36,Manual,Hatchback,491000,Hyundai,Elite I20,Unknown
7835,2016.0,31300,1,Petrol,Mh-46,Manual,Hatchback,469000,Hyundai,Grand I10,Unknown
7836,2021.0,74704,1,Petrol,Tn-11,Manual,Hatchback,613000,Maruti,Swift,Unknown
7837,2017.0,89353,1,Diesel,Up-14,Manual,Suv,533000,Maruti,Vitara Brezza,Unknown
7838,2016.0,40102,1,Petrol,Mh-48,Manual,Hatchback,528000,Hyundai,Grand I10,Unknown
7839,2021.0,15606,2,Petrol,Ts-07,Automatic,Hatchback,785000,Tata,Tiago,Unknown
7840,2021.0,27153,1,Diesel,Gj-27,Manual,Suv,1611000,Mahindra,Scorpio,Unknown
7841,2018.0,48340,1,Petrol,Up-32,Manual,Hatchback,598000,Hyundai,Elite I20,Unknown
7842,2016.0,44696,1,Petrol,Wb-08,Automatic,Hatchback,354000,Maruti,Celerio,Unknown
7843,2022.0,26457,1,Petrol,Tn-05,Manual,Suv,761000,Renault,Triber,Unknown
7844,2018.0,34159,2,Petrol,Rj-45,Manual,Hatchback,303000,Renault,Kwid,Unknown
7845,2015.0,93172,1,Petrol,Dl-1C,Automatic,Hatchback,385000,Maruti,Celerio,Unknown
7846,2012.0,26069,1,Petrol,Mh-12,Manual,Hatchback,290000,Hyundai,I10,Unknown
7847,2021.0,45221,1,Petrol,Up-14,Manual,Sedan,641000,Honda,City,Unknown
7848,2016.0,43040,1,Petrol,Rj-14,Manual,Hatchback,281000,Renault,Kwid,Unknown
7849,2018.0,37640,1,Diesel,Hr-51,Manual,Sedan,946000,Honda,Amaze,Unknown
7850,2019.0,78183,1,Petrol,Dl-1C,Manual,Hatchback,620250,Hyundai,Elite I20,Unknown
7851,2020.0,53736,1,Petrol,Pb-46,Manual,Sedan,640000,Maruti,Ciaz,Unknown
7852,2020.0,52138,1,Diesel,Ka-19,Automatic,Suv,1227000,Kia,Sonet,Unknown
7853,2017.0,54018,1,Petrol,Wb-26,Manual,Suv,544000,Honda,Wr-V,Unknown
7854,2017.0,65549,1,Petrol,Dl-9C,Automatic,Sedan,710000,Volkswagen,Ameo,Unknown
7855,2021.0,58177,1,Diesel,Ts-08,Manual,Suv,1155000,Hyundai,Venue,Unknown
7856,2012.0,77312,2,Petrol,Mh-12,Manual,Hatchback,181000,Maruti,Alto K10,Unknown
7857,2012.0,70523,2,Cng,Mh-05,Manual,Hatchback,304000,Maruti,Wagon R 1.0,Unknown
7858,2018.0,79845,2,Diesel,Mh-04,Manual,Sedan,364000,Maruti,Dzire,Unknown
7859,2017.0,67481,2,Petrol,Ka-03,Automatic,Suv,726000,Ford,Ecosport,Unknown
7860,2018.0,27428,1,Petrol,Mh-47,Manual,Sedan,483000,Hyundai,Verna,Unknown
7861,2018.0,48725,1,Petrol,Ts-07,Automatic,Hatchback,650800,Maruti,Swift,Unknown
7862,2012.0,104554,3,Cng,Mh-03,Manual,Hatchback,223000,Maruti,Wagon R 1.0,Unknown
7863,2016.0,41682,1,Petrol,Ka-01,Automatic,Hatchback,548000,Hyundai,Grand I10,Unknown
7864,2016.0,61392,1,Petrol,Mh-01,Manual,Sedan,566000,Maruti,Ciaz,Unknown
7865,2014.0,38783,1,Petrol,Ka-03,Manual,Hatchback,460000,Hyundai,Grand I10,Unknown
7866,2011.0,81673,1,Petrol,Hr-51,Manual,Hatchback,218000,Maruti,Swift,Unknown
7867,2011.0,103910,2,Petrol,Unknown,Manual,Hatchback,179000,Maruti,Zen Estilo,Unknown
7868,2013.0,30426,1,Petrol,Ka-03,Manual,Hatchback,510000,Maruti,Swift,Unknown
7869,2015.0,45275,1,Petrol,Wb-02,Manual,Sedan,489000,Hyundai,Verna,Unknown
7870,2017.0,39006,2,Petrol,Pb-10,Manual,Hatchback,316000,Maruti,Alto 800,Unknown
7871,2014.0,82821,1,Petrol,Gj-27,Manual,Hatchback,326000,Maruti,Celerio,Unknown
7872,2019.0,60750,1,Petrol,Gj-04,Manual,Sedan,650000,Maruti,Dzire,Unknown
7873,2016.0,51086,1,Petrol,Ka-05,Automatic,Hatchback,523000,Hyundai,Grand I10,Unknown
7874,2017.0,32582,1,Petrol,Ka-04,Automatic,Hatchback,544000,Maruti,Celerio,Unknown
7875,2017.0,86439,1,Diesel,Gj-05,Manual,Suv,616000,Ford,Ecosport,Unknown
7876,2017.0,64616,1,Petrol,Dl-12,Automatic,Hatchback,572000,Maruti,Baleno,Unknown
7877,2014.0,76430,1,Petrol,Tn-06,Manual,Hatchback,505000,Maruti,Swift,Unknown
7878,2019.0,16773,1,Petrol,Dl-6C,Automatic,Hatchback,780000,Maruti,Baleno,Unknown
7879,2016.0,54358,1,Petrol,Up-32,Manual,Hatchback,469000,Maruti,Baleno,Unknown
7880,2014.0,8835,1,Petrol,Wb-02,Manual,Hatchback,226000,Maruti,Alto 800,Unknown
7881,2019.0,63297,1,Diesel,Mp-41,Manual,Hatchback,719000,Hyundai,Elite I20,Unknown
7882,2016.0,57332,1,Petrol,Ts-09,Manual,Hatchback,694000,Hyundai,Elite I20,Unknown
7883,2019.0,74173,1,Cng,Hr-87,Manual,Hatchback,526000,Maruti,New Wagon-R,Unknown
7884,2017.0,34868,1,Petrol,Tn-05,Manual,Hatchback,538000,Hyundai,Grand I10,Unknown
7885,2014.0,62029,1,Petrol,Ka-03,Manual,Hatchback,516000,Maruti,Swift,Unknown
7886,2013.0,77156,1,Petrol,Dl-10,Manual,Hatchback,249000,Toyota,Etios Liva,Unknown
7887,2017.0,90576,1,Cng,Mh-14,Manual,Hatchback,511000,Maruti,Celerio,Unknown
7888,2021.0,53136,1,Cng,Hr-26,Manual,Hatchback,612000,Maruti,New Wagon-R,Unknown
7889,2018.0,57378,1,Petrol,Gj-01,Manual,Sedan,794000,Maruti,Dzire,Unknown
7890,2014.0,84516,2,Petrol,Tn-02,Manual,Hatchback,332000,Maruti,Wagon R 1.0,Unknown
7891,2014.0,111275,1,Diesel,Tn-01,Manual,Hatchback,542000,Hyundai,Elite I20,Unknown
7892,2018.0,51291,1,Diesel,Ts-07,Manual,Suv,546000,Ford,Freestyle,Unknown
7893,2021.0,20537,2,Petrol,Gj-15,Manual,Hatchback,670000,Renault,Kiger,Unknown
7894,2016.0,31279,1,Petrol,Wb-08,Manual,Hatchback,512000,Hyundai,I20 Active,Unknown
7895,2018.0,57263,1,Diesel,Up-16,Automatic,Suv,1009000,Hyundai,Creta,Unknown
7896,2020.0,59164,1,Petrol,Dl-11,Automatic,Sedan,916000,Hyundai,Verna,Unknown
7897,2020.0,31853,1,Petrol,Hr-12,Manual,Hatchback,613000,Maruti,Baleno,Unknown
7898,2018.0,64129,1,Petrol,Wb-10,Automatic,Hatchback,357000,Maruti,Wagon R 1.0,Unknown
7899,2018.0,117803,1,Petrol,Unknown,Manual,Suv,670000,Ford,Ecosport,Unknown
7900,2012.0,44786,2,Petrol,Mh-05,Manual,Hatchback,307000,Hyundai,I20,Unknown
7901,2014.0,43733,1,Petrol,Mh-02,Manual,Hatchback,499000,Hyundai,Elite I20,Unknown
7902,2015.0,65865,1,Petrol,Ts-08,Automatic,Sedan,801000,Maruti,Swift Dzire,Unknown
7903,2016.0,33070,1,Petrol,Mh-12,Manual,Hatchback,352000,Maruti,Alto K10,Unknown
7904,2019.0,59905,2,Petrol,Tn-11,Manual,Hatchback,526000,Maruti,Baleno,Unknown
7905,2014.0,24132,1,Petrol,Mh-43,Manual,Hatchback,356000,Maruti,Wagon R 1.0,Unknown
7906,2011.0,58552,1,Petrol,Ka-05,Manual,Hatchback,246000,Maruti,Alto K10,Unknown
7907,2013.0,45087,2,Diesel,Br-01,Manual,Hatchback,277000,Maruti,Swift,Unknown
7908,2017.0,83231,1,Petrol,Hr-36,Manual,Hatchback,433200,Maruti,Swift,Unknown
7909,2019.0,68298,1,Petrol,Pb-10,Manual,Hatchback,545000,Hyundai,Grand I10,Unknown
7910,2020.0,71240,1,Petrol,Ka-03,Manual,Suv,595000,Renault,Triber,Unknown
7911,2018.0,61308,1,Petrol,Tn-11,Manual,Sedan,534000,Honda,Amaze,Unknown
7912,2021.0,9952,1,Petrol,Mh-14,Automatic,Hatchback,891000,Honda,Jazz,Unknown
7913,2016.0,50892,1,Petrol,Wb-08,Manual,Hatchback,298000,Maruti,Swift,Unknown
7914,2017.0,62997,1,Diesel,Ka-53,Manual,Suv,835000,Honda,Wr-V,Unknown
7915,2012.0,69408,3,Petrol,Ap-09,Manual,Hatchback,353000,Honda,Brio,Unknown
7916,2018.0,52810,1,Petrol,Mh-47,Manual,Sedan,861000,Honda,City,Unknown
7917,2015.0,96455,1,Petrol,Ka-02,Manual,Hatchback,483000,Hyundai,Grand I10,Unknown
7918,2019.0,54333,1,Diesel,Ts-09,Automatic,Suv,974000,Maruti,Vitara Brezza,Unknown
7919,2014.0,92739,2,Petrol,Ka-05,Manual,Hatchback,345000,Maruti,Wagon R 1.0,Unknown
7920,2021.0,25042,1,Cng,Mp-09,Manual,Hatchback,706000,Hyundai,Grand I10 Nios,Unknown
7921,2017.0,56569,1,Diesel,Mp-09,Manual,Hatchback,589000,Hyundai,Elite I20,Unknown
7922,2018.0,62659,1,Petrol,Up-32,Manual,Hatchback,291000,Maruti,Alto 800,Unknown
7923,2013.0,30188,1,Cng,Mh-03,Manual,Hatchback,347000,Maruti,Wagon R 1.0,Unknown
7924,2019.0,38693,2,Petrol,Up-32,Manual,Sedan,872000,Honda,City,Unknown
7925,2013.0,53737,1,Petrol,Mh-03,Manual,Hatchback,351000,Maruti,Ritz,Unknown
7926,2017.0,85126,2,Petrol,Ka-05,Automatic,Suv,733000,Ford,Ecosport,Unknown
7927,2014.0,73640,1,Petrol,Mh-02,Manual,Sedan,462000,Honda,City,Unknown
7928,2016.0,27556,2,Petrol,Dl-3C,Manual,Sedan,390000,Honda,Amaze,Unknown
7929,2018.0,36128,2,Petrol,Br-31,Manual,Hatchback,295000,Maruti,Alto 800,Unknown
7930,2018.0,47914,1,Petrol,Dl-14,Manual,Sedan,605000,Honda,Amaze,Unknown
7931,2012.0,55483,2,Petrol,Mh-14,Manual,Hatchback,281000,Hyundai,I10,Unknown
7932,2016.0,62832,2,Petrol,Kl-02,Manual,Hatchback,562000,Maruti,Swift,Unknown
7933,2017.0,36339,1,Petrol,Wb-02,Manual,Hatchback,263000,Maruti,Alto 800,Unknown
7934,2021.0,37176,2,Petrol,Ka-53,Manual,Sedan,723000,Maruti,Dzire,Unknown
7935,2018.0,74397,2,Petrol,Up-32,Manual,Sedan,762000,Hyundai,Verna,Unknown
7936,2021.0,15991,1,Petrol,Dl-3C,Manual,Hatchback,745000,Renault,Kiger,Unknown
7937,2022.0,13586,1,Cng,Tn-03,Manual,Hatchback,682000,Maruti,New Wagon-R,Unknown
7938,2016.0,78525,2,Petrol,Ka-52,Automatic,Sedan,694000,Maruti,Ciaz,Unknown
7939,2018.0,15832,1,Petrol,Mh-48,Manual,Hatchback,378000,Datsun,Go Plus,Unknown
7940,2015.0,80177,2,Diesel,Ts-13,Manual,Hatchback,516000,Maruti,Swift,Unknown
7941,2018.0,90193,1,Cng,Mh-14,Manual,Hatchback,482000,Maruti,Celerio,Unknown
7942,2016.0,71469,1,Petrol,Mh-01,Automatic,Hatchback,570000,Maruti,Baleno,Unknown
7943,2012.0,99813,2,Petrol,Gj-01,Manual,Hatchback,330000,Hyundai,I20,Unknown
7944,2014.0,121451,2,Petrol,Unknown,Manual,Suv,488000,Ford,Ecosport,Unknown
7945,2016.0,102665,1,Petrol,Unknown,Manual,Hatchback,243000,Renault,Kwid,Unknown
7946,2015.0,48500,2,Petrol,Mh-01,Automatic,Hatchback,440000,Hyundai,Grand I10,Unknown
7947,2015.0,53229,1,Petrol,Mh-03,Manual,Sedan,656000,Honda,City,Unknown
7948,2011.0,45413,1,Petrol,Rj-14,Manual,Hatchback,211000,Hyundai,I10,Unknown
7949,2014.0,35889,1,Petrol,Mh-01,Manual,Hatchback,306000,Maruti,Wagon R 1.0,Unknown
7950,2015.0,58769,1,Petrol,Ka-41,Manual,Hatchback,505000,Hyundai,Grand I10,Unknown
7951,2018.0,92585,1,Petrol,Ts-07,Automatic,Sedan,803000,Maruti,Ciaz,Unknown
7952,2011.0,58836,2,Petrol,Ts-11,Automatic,Hatchback,358000,Hyundai,I20,Unknown
7953,2018.0,34780,2,Petrol,Ka-04,Manual,Hatchback,547000,Hyundai,Grand I10,Unknown
7954,2016.0,77112,1,Petrol,Ka-51,Automatic,Sedan,851000,Maruti,Swift Dzire,Unknown
7955,2018.0,47627,1,Petrol,Gj-01,Manual,Suv,767000,Honda,Wr-V,Unknown
7956,2021.0,64784,1,Diesel,Mh-44,Automatic,Suv,1986000,Tata,Harrier,Unknown
7957,2015.0,123237,1,Cng,Mh-02,Manual,Suv,696000,Maruti,Ertiga,Unknown
7958,2019.0,42410,1,Petrol,Gj-06,Automatic,Sedan,1020000,Honda,City,Unknown
7959,2011.0,67524,2,Petrol,Up-70,Manual,Hatchback,176000,Maruti,Alto K10,Unknown
7960,2019.0,79997,1,Cng,Gj-27,Manual,Hatchback,555000,Maruti,New Wagon-R,Unknown
7961,2015.0,110190,1,Petrol,Unknown,Manual,Hatchback,316000,Hyundai,Grand I10,Unknown
7962,2016.0,69423,1,Petrol,Gj-01,Automatic,Sedan,660000,Honda,City,Unknown
7963,2016.0,55766,1,Petrol,Ts-08,Manual,Hatchback,632000,Hyundai,Elite I20,Unknown
7964,2014.0,90272,2,Cng,Mh-03,Manual,Hatchback,309000,Maruti,Wagon R 1.0,Unknown
7965,2014.0,54633,1,Petrol,Ts-11,Manual,Sedan,638000,Honda,Amaze,Unknown
7966,2018.0,39730,2,Cng,Mh-14,Manual,Hatchback,509000,Maruti,Celerio,Unknown
7967,2013.0,104570,1,Petrol,Unknown,Manual,Sedan,413000,Maruti,Swift Dzire,Unknown
7968,2019.0,69561,2,Cng,Gj-04,Manual,Hatchback,566000,Hyundai,Grand I10,Unknown
7969,2020.0,62693,1,Diesel,Hr-16,Manual,Suv,893000,Hyundai,Venue,Unknown
7970,2016.0,49807,1,Petrol,Tn-02,Manual,Hatchback,577000,Maruti,Baleno,Unknown
7971,2013.0,58466,1,Petrol,Ap-10,Automatic,Hatchback,385000,Hyundai,I10,Unknown
7972,2020.0,80144,1,Petrol,Tn-73,Manual,Hatchback,623000,Maruti,Swift,Unknown
7973,2010.0,46719,2,Petrol,Dl-7C,Manual,Hatchback,161000,Hyundai,I20,Unknown
7974,2016.0,65484,3,Petrol,Ka-50,Manual,Hatchback,318000,Maruti,Alto K10,Unknown
7975,2021.0,5288,1,Petrol,Mh-04,Manual,Hatchback,623000,Tata,Tiago,Unknown
7976,2020.0,64847,1,Cng,Dl-7C,Manual,Hatchback,690000,Hyundai,Grand I10 Nios,Unknown
7977,2018.0,42463,2,Petrol,Gj-01,Manual,Sedan,611000,Honda,Amaze,Unknown
7978,2019.0,43726,1,Cng,Hr-81,Manual,Hatchback,506250,Maruti,New Wagon-R,Unknown
7979,2019.0,53748,1,Petrol,Gj-01,Manual,Hatchback,504000,Hyundai,New Santro,Unknown
7980,2018.0,67553,1,Petrol,Gj-05,Manual,Hatchback,586000,Maruti,Swift,Unknown
7981,2017.0,105384,2,Petrol,Unknown,Manual,Suv,799000,Hyundai,Creta,Unknown
7982,2018.0,51566,1,Petrol,Ka-21,Manual,Hatchback,508000,Maruti,Ignis,Unknown
7983,2010.0,49115,1,Petrol,Dl-2C,Manual,Hatchback,203000,Maruti,Swift,Unknown
7984,2021.0,22319,1,Petrol,Gj-03,Manual,Hatchback,508000,Maruti,Ignis,Unknown
7985,2017.0,36200,1,Petrol,Ts-07,Manual,Hatchback,345000,Maruti,Alto 800,Unknown
7986,2013.0,68376,1,Petrol,Dl-7C,Manual,Sedan,332000,Maruti,Swift Dzire,Unknown
7987,2017.0,117467,1,Petrol,Unknown,Manual,Hatchback,338000,Maruti,Alto 800,Unknown
7988,2022.0,4196,1,Petrol,Dl-12,Automatic,Suv,794000,Renault,Triber,Unknown
7989,2018.0,81454,1,Petrol,Tn-10,Manual,Hatchback,582000,Volkswagen,Polo,Unknown
7990,2020.0,20546,2,Petrol,Ka-03,Manual,Suv,976000,Renault,Duster,Unknown
7991,2014.0,106937,1,Diesel,Ka-02,Manual,Suv,528000,Ford,Ecosport,Unknown
7992,2016.0,45721,1,Petrol,Hr-26,Automatic,Hatchback,549000,Maruti,Baleno,Unknown
7993,2016.0,41979,2,Petrol,Gj-01,Automatic,Hatchback,521000,Honda,Jazz,Unknown
7994,2017.0,80941,2,Petrol,Ka-13,Manual,Suv,721000,Honda,Wr-V,Unknown
7995,2019.0,97567,1,Cng,Gj-27,Manual,Hatchback,543000,Hyundai,Grand I10,Unknown
7996,2014.0,44140,1,Cng,Mh-04,Manual,Hatchback,328000,Maruti,Wagon R 1.0,Unknown
7997,2015.0,75037,1,Diesel,Ka-03,Automatic,Sedan,977000,Honda,City,Unknown
7998,2022.0,12216,1,Cng,Hr-26,Manual,Hatchback,506000,Maruti,S Presso,Unknown
7999,2013.0,76518,1,Cng,Up-32,Manual,Sedan,667000,Honda,Amaze,Unknown
8000,2016.0,49432,1,Petrol,Dl-3C,Automatic,Sedan,627000,Honda,City,Unknown
8001,2020.0,22438,1,Petrol,Ka-04,Manual,Hatchback,742000,Maruti,Baleno,Unknown
8002,2021.0,22644,1,Petrol,Up-32,Manual,Suv,751000,Nissan,Magnite,Unknown
8003,2018.0,69010,1,Diesel,Ka-02,Manual,Suv,1052000,Mahindra,Scorpio,Unknown
8004,2019.0,88104,1,Petrol,Dl-2C,Manual,Sedan,612000,Maruti,Dzire,Unknown
8005,2015.0,23212,1,Petrol,Ka-02,Automatic,Sedan,721000,Honda,City,Unknown
8006,2012.0,61301,2,Petrol,Gj-10,Manual,Sedan,371000,Honda,City,Unknown
8007,2021.0,11161,1,Petrol,Dl-7C,Automatic,Suv,1285000,Renault,Duster,Unknown
8008,2018.0,25316,2,Petrol,Tn-07,Manual,Hatchback,554000,Volkswagen,Polo,Unknown
8009,2018.0,88582,2,Diesel,Rj-45,Automatic,Suv,821000,Maruti,Vitara Brezza,Unknown
8010,2018.0,11500,1,Petrol,Mh-01,Manual,Hatchback,292000,Datsun,Redi Go,Unknown
8011,2018.0,73393,2,Petrol,Ka-03,Manual,Sedan,534000,Toyota,Yaris,Unknown
8012,2016.0,83810,2,Petrol,Up-78,Manual,Sedan,424000,Volkswagen,Ameo,Unknown
8013,2019.0,39162,1,Petrol,Ch-01,Automatic,Hatchback,685000,Hyundai,Grand I10 Nios,Unknown
8014,2022.0,82009,2,Petrol,Mh-02,Manual,Sedan,392000,Tata,Tigor,Unknown
